idx,sec,nanosec,t,x,y,z,qx,qy,qz,qw,vx,vy,vz,wx,wy,wz
0,1786799102,909948385,1786799102.909948,-11.600694835109797,-2.0000119971141723,0.08588785870843454,0.0,0.0,0.0,1.0,-0.0007377453800363915,8.460022137077331e-06,0.0,0.0,0.0,0.0
1,1786799102,943284352,1786799102.943284,-11.600565286231042,-2.000108597267785,0.08506335972931747,0.0,0.0,0.0,1.0,-0.0005579209080306341,8.525560533729478e-06,0.0,0.0,0.0,0.0
2,1786799103,43282041,1786799103.043282,-11.60043034862502,-2.0001064196826355,0.0804050434113193,0.0,0.0,0.0,1.0,-0.00038924654213619097,2.0107947512349223e-05,0.0,0.0,0.0,0.0
3,1786799103,109924284,1786799103.109924,-11.600350709721496,-2.0000427616029617,0.08315007533889267,0.0,0.0,0.0,1.0,-0.0002744465837736066,1.9349698011686788e-05,0.0,0.0,0.0,0.0
4,1786799103,510028745,1786799103.510029,-11.60053928793184,-2.000133437765688,0.08284472182226146,0.0,0.0,0.0,1.0,-0.0002086211161261888,6.14397061990086e-06,0.0,0.0,0.0,0.0
5,1786799103,543296418,1786799103.543296,-11.600103130803937,-2.000165167577615,0.08232548098993632,0.0,0.0,0.0,1.0,3.1527771990940146e-05,-5.456700275838431e-05,0.0,0.0,0.0,0.0
6,1786799103,843312719,1786799103.843313,-11.599602999342094,-1.9957171985114754,0.0817647164739413,0.0,0.0,0.0,1.0,0.00029977184873742745,0.0007536101452215696,0.0,0.0,0.0,0.0
7,1786799103,876686610,1786799103.876687,-11.599617307836215,-1.9958276205375087,0.0817647164739413,0.0,0.0,0.0,1.0,0.00021492412380229092,0.0005273966686375713,0.0,0.0,0.0,0.0
8,1786799104,109929200,1786799104.109929,-11.600330967858554,-1.995360310015042,0.08084612007982835,0.0,0.0,0.0,1.0,-0.0028723184447848236,0.0011021791936799204,0.0,0.0,0.0,0.0
9,1786799104,143253324,1786799104.143253,-11.599605722769253,-1.9952359481001165,0.08307786762613634,0.0,0.0,0.0,1.0,0.00077876462084309,0.0008087250282798213,0.0,0.0,0.0,0.0
10,1786799104,843256240,1786799104.843256,-11.597650787933773,-1.9936739137097246,0.08373335284527264,0.0,0.0,0.0,1.0,0.0006549924185483716,0.0008918346021545717,0.0,0.0,0.0,0.0
11,1786799105,310038149,1786799105.310038,-11.596401896862597,-1.9946756228132703,0.08425788731834154,0.0,0.0,0.0,1.0,0.0033873391242888666,-0.0018496289483306348,0.0,0.0,0.0,0.0
12,1786799105,443341521,1786799105.443341,-11.596083100051729,-1.994180468720337,0.08114592434118942,0.0,0.0,0.0,1.0,0.0012342608948969322,0.0008805731039457879,0.0,0.0,0.0,0.0
13,1786799105,576654338,1786799105.576654,-11.595935187612607,-1.994149178488622,0.08287100064207224,0.0,0.0,0.0,1.0,-0.000274131644065736,0.00016952216964010586,0.0,0.0,0.0,0.0
14,1786799105,643290993,1786799105.643291,-11.595897591560302,-1.9940451421908185,0.08239424584488031,0.0,0.0,0.0,1.0,-0.0002517491202154069,0.000158437335732427,0.0,0.0,0.0,0.0
15,1786799105,709978041,1786799105.709978,-11.595902434678903,-1.9939732668528656,0.08261490278238416,0.0,0.0,0.0,1.0,-0.0002194067115351084,0.00013967508483069685,0.0,0.0,0.0,0.0
16,1786799105,909981262,1786799105.909981,-11.595547821064702,-1.9934269968398768,0.08273473477661634,0.0,0.0,0.0,1.0,-0.0003276054745009111,0.002978154704305974,0.0,0.0,0.0,0.0
17,1786799106,176684487,1786799106.176684,-11.59515744426266,-1.9925551519008975,0.08017176766241813,0.0,0.0,0.0,1.0,-0.0002568234206560941,0.0023094991279727787,0.0,0.0,0.0,0.0
18,1786799106,209952502,1786799106.209953,-11.595174621176636,-1.9924781743493403,0.0796757599442944,0.0,0.0,0.0,1.0,-0.00020460510163400884,0.0018353207372165574,0.0,0.0,0.0,0.0
19,1786799106,243316306,1786799106.243316,-11.59489981653356,-1.9924019801501243,0.08057743787690938,0.0,0.0,0.0,1.0,-0.00014439502402419042,0.0014888884954811826,0.0,0.0,0.0,0.0
20,1786799106,276647213,1786799106.276647,-11.594887687417541,-1.9924598748703513,0.08057743787690938,0.0,0.0,0.0,1.0,-0.00011743077053592399,0.0012134711500668138,0.0,0.0,0.0,0.0
21,1786799106,309946199,1786799106.309946,-11.594763537246791,-1.992517645015077,0.08245350727313078,0.0,0.0,0.0,1.0,-8.823513732595337e-05,0.0009963863100645495,0.0,0.0,0.0,0.0
22,1786799106,643309070,1786799106.643309,-11.594370284034836,-1.992087762681991,0.08328257368012992,0.0,0.0,0.0,1.0,1.223662213090441e-05,0.000666453158464943,0.0,0.0,0.0,0.0
23,1786799106,776678377,1786799106.776678,-11.595490669365335,-1.9920061594482996,0.08094681903463155,0.0,0.0,0.0,1.0,-0.0002956675228018658,0.0004912729485280616,0.0,0.0,0.0,0.0
24,1786799106,810053997,1786799106.810054,-11.595704356214153,-1.9919832387798406,0.08180864632204976,0.0,0.0,0.0,1.0,-0.00027595404151066185,0.0003872095450809871,0.0,0.0,0.0,0.0
25,1786799106,843307604,1786799106.843307,-11.595612616537974,-1.991926433511112,0.08323243173903115,0.0,0.0,0.0,1.0,-0.00020788239158679337,0.0003103681027702801,0.0,0.0,0.0,0.0
26,1786799106,943348901,1786799106.943349,-11.596445115288002,-1.992194137143451,0.08341309869787401,0.0,0.0,0.0,1.0,-0.0014719637733089175,-0.0008063189283372755,0.0,0.0,0.0,0.0
27,1786799107,10081999,1786799107.010082,-11.596400381082157,-1.9922270044622286,0.08438522346680653,0.0,0.0,0.0,1.0,-0.0013420343735344154,-0.0007357635796575442,0.0,0.0,0.0,0.0
28,1786799107,43343827,1786799107.043344,-11.596278435099338,-1.9922785332507622,0.08472552784453405,0.0,0.0,0.0,1.0,-0.0011953484730344128,-0.0006575233616898159,0.0,0.0,0.0,0.0
29,1786799107,443349927,1786799107.443350,-11.598118101421411,-1.992624895801197,0.08419548556914001,0.0,0.0,0.0,1.0,-0.001056776095785927,-0.0003176800141177072,0.0,0.0,0.0,0.0
30,1786799107,943367278,1786799107.943367,-11.598030317699491,-1.9927946653656106,0.08236404107746727,0.0,0.0,0.0,1.0,0.0006882139317396796,-0.0005021391582930859,0.0,0.0,0.0,0.0
31,1786799108,210078826,1786799108.210079,-11.596571101091609,-1.9927222298759169,0.08344763515143844,0.0,0.0,0.0,1.0,0.0004426201361881424,0.0005287092529504825,0.0,0.0,0.0,0.0
32,1786799108,243345761,1786799108.243346,-11.596377905497377,-1.992743318406986,0.08393906128226475,0.0,0.0,0.0,1.0,0.0020542538983121675,0.00036755450383772303,0.0,0.0,0.0,0.0
33,1786799108,310040772,1786799108.310041,-11.596079418792499,-1.9927025565463714,0.08500619350578066,0.0,0.0,0.0,1.0,0.001880695603352037,0.00033691798607253065,0.0,0.0,0.0,0.0
34,1786799108,410102117,1786799108.410102,-11.59537499661861,-1.9924977003326731,0.08384889285413155,0.0,0.0,0.0,1.0,0.0015968678420562829,0.00028476973259545184,0.0,0.0,0.0,0.0
35,1786799108,443391730,1786799108.443392,-11.595287501485958,-1.992137341754504,0.08129236721722612,0.0,0.0,0.0,1.0,-0.0013564849556654032,0.00259604110832245,0.0,0.0,0.0,0.0
36,1786799108,476754256,1786799108.476754,-11.595044842001771,-1.9920535795701553,0.08129236721722612,0.0,0.0,0.0,1.0,-0.0003555928102711274,0.0022044028293620637,0.0,0.0,0.0,0.0
37,1786799108,543369695,1786799108.543370,-11.59476148676956,-1.9919478473313756,0.08412930460649315,0.0,0.0,0.0,1.0,-0.0012961798262591524,-0.0003549422989773247,0.0,0.0,0.0,0.0
38,1786799108,843393253,1786799108.843393,-11.59129725080187,-1.9913408809132211,0.08549444035034579,0.0,0.0,0.0,1.0,-0.0008565040328480211,-0.0002155658137117828,0.0,0.0,0.0,0.0
39,1786799108,943389034,1786799108.943389,-11.591322064261108,-1.9911549753564652,0.08254917503529345,0.0,0.0,0.0,1.0,-0.0011784563364570736,0.0008231593188467545,0.0,0.0,0.0,0.0
40,1786799109,10021304,1786799109.010021,-11.591713994697594,-1.99098544356306,0.08092929073755468,0.0,0.0,0.0,1.0,-0.0014624579048406082,0.00041902454406288816,0.0,0.0,0.0,0.0
41,1786799109,210005282,1786799109.210005,-11.588519299135177,-1.990263015145329,0.08183431707469596,0.0,0.0,0.0,1.0,-0.0011050390544601729,0.0003351140104521061,0.0,0.0,0.0,0.0
42,1786799109,276727955,1786799109.276728,-11.588497252145581,-1.990370874409338,0.08279763304510003,0.0,0.0,0.0,1.0,-0.0009076117621864203,0.00033804083864706755,0.0,0.0,0.0,0.0
43,1786799109,376829851,1786799109.376830,-11.588496492673292,-1.9901927720835662,0.08272929929269002,0.0,0.0,0.0,1.0,-0.0007145320272382083,0.00029274867707408187,0.0,0.0,0.0,0.0
44,1786799109,476781814,1786799109.476782,-11.589132243109473,-1.9902926962375431,0.08167437833414287,0.0,0.0,0.0,1.0,-0.000636441988821558,0.00023798025355868267,0.0,0.0,0.0,0.0
45,1786799109,610035334,1786799109.610035,-11.590108713359639,-1.991063091268194,0.08069266871004656,0.0,0.0,0.0,1.0,-0.00024790922953364376,-0.0026035669345064205,0.0,0.0,0.0,0.0
46,1786799109,843410399,1786799109.843410,-11.591874678616179,-1.992028769067397,0.08144806467923432,0.0,0.0,0.0,1.0,-0.0003240681680602294,-0.002044265522268172,0.0,0.0,0.0,0.0
47,1786799109,876759657,1786799109.876760,-11.591905558535938,-1.9918856638196691,0.08144806467923432,0.0,0.0,0.0,1.0,-0.0002628647698688793,-0.0016412280468600595,0.0,0.0,0.0,0.0
48,1786799109,976799479,1786799109.976799,-11.592133545737656,-1.992114046504026,0.08063833390943047,0.0,0.0,0.0,1.0,-0.00024350328792599994,-0.0012705509489992055,0.0,0.0,0.0,0.0
49,1786799110,10031751,1786799110.010032,-11.590794549661693,-1.9918732296024344,0.08271774434152471,0.0,0.0,0.0,1.0,-6.441528037564227e-05,-0.001040043485161847,0.0,0.0,0.0,0.0
50,1786799110,43404794,1786799110.043405,-11.590777652490553,-1.9919551522117993,0.08398801675939441,0.0,0.0,0.0,1.0,-5.080468239312196e-05,-0.0008450692976167603,0.0,0.0,0.0,0.0
51,1786799110,243584723,1786799110.243585,-11.590962903856722,-1.991824076922284,0.0837195361189301,0.0,0.0,0.0,1.0,-0.0001625193753824277,-0.0005053292845752679,0.0,0.0,0.0,0.0
52,1786799110,276729475,1786799110.276730,-11.590870241906956,-1.9918589787572833,0.0837195361189301,0.0,0.0,0.0,1.0,-0.00011397038766760548,-0.00038401356004067225,0.0,0.0,0.0,0.0
53,1786799110,510099683,1786799110.510100,-11.592413184220655,-1.9920407015590158,0.08339700936264306,0.0,0.0,0.0,1.0,-0.0004331817528282054,-0.00012789616145907252,0.0,0.0,0.0,0.0
54,1786799110,543412200,1786799110.543412,-11.592399810017493,-1.992122162689212,0.08184292684236132,0.0,0.0,0.0,1.0,-0.0003280953260988586,-9.56458595137271e-05,0.0,0.0,0.0,0.0
55,1786799110,976824166,1786799110.976824,-11.593941830175227,-1.992324402695274,0.08254539466033849,0.0,0.0,0.0,1.0,-0.0008491041344855161,2.7550574028097722e-05,0.0,0.0,0.0,0.0
56,1786799111,243434597,1786799111.243435,-11.5954312943863,-1.9925417726304955,0.08533798891567862,0.0,0.0,0.0,1.0,-0.0010060692377284871,3.0047196216829086e-05,0.0,0.0,0.0,0.0
57,1786799111,410077320,1786799111.410077,-11.595697930329381,-1.992702556950218,0.08291384046106345,0.0,0.0,0.0,1.0,-0.0007719318147751625,-5.253442124732693e-05,0.0,0.0,0.0,0.0
58,1786799111,443409768,1786799111.443410,-11.595106662995665,-1.9925741509857606,0.08489879452333415,0.0,0.0,0.0,1.0,-0.0004831071181805818,-2.0830463820172938e-05,0.0,0.0,0.0,0.0
59,1786799111,876791250,1786799111.876791,-11.593331064633112,-1.9923843987320526,0.08278419015652633,0.0,0.0,0.0,1.0,0.000133685537465381,1.0270196827933887e-05,0.0,0.0,0.0,0.0
60,1786799111,943414037,1786799111.943414,-11.592045286652295,-1.9919574676191398,0.07793021687958973,0.0,0.0,0.0,1.0,0.00040414542106523147,9.743589039057081e-05,0.0,0.0,0.0,0.0
61,1786799112,43497451,1786799112.043498,-11.59108452608709,-1.991744639305809,0.08243246953797574,0.0,0.0,0.0,1.0,0.0004339894709443949,0.0001688891485402298,0.0,0.0,0.0,0.0
62,1786799112,343436299,1786799112.343436,-11.592251790401155,-1.991670455588789,0.08470336155142959,0.0,0.0,0.0,1.0,-1.2336366036930833e-05,5.1944570945475254e-05,0.0,0.0,0.0,0.0
63,1786799112,376780362,1786799112.376780,-11.592334576010318,-1.9915546847143164,0.08629674185931638,0.0,0.0,0.0,1.0,-3.593853124969543e-05,4.5177751531452024e-05,0.0,0.0,0.0,0.0
64,1786799112,543552256,1786799112.543552,-11.594068608219448,-1.990999918642163,0.08193505551412233,0.0,0.0,0.0,1.0,-0.0019497890452390364,0.001988160074881563,0.0,0.0,0.0,0.0
65,1786799112,576726755,1786799112.576727,-11.593713773589368,-1.9911661988688767,0.08193505551412233,0.0,0.0,0.0,1.0,-0.0012881957159359093,-0.0004045808138476367,0.0,0.0,0.0,0.0
66,1786799112,610352226,1786799112.610352,-11.59357577929867,-1.9911198412206719,0.08022409577717984,0.0,0.0,0.0,1.0,-0.0015064115469042496,-0.0004532260598464352,0.0,0.0,0.0,0.0
67,1786799112,660125781,1786799112.660126,-11.593390440352723,-1.9910788719405526,0.08480234419539572,0.0,0.0,0.0,1.0,0.002049331360071811,0.0005187122911502746,0.0,0.0,0.0,0.0
68,1786799112,876752952,1786799112.876753,-11.592598104714588,-1.991168761886014,0.08264478104249685,0.0,0.0,0.0,1.0,0.0016604966708353628,0.0004174754798023048,0.0,0.0,0.0,0.0
69,1786799113,10090805,1786799113.010091,-11.59083209565869,-1.9908101876736812,0.07967731901851366,0.0,0.0,0.0,1.0,0.0013291474794573698,0.0003021302069798333,0.0,0.0,0.0,0.0
70,1786799113,43488771,1786799113.043489,-11.58878375491486,-1.9903646317878128,0.0811330298844004,0.0,0.0,0.0,1.0,0.0012102150509730905,0.0002173266421362123,0.0,0.0,0.0,0.0
71,1786799113,76783744,1786799113.076784,-11.588863873945959,-1.9907560441414178,0.0811330298844004,0.0,0.0,0.0,1.0,-0.0007972464532168884,-0.0022321019621926955,0.0,0.0,0.0,0.0
72,1786799113,110157643,1786799113.110158,-11.588617064607655,-1.9905044509010672,0.08394305488631831,0.0,0.0,0.0,1.0,0.0014088936511564842,-0.0004647549830443256,0.0,0.0,0.0,0.0
73,1786799113,143505262,1786799113.143505,-11.588091299900965,-1.9903793228234459,0.08415252707192504,0.0,0.0,0.0,1.0,0.0013299168731779592,-0.0004375524290338966,0.0,0.0,0.0,0.0
74,1786799113,243466328,1786799113.243466,-11.588103195285603,-1.990498748325353,0.08274622519147386,0.0,0.0,0.0,1.0,0.0011395778809760596,-0.0003619918142014186,0.0,0.0,0.0,0.0
75,1786799113,276831951,1786799113.276832,-11.588401204229642,-1.9905478230543725,0.08216658418783135,0.0,0.0,0.0,1.0,0.000962169459626299,-0.00030313553519430473,0.0,0.0,0.0,0.0
76,1786799113,676802988,1786799113.676803,-11.589788980264052,-1.9910966425748644,0.08286421014088398,0.0,0.0,0.0,1.0,0.0003927507660062274,-0.00012710279876794825,0.0,0.0,0.0,0.0
77,1786799113,876818955,1786799113.876819,-11.589489327645447,-1.9911538814639176,0.08418355611294746,0.0,0.0,0.0,1.0,0.00028802334615672274,-0.00010530684551183367,0.0,0.0,0.0,0.0
78,1786799114,210166927,1786799114.210167,-11.587937135738477,-1.991117998250733,0.08287706236848855,0.0,0.0,0.0,1.0,0.0003959169988158997,-0.00017017238584821014,0.0,0.0,0.0,0.0
79,1786799114,243550117,1786799114.243550,-11.586490063061039,-1.9907709676507375,0.08264207753021094,0.0,0.0,0.0,1.0,0.0006255782063537981,-9.160640593634109e-05,0.0,0.0,0.0,0.0
80,1786799114,310129708,1786799114.310130,-11.585447848273601,-1.990293576589587,0.08254264393266109,0.0,0.0,0.0,1.0,0.0025526947894048743,0.0014836853998916562,0.0,0.0,0.0,0.0
81,1786799114,743515600,1786799114.743515,-11.584787249578882,-1.9893846699414732,0.08348284663936681,0.0,0.0,0.0,1.0,0.0016116227764324332,0.001112865540034422,0.0,0.0,0.0,0.0
82,1786799115,76794053,1786799115.076794,-11.581925426270981,-1.9885873397182725,0.0819249708283685,0.0,0.0,0.0,1.0,0.0014047741405706683,0.0007410308235797952,0.0,0.0,0.0,0.0
83,1786799115,143486396,1786799115.143486,-11.580897386973303,-1.9884709555067046,0.08130469370444986,0.0,0.0,0.0,1.0,0.0011746252397936332,0.0005146357993670961,0.0,0.0,0.0,0.0
84,1786799115,343507258,1786799115.343507,-11.580085418162424,-1.9882650176637702,0.08241985205285633,0.0,0.0,0.0,1.0,-0.0015173483554384026,-0.0002813132922826675,0.0,0.0,0.0,0.0
85,1786799115,410162030,1786799115.410162,-11.579800891355939,-1.9882463193544901,0.08390495131461435,0.0,0.0,0.0,1.0,0.0009442837626801178,0.00024058435072638902,0.0,0.0,0.0,0.0
86,1786799115,443502904,1786799115.443503,-11.57939944538605,-1.988247526478209,0.08332605070928975,0.0,0.0,0.0,1.0,0.0014916628231566214,-0.00042715069253682476,0.0,0.0,0.0,0.0
87,1786799115,543559184,1786799115.543559,-11.578602208194393,-1.9883019556395156,0.08250805634659528,0.0,0.0,0.0,1.0,0.0013288995097812393,-0.0003795925339115469,0.0,0.0,0.0,0.0
88,1786799115,843490167,1786799115.843490,-11.577633434850414,-1.9877991875829129,0.08327829073550377,0.0,0.0,0.0,1.0,-0.00027564171922009025,0.0015906161921202466,0.0,0.0,0.0,0.0
89,1786799116,843525988,1786799116.843526,-11.574713070623412,-1.9879837295436664,0.08272011017426628,0.0,0.0,0.0,1.0,0.0016095605551159353,-0.001390038835899793,0.0,0.0,0.0,0.0
90,1786799117,76906367,1786799117.076906,-11.574018617564837,-1.9878267912357857,0.08167529565557621,0.0,0.0,0.0,1.0,0.0014233114935252675,0.0005481315764822897,0.0,0.0,0.0,0.0
91,1786799117,410189478,1786799117.410189,-11.574181047685284,-1.9878348022065062,0.08412592226551262,0.0,0.0,0.0,1.0,0.0004497884230019602,-0.0001430173007720255,0.0,0.0,0.0,0.0
92,1786799117,510236164,1786799117.510236,-11.574616823854669,-1.9882090269733448,0.08141075789764228,0.0,0.0,0.0,1.0,-0.0026039576877959834,-0.003563034442341646,0.0,0.0,0.0,0.0
93,1786799117,543637931,1786799117.543638,-11.574565745270018,-1.988248036499036,0.08148769378989659,0.0,0.0,0.0,1.0,-0.000966535701909612,-0.0013906217708629666,0.0,0.0,0.0,0.0
94,1786799117,576891005,1786799117.576891,-11.574846797395248,-1.9884956621311398,0.08148769378989659,0.0,0.0,0.0,1.0,-0.0002302130995938406,-0.0009386910822906115,0.0,0.0,0.0,0.0
95,1786799117,843483128,1786799117.843483,-11.574958519911743,-1.9887187943174827,0.08259800910013931,0.0,0.0,0.0,1.0,-0.00019084607651792228,-0.0007137361923926012,0.0,0.0,0.0,0.0
96,1786799117,876886482,1786799117.876886,-11.575195179500556,-1.9885354787773823,0.08284815279531146,0.0,0.0,0.0,1.0,-0.0011401921022284416,0.0004125727507107316,0.0,0.0,0.0,0.0
97,1786799117,910276713,1786799117.910277,-11.575156711363707,-1.9885941866984689,0.08284815279531146,0.0,0.0,0.0,1.0,-0.001063541089011258,0.00038574911463061415,0.0,0.0,0.0,0.0
98,1786799118,543613715,1786799118.543614,-11.574257513964417,-1.988016149397485,0.08262406303655243,0.0,0.0,0.0,1.0,-0.0008318065047979095,0.00022185097969765587,0.0,0.0,0.0,0.0
99,1786799118,576892714,1786799118.576893,-11.574238385291627,-1.9880204961191423,0.08262406303655243,0.0,0.0,0.0,1.0,0.00040058925004458315,0.0005592160676259905,0.0,0.0,0.0,0.0
100,1786799118,676914032,1786799118.676914,-11.57448658657869,-1.9880226557381664,0.08274994310082627,0.0,0.0,0.0,1.0,0.0003337476596174123,0.0004901710483588604,0.0,0.0,0.0,0.0
101,1786799118,776894849,1786799118.776895,-11.575089124051603,-1.98818190204327,0.08053838900108834,0.0,0.0,0.0,1.0,0.00023216275806867945,0.0003982401188417564,0.0,0.0,0.0,0.0
102,1786799118,810246946,1786799118.810247,-11.575621798145809,-1.9883666964901767,0.08053838900108834,0.0,0.0,0.0,1.0,0.0001458121648028737,0.0003226261229082801,0.0,0.0,0.0,0.0
103,1786799118,943564212,1786799118.943564,-11.57583699424404,-1.9884301747087718,0.0827522979259596,0.0,0.0,0.0,1.0,3.264041314339245e-05,-0.00048331501743843975,0.0,0.0,0.0,0.0
104,1786799119,10221306,1786799119.010221,-11.57607975013471,-1.9884392925180048,0.08577371179652535,0.0,0.0,0.0,1.0,0.000921190100566554,-5.463278905226996e-05,0.0,0.0,0.0,0.0
105,1786799119,76877753,1786799119.076878,-11.576180558510547,-1.9884463208021552,0.08494933788245629,0.0,0.0,0.0,1.0,0.0009931438429084966,0.0004728916204600404,0.0,0.0,0.0,0.0
106,1786799119,510252201,1786799119.510252,-11.573152178037137,-1.9878250961930923,0.08442006950367735,0.0,0.0,0.0,1.0,0.0009792210022906618,0.00026075893242873203,0.0,0.0,0.0,0.0
107,1786799119,743623472,1786799119.743623,-11.571504833944854,-1.987511588383634,0.08165935237779422,0.0,0.0,0.0,1.0,0.0007498375070786425,0.0002672092178275783,0.0,0.0,0.0,0.0
108,1786799119,910311862,1786799119.910312,-11.571595968911563,-1.9876584030656266,0.08132719683332462,0.0,0.0,0.0,1.0,0.00045254165808086686,0.00016209830475469517,0.0,0.0,0.0,0.0
109,1786799120,143666701,1786799120.143667,-11.571184609916017,-1.9878858418831287,0.08004353956460825,0.0,0.0,0.0,1.0,-0.0009169871142056057,-0.0006560648698034318,0.0,0.0,0.0,0.0
110,1786799120,510292500,1786799120.510293,-11.570760487475784,-1.9877278643967569,0.08131676046765628,0.0,0.0,0.0,1.0,-0.0017288498512844257,-0.0006162467338158292,0.0,0.0,0.0,0.0
111,1786799120,577007549,1786799120.577008,-11.571435545414856,-1.9880657401624784,0.08312704412504211,0.0,0.0,0.0,1.0,-0.001592693378153522,-0.0005651253094911621,0.0,0.0,0.0,0.0
112,1786799120,610325845,1786799120.610326,-11.57132836074954,-1.9881092530579088,0.08312704412504211,0.0,0.0,0.0,1.0,-0.0014184383310708697,-0.0005060518814344574,0.0,0.0,0.0,0.0
113,1786799121,10270237,1786799121.010270,-11.570119903484404,-1.9876849312480722,0.08309121770155521,0.0,0.0,0.0,1.0,-0.0008276950020240593,-0.0002514533476755821,0.0,0.0,0.0,0.0
114,1786799121,160299143,1786799121.160299,-11.568843638440258,-1.9873589660389117,0.08344101403609154,0.0,0.0,0.0,1.0,0.0007940595965988262,2.2669797161204406e-05,0.0,0.0,0.0,0.0
115,1786799121,210303120,1786799121.210303,-11.568410677998184,-1.9873267789603286,0.08062820391379377,0.0,0.0,0.0,1.0,0.0013402381002557895,0.0005547809669436751,0.0,0.0,0.0,0.0
116,1786799121,243623581,1786799121.243623,-11.568392568951571,-1.9874265782898042,0.08408975653019979,0.0,0.0,0.0,1.0,0.0011200201217578172,-0.0013377740500775791,0.0,0.0,0.0,0.0
117,1786799121,260327341,1786799121.260327,-11.56818513557215,-1.9872526309169996,0.08408975653019979,0.0,0.0,0.0,1.0,0.0011592495227357516,-0.0008656872961590586,0.0,0.0,0.0,0.0
118,1786799121,293736690,1786799121.293737,-11.56783957028778,-1.9870037775922413,0.0835591036108953,0.0,0.0,0.0,1.0,0.0023347981718022564,0.0010551927844211046,0.0,0.0,0.0,0.0
119,1786799121,710321364,1786799121.710321,-11.566372361181147,-1.9862998763212159,0.08159020091336679,0.0,0.0,0.0,1.0,9.692038495271631e-05,0.0018694174479698573,0.0,0.0,0.0,0.0
120,1786799121,727017419,1786799121.727017,-11.566226565948085,-1.9864007821868723,0.08289654796767068,0.0,0.0,0.0,1.0,3.795936311292128e-05,0.0005195178572699962,0.0,0.0,0.0,0.0
121,1786799121,760341657,1786799121.760342,-11.566114483093354,-1.9864449966993083,0.08289654796767068,0.0,0.0,0.0,1.0,0.0010269090816088966,-0.0006310889066442297,0.0,0.0,0.0,0.0
122,1786799121,810348671,1786799121.810349,-11.565872093801042,-1.9864870467264057,0.08338652424495396,0.0,0.0,0.0,1.0,0.000956034754325493,-0.0005859402203475858,0.0,0.0,0.0,0.0
123,1786799121,843793051,1786799121.843793,-11.565858556937389,-1.9864368706845057,0.08401791792553914,0.0,0.0,0.0,1.0,0.0008664939020877256,-0.0005305822782920445,0.0,0.0,0.0,0.0
124,1786799121,910290031,1786799121.910290,-11.565650550885357,-1.9864475654312308,0.08325985495755547,0.0,0.0,0.0,1.0,0.0007460811269726444,-0.0004512644671171595,0.0,0.0,0.0,0.0
125,1786799121,943684278,1786799121.943684,-11.565557807226384,-1.986507759378092,0.0841017538874795,0.0,0.0,0.0,1.0,0.0006359612969362488,-0.00038229507740409046,0.0,0.0,0.0,0.0
126,1786799121,960325726,1786799121.960326,-11.565562889033544,-1.9864775723022206,0.0841017538874795,0.0,0.0,0.0,1.0,0.0005466853847709112,-0.0003278840371598088,0.0,0.0,0.0,0.0
127,1786799122,243617688,1786799122.243618,-11.56648692037866,-1.9868775071427116,0.08189830803632558,0.0,0.0,0.0,1.0,0.00023881157934646242,-0.00024758091623941047,0.0,0.0,0.0,0.0
128,1786799122,310306148,1786799122.310306,-11.56620880504494,-1.9872247199735027,0.0845753285156934,0.0,0.0,0.0,1.0,0.0029697104659141796,-0.0011258000326743354,0.0,0.0,0.0,0.0
129,1786799122,410338483,1786799122.410338,-11.566901998616798,-1.9875236244768884,0.08183863610524722,0.0,0.0,0.0,1.0,-0.000595435715343256,-0.0013440086020909093,0.0,0.0,0.0,0.0
130,1786799122,427022994,1786799122.427023,-11.56661299401885,-1.9874836721597477,0.0865368637922321,0.0,0.0,0.0,1.0,0.0021512285638952077,-0.001263923822381266,0.0,0.0,0.0,0.0
131,1786799122,610336124,1786799122.610336,-11.566784433172094,-1.9878586931076516,0.08330686101357851,0.0,0.0,0.0,1.0,0.0017514083071793955,-0.001027711258893629,0.0,0.0,0.0,0.0
132,1786799122,776922850,1786799122.776923,-11.56690892551206,-1.98806204026332,0.08092926944909513,0.0,0.0,0.0,1.0,0.0012612403440433561,-0.0007603917490068416,0.0,0.0,0.0,0.0
133,1786799122,976979385,1786799122.976979,-11.566113734670838,-1.9878787897737185,0.08385435747337866,0.0,0.0,0.0,1.0,0.0019798527902878263,0.0004087446260673171,0.0,0.0,0.0,0.0
134,1786799123,76998136,1786799123.076998,-11.56538999885024,-1.987737829504054,0.08440465604617313,0.0,0.0,0.0,1.0,0.0017603938674604844,0.00036040293211335233,0.0,0.0,0.0,0.0
135,1786799123,510363128,1786799123.510363,-11.558368465424145,-1.9857671860133381,0.08105939647095534,0.0,0.0,0.0,1.0,0.0019347918064733791,0.0005310931958742847,0.0,0.0,0.0,0.0
136,1786799123,576998783,1786799123.576999,-11.558786486026868,-1.9857071232526278,0.08085859512947918,0.0,0.0,0.0,1.0,0.001223994936053143,0.0004744023830815504,0.0,0.0,0.0,0.0
137,1786799123,610380162,1786799123.610380,-11.55868319572661,-1.985610762629301,0.08197521617822172,0.0,0.0,0.0,1.0,0.0009077666632954463,0.00043559962435050885,0.0,0.0,0.0,0.0
138,1786799124,877093495,1786799124.877094,-11.55826944318462,-1.9861149327385095,0.08199699739394226,0.0,0.0,0.0,1.0,-0.0003979518507721455,-0.0017907379268556822,0.0,0.0,0.0,0.0
139,1786799125,43710706,1786799125.043711,-11.5581471578614,-1.9859499670802663,0.08321543967222439,0.0,0.0,0.0,1.0,-0.002055260304293506,0.00015478607459777248,0.0,0.0,0.0,0.0
140,1786799125,410359658,1786799125.410360,-11.558196161305752,-1.9859780942163061,0.08034139906727542,0.0,0.0,0.0,1.0,-0.000264759728970334,0.0007194839857480503,0.0,0.0,0.0,0.0
141,1786799125,510406426,1786799125.510406,-11.558267344184944,-1.9861042899086718,0.08255042054708475,0.0,0.0,0.0,1.0,0.0006896875933089103,9.064145341287401e-05,0.0,0.0,0.0,0.0
142,1786799126,277151840,1786799126.277152,-11.556217991184827,-1.9850589864613861,0.0844930393702308,0.0,0.0,0.0,1.0,-0.0034948644391783004,0.0029910342444764175,0.0,0.0,0.0,0.0
143,1786799126,377089004,1786799126.377089,-11.55575547153133,-1.9847497795931264,0.08372127361878262,0.0,0.0,0.0,1.0,-0.0007387891542196211,0.0023743400590085515,0.0,0.0,0.0,0.0
144,1786799126,443751118,1786799126.443751,-11.555349546393241,-1.9846785234018347,0.08332048651867646,0.0,0.0,0.0,1.0,-0.0005511742823319579,0.0007529375175043831,0.0,0.0,0.0,0.0
145,1786799126,510393057,1786799126.510393,-11.555021456823662,-1.9844845760077476,0.08388795635757458,0.0,0.0,0.0,1.0,-0.0005022130072984342,0.0006885770082324862,0.0,0.0,0.0,0.0
146,1786799126,543733732,1786799126.543734,-11.554710044189106,-1.9844448096877019,0.08179968069561781,0.0,0.0,0.0,1.0,0.0013968355767414212,0.000778820340263025,0.0,0.0,0.0,0.0
147,1786799127,10400876,1786799127.010401,-11.553684236779263,-1.984579671927693,0.08359618816350087,0.0,0.0,0.0,1.0,-0.002625488365186453,-0.0001578152443551668,0.0,0.0,0.0,0.0
148,1786799127,343692017,1786799127.343692,-11.553816111311093,-1.9848329389855968,0.08415192715654916,0.0,0.0,0.0,1.0,-0.00190677384383131,-0.0001602355163678781,0.0,0.0,0.0,0.0
149,1786799127,543874629,1786799127.543875,-11.553505645146144,-1.9848025418634938,0.08144293467864669,0.0,0.0,0.0,1.0,-0.0014807871412189128,-0.0002307765304223322,0.0,0.0,0.0,0.0
150,1786799127,610563376,1786799127.610563,-11.553114888598767,-1.9846732511767873,0.08125783724417217,0.0,0.0,0.0,1.0,-0.00025404857885543124,0.00038989060515224916,0.0,0.0,0.0,0.0
151,1786799128,110460968,1786799128.110461,-11.55240766894949,-1.9839116747368564,0.0816943252684551,0.0,0.0,0.0,1.0,-0.000283804673911635,0.0019507613331873142,0.0,0.0,0.0,0.0
152,1786799128,143797924,1786799128.143798,-11.552337489192892,-1.9839579660501676,0.08272135519906598,0.0,0.0,0.0,1.0,-0.00026624147781289875,0.0018334832117994975,0.0,0.0,0.0,0.0
153,1786799128,177216967,1786799128.177217,-11.552228576580566,-1.9838610453890835,0.08272135519906598,0.0,0.0,0.0,1.0,-0.00024354758639549763,0.0016765932481453776,0.0,0.0,0.0,0.0
154,1786799128,210430201,1786799128.210430,-11.552198335481858,-1.9838367337977492,0.08286112211799877,0.0,0.0,0.0,1.0,-0.00021843552268869268,0.0014995092491952476,0.0,0.0,0.0,0.0
155,1786799128,310438593,1786799128.310439,-11.551889135874253,-1.9835690437456233,0.08165768481217896,0.0,0.0,0.0,1.0,-0.00017013699974926586,0.0012302738301003316,0.0,0.0,0.0,0.0
156,1786799129,10475779,1786799129.010476,-11.548041793550183,-1.9822517927321985,0.0854799877487619,0.0,0.0,0.0,1.0,0.00027617849672236335,0.0007704797149566673,0.0,0.0,0.0,0.0
157,1786799129,43787599,1786799129.043788,-11.548072276347634,-1.9823362938290787,0.08335844089309492,0.0,0.0,0.0,1.0,0.00018394747902428932,0.0005167719156653509,0.0,0.0,0.0,0.0
158,1786799129,77103653,1786799129.077104,-11.548057378328325,-1.9823164495298227,0.08335844089309492,0.0,0.0,0.0,1.0,0.00010151968356921352,0.00043596467756036583,0.0,0.0,0.0,0.0
159,1786799129,777199115,1786799129.777199,-11.54888178466358,-1.982219922344725,0.08338842777772014,0.0,0.0,0.0,1.0,-0.0009140815352207939,0.0008023310971610486,0.0,0.0,0.0,0.0
160,1786799129,843691940,1786799129.843692,-11.549341523102106,-1.9823881996371129,0.084126929664439,0.0,0.0,0.0,1.0,-0.0008493427732300722,0.0007263514512949659,0.0,0.0,0.0,0.0
161,1786799129,877153979,1786799129.877154,-11.549586949518773,-1.9825458047497069,0.084126929664439,0.0,0.0,0.0,1.0,-0.0007681653585267598,0.0006414610298298222,0.0,0.0,0.0,0.0
162,1786799129,977131733,1786799129.977132,-11.550734752483818,-1.9829966846317295,0.08334445069989396,0.0,0.0,0.0,1.0,-0.0006820959262540359,0.0005039735189246697,0.0,0.0,0.0,0.0
163,1786799130,10626197,1786799130.010626,-11.551216620718355,-1.9831244707650246,0.08295030931696205,0.0,0.0,0.0,1.0,-0.0005912084329025315,0.00040204104400294626,0.0,0.0,0.0,0.0
164,1786799130,77147079,1786799130.077147,-11.551109654467025,-1.98288998680447,0.08228283651720367,0.0,0.0,0.0,1.0,0.000913649636675354,0.0015474377415523447,0.0,0.0,0.0,0.0
165,1786799130,110528756,1786799130.110529,-11.551789564517428,-1.983161436759959,0.08265505126162012,0.0,0.0,0.0,1.0,-0.0004975993761071031,0.0005859947986204361,0.0,0.0,0.0,0.0
166,1786799130,277147236,1786799130.277147,-11.55345391576501,-1.9837384623170051,0.08077484697917905,0.0,0.0,0.0,1.0,-0.0005051276923052683,0.0017473174747410496,0.0,0.0,0.0,0.0
167,1786799130,343818035,1786799130.343818,-11.554486518073013,-1.9841868628238237,0.08303366075592014,0.0,0.0,0.0,1.0,0.0003553034792742755,0.0005058712453849001,0.0,0.0,0.0,0.0
168,1786799130,710531020,1786799130.710531,-11.558125382239748,-1.985726446550189,0.08142775929879627,0.0,0.0,0.0,1.0,5.913084102718191e-05,0.0002472305947326248,0.0,0.0,0.0,0.0
169,1786799131,543789144,1786799131.543789,-11.565913660816646,-1.9900822519081034,0.08138170470361815,0.0,0.0,0.0,1.0,0.0009385329242338628,-0.0026846037494078854,0.0,0.0,0.0,0.0
170,1786799131,677110126,1786799131.677110,-11.565877517252035,-1.9906013915504341,0.0824450150515243,0.0,0.0,0.0,1.0,0.002144288121373136,-0.003228231230677831,0.0,0.0,0.0,0.0
171,1786799131,810515067,1786799131.810515,-11.565937685487164,-1.9907585283987606,0.08248446819822047,0.0,0.0,0.0,1.0,0.000834326461659374,0.0004206746374990802,0.0,0.0,0.0,0.0
172,1786799131,910554700,1786799131.910555,-11.565318479021368,-1.9905245916311212,0.08445934319720787,0.0,0.0,0.0,1.0,-3.309800807708605e-05,0.0007987722075340198,0.0,0.0,0.0,0.0
173,1786799132,210471639,1786799132.210472,-11.564199745626548,-1.9903167141721765,0.08247601616705519,0.0,0.0,0.0,1.0,-0.0004773984887899273,-0.0014882417383490687,0.0,0.0,0.0,0.0
174,1786799132,310499111,1786799132.310499,-11.562614780944658,-1.9898641741850918,0.08229882196852797,0.0,0.0,0.0,1.0,-0.000837684394297167,0.0004051830523332811,0.0,0.0,0.0,0.0
175,1786799132,343852110,1786799132.343852,-11.562639408990202,-1.9898543842272665,0.08299159683772031,0.0,0.0,0.0,1.0,-0.000791147493578096,0.00038265960372230813,0.0,0.0,0.0,0.0
176,1786799132,410539164,1786799132.410539,-11.56259394913311,-1.9896101506681634,0.08119504454935356,0.0,0.0,0.0,1.0,-0.0007170696182267148,0.0003677471317876573,0.0,0.0,0.0,0.0
177,1786799132,710609293,1786799132.710609,-11.56638295919147,-1.9899515732368407,0.08273381545533158,0.0,0.0,0.0,1.0,-0.0008661048296173901,0.0003763625647888652,0.0,0.0,0.0,0.0
178,1786799133,10580815,1786799133.010581,-11.568743773029846,-1.9902046864132312,0.0816066917745651,0.0,0.0,0.0,1.0,-0.001017107992365741,0.00021071783669633114,0.0,0.0,0.0,0.0
179,1786799133,310591676,1786799133.310592,-11.570627098239006,-1.9904881660292453,0.08187057927250435,0.0,0.0,0.0,1.0,-0.0010346796840593794,0.00014035289573435832,0.0,0.0,0.0,0.0
180,1786799133,343863501,1786799133.343863,-11.570670819586788,-1.9905155522839173,0.08273840223734957,0.0,0.0,0.0,1.0,-0.0007675105335956459,0.00010206162630856873,0.0,0.0,0.0,0.0
181,1786799133,410578814,1786799133.410579,-11.570633867221368,-1.9910151368475306,0.08025022373174882,0.0,0.0,0.0,1.0,-0.0005355435592210003,-0.0013805076923229225,0.0,0.0,0.0,0.0
182,1786799134,77200275,1786799134.077200,-11.567580420903369,-1.9895952077573773,0.08259266066096227,0.0,0.0,0.0,1.0,-0.000538718349942182,0.0018154777780840657,0.0,0.0,0.0,0.0
183,1786799134,210572277,1786799134.210572,-11.56745275730534,-1.989340300754811,0.08379080969140473,0.0,0.0,0.0,1.0,-0.0004577630559710598,0.0015616818309873264,0.0,0.0,0.0,0.0
184,1786799134,243855055,1786799134.243855,-11.567256981379519,-1.9892158180199695,0.0830280128766463,0.0,0.0,0.0,1.0,-0.00038413302397646317,0.0013304334608045807,0.0,0.0,0.0,0.0
185,1786799134,310625294,1786799134.310625,-11.567159780364323,-1.9892063971349343,0.08210627954275537,0.0,0.0,0.0,1.0,-0.0003121433882762345,0.001092286193871752,0.0,0.0,0.0,0.0
186,1786799134,343882316,1786799134.343882,-11.566757879781989,-1.9892513976379582,0.08316061524800428,0.0,0.0,0.0,1.0,-0.00023422397508487781,0.0009003500238438906,0.0,0.0,0.0,0.0
187,1786799134,443871135,1786799134.443871,-11.566222239133221,-1.9889431299335867,0.08215184279960434,0.0,0.0,0.0,1.0,0.0007089157251477119,0.0023153391837809328,0.0,0.0,0.0,0.0
188,1786799136,143928108,1786799136.143928,-11.556361381012673,-1.9877970745623046,0.10972896331426973,0.0,0.0,0.0,1.0,0.0033548946691920175,-4.4567428952970266e-05,0.0,0.0,0.0,0.0
189,1786799136,177256543,1786799136.177257,-11.556197208342729,-1.9880024365908289,0.10972896331426973,0.0,0.0,0.0,1.0,0.0036597276033423216,-0.0012419872732189437,0.0,0.0,0.0,0.0
190,1786799136,210578321,1786799136.210578,-11.556319150097307,-1.9876843485165618,0.11087709728976605,0.0,0.0,0.0,1.0,0.0011939053938156557,0.0008161249029381623,0.0,0.0,0.0,0.0
191,1786799136,610649932,1786799136.610650,-11.55423445892262,-1.9879400614451974,0.11735462269050158,0.0,0.0,0.0,1.0,0.00275663221794403,-0.00010929886651318919,0.0,0.0,0.0,0.0
192,1786799137,143913458,1786799137.143914,-11.546504632479033,-1.985785584815921,0.12520993799457775,0.0,0.0,0.0,1.0,0.0020719348244724028,0.00012281836957511114,0.0,0.0,0.0,0.0
193,1786799137,210589462,1786799137.210589,-11.546832627542425,-1.9851582364211153,0.12757600995519994,0.0,0.0,0.0,1.0,-0.00069537208389243,0.0016295257698124498,0.0,0.0,0.0,0.0
194,1786799137,310625461,1786799137.310626,-11.54736405641322,-1.9848240463734586,0.1291936501096482,0.0,0.0,0.0,1.0,-0.012087588262378823,0.000599714603313722,0.0,0.0,0.0,0.0
195,1786799137,410581448,1786799137.410581,-11.548490881317322,-1.9849918334422139,0.13018908464462725,0.0,0.0,0.0,1.0,-0.0030616248003114757,-0.00015658414231182886,0.0,0.0,0.0,0.0
196,1786799137,577288560,1786799137.577289,-11.544352337964334,-1.9859516468787257,0.13215411070523925,0.0,0.0,0.0,1.0,0.013979998595040826,-0.0003806173885756766,0.0,0.0,0.0,0.0
197,1786799137,610611452,1786799137.610611,-11.542868863353878,-1.9855059114737383,0.13215411070523925,0.0,0.0,0.0,1.0,9.317537918705418e-05,-2.516311648059126e-06,0.0,0.0,0.0,0.0
198,1786799137,710719706,1786799137.710720,-11.534104452087961,-1.9845238556157991,0.13322440800384044,0.0,0.0,0.0,1.0,0.013194889361616191,0.0008415255697262793,0.0,0.0,0.0,0.0
199,1786799137,743986191,1786799137.743986,-11.530194933817173,-1.9838026475818697,0.1330259604974905,0.0,0.0,0.0,1.0,0.010612485868452239,-0.0005290412650045948,0.0,0.0,0.0,0.0
200,1786799137,810655046,1786799137.810655,-11.527681479251495,-1.9835937420704737,0.13407844528370727,0.0,0.0,0.0,1.0,0.007176009015198392,0.0008877163607675189,0.0,0.0,0.0,0.0
201,1786799137,877314132,1786799137.877314,-11.526500285930812,-1.9837352607656034,0.13458691464636718,0.0,0.0,0.0,1.0,0.0012272226477355163,0.0007720387326747848,0.0,0.0,0.0,0.0
202,1786799137,910638110,1786799137.910638,-11.525141726851599,-1.9836751732267113,0.13873671126350326,0.0,0.0,0.0,1.0,0.001765683994444013,-0.003234666626119322,0.0,0.0,0.0,0.0
203,1786799137,944041250,1786799137.944041,-11.523654331609475,-1.9828835378051042,0.1378949954690631,0.0,0.0,0.0,1.0,-0.0031602883614818616,0.0010346141922260481,0.0,0.0,0.0,0.0
204,1786799138,77284213,1786799138.077284,-11.51658656969658,-1.9820226561311467,0.14069720657491383,0.0,0.0,0.0,1.0,0.0005980990472292114,-0.0019788133126439345,0.0,0.0,0.0,0.0
205,1786799138,110678850,1786799138.110679,-11.516808559182248,-1.9819874001119218,0.14079869970977354,0.0,0.0,0.0,1.0,-0.0023454970434377545,0.002115464664474759,0.0,0.0,0.0,0.0
206,1786799138,410771037,1786799138.410771,-11.517095865445159,-1.9725110920996918,0.14362154981406228,0.0,0.0,0.0,1.0,-0.00024389843097614994,0.00043896195109097147,0.0,0.0,0.0,0.0
207,1786799138,643937061,1786799138.643937,-11.514142255794967,-1.9740101695963073,0.14416717517291475,0.0,0.0,0.0,1.0,-4.4558440881624566e-05,0.00016175023735087,0.0,0.0,0.0,0.0
208,1786799139,44052265,1786799139.044052,-11.519667796994002,-1.9799944699502807,0.15551834908256065,0.0,0.0,0.0,1.0,-0.0002416164009984739,-0.00022188559548957327,0.0,0.0,0.0,0.0
209,1786799139,377336407,1786799139.377337,-11.511381817615986,-1.9772682125100027,0.15931130651559006,0.0,0.0,0.0,1.0,0.0017117243942105392,-0.0005261147215206993,0.0,0.0,0.0,0.0
210,1786799139,443954201,1786799139.443954,-11.511228824325544,-1.9769990446187684,0.15953557696785453,0.0,0.0,0.0,1.0,6.278699401114055e-05,0.0002081699529486805,0.0,0.0,0.0,0.0
211,1786799140,43994918,1786799140.043995,-11.517471982987434,-1.9781212890048085,0.1704332610799966,0.0,0.0,0.0,1.0,1.6343723817509228e-05,0.0017893896593974543,0.0,0.0,0.0,0.0
212,1786799140,210710318,1786799140.210710,-11.5177449699665,-1.9780351128518963,0.17606045588947658,0.0,0.0,0.0,1.0,-0.001545564317728913,5.04317068322083e-05,0.0,0.0,0.0,0.0
213,1786799140,477325504,1786799140.477325,-11.518672375849665,-1.978278451507758,0.17576337214909837,0.0,0.0,0.0,1.0,0.0017838792314090746,0.0007064464125569604,0.0,0.0,0.0,0.0
214,1786799141,77365855,1786799141.077366,-11.517660321215274,-1.9784621051720275,0.18991693470919527,0.0,0.0,0.0,1.0,0.0005980295606532362,-0.0013110033892986483,0.0,0.0,0.0,0.0
215,1786799141,110676240,1786799141.110676,-11.518114931617172,-1.9787548052383137,0.18991693470919527,0.0,0.0,0.0,1.0,-0.00033107076493007614,-0.001659252003364556,0.0,0.0,0.0,0.0
216,1786799141,244014969,1786799141.244015,-11.517828683924055,-1.9798022676519416,0.19296946463277215,0.0,0.0,0.0,1.0,0.007477726294275992,-0.005023842463407636,0.0,0.0,0.0,0.0
217,1786799141,777386768,1786799141.777387,-11.519429606006826,-1.980423316993035,0.19438051659773947,0.0,0.0,0.0,1.0,-0.004977411302180909,0.01062673623828507,0.0,0.0,0.0,0.0
218,1786799141,810663051,1786799141.810663,-11.519303634813733,-1.9809779714522564,0.19438051659773947,0.0,0.0,0.0,1.0,-0.0032094071376230124,0.004397965802001469,0.0,0.0,0.0,0.0
219,1786799141,844023686,1786799141.844024,-11.519450707840374,-1.9809694421048665,0.19695033971881973,0.0,0.0,0.0,1.0,-0.004763621899452972,-0.0018016950001160438,0.0,0.0,0.0,0.0
220,1786799141,944027852,1786799141.944028,-11.519472113371638,-1.9816459287623984,0.19606417334201345,0.0,0.0,0.0,1.0,-5.684370496121353e-06,-4.0852021305617936e-05,0.0,0.0,0.0,0.0
221,1786799142,344065598,1786799142.344066,-11.528632676593846,-1.9870453234972822,0.20608472926177324,0.0,0.0,0.0,1.0,0.0031677024571384743,-0.0004966819184612486,0.0,0.0,0.0,0.0
222,1786799142,844028966,1786799142.844029,-11.525717093128488,-1.986791620316391,0.20823893203281751,0.0,0.0,0.0,1.0,-0.0008920806001437103,0.0005622876667823228,0.0,0.0,0.0,0.0
223,1786799142,877378303,1786799142.877378,-11.525059299655286,-1.986751750735764,0.20823893203281751,0.0,0.0,0.0,1.0,0.0008977919393015272,-0.0007565649142551808,0.0,0.0,0.0,0.0
224,1786799143,77387205,1786799143.077387,-11.519895134180862,-1.9856368291852988,0.21475344239506064,0.0,0.0,0.0,1.0,0.0018250908845175071,-0.0010394182461681434,0.0,0.0,0.0,0.0
225,1786799143,177402133,1786799143.177402,-11.518339361848382,-1.9853765593779225,0.21604764505544247,0.0,0.0,0.0,1.0,0.001627377051314841,-0.0009184115885375158,0.0,0.0,0.0,0.0
226,1786799143,377441893,1786799143.377442,-11.518939712293799,-1.9858067732947207,0.21687823631284672,0.0,0.0,0.0,1.0,-0.0011245730769859118,7.465510592995315e-05,0.0,0.0,0.0,0.0
227,1786799143,410750180,1786799143.410750,-11.518934668444336,-1.9858213439256331,0.21703245248921535,0.0,0.0,0.0,1.0,-0.0006412630852314417,-0.0001628805510223854,0.0,0.0,0.0,0.0
228,1786799143,777475122,1786799143.777475,-11.516515242669367,-1.9853857819605771,0.22684960854316544,0.0,0.0,0.0,1.0,-0.0003833225585968385,-0.00011079569350226932,0.0,0.0,0.0,0.0
229,1786799143,877442966,1786799143.877443,-11.51573339494364,-1.9851846110655285,0.22656288162212787,0.0,0.0,0.0,1.0,-0.00023459026220260884,-9.496808027154686e-05,0.0,0.0,0.0,0.0
230,1786799143,944065238,1786799143.944065,-11.515498003205748,-1.9851475349913799,0.23114100268269824,0.0,0.0,0.0,1.0,-0.00016829854061402386,-5.837787098199074e-05,0.0,0.0,0.0,0.0
231,1786799144,144073205,1786799144.144073,-11.51153272894738,-1.9841004794457675,0.23655688969884714,0.0,0.0,0.0,1.0,0.00012628069533225097,1.9709096374968157e-05,0.0,0.0,0.0,0.0
232,1786799144,177539573,1786799144.177540,-11.51103979708952,-1.984019969179872,0.23524875256504832,0.0,0.0,0.0,1.0,0.00012479750747163715,5.5262062172761216e-05,0.0,0.0,0.0,0.0
233,1786799144,210788063,1786799144.210788,-11.510780062576487,-1.983925209706824,0.23524875256504832,0.0,0.0,0.0,1.0,0.00011045912144941981,6.744806810538557e-05,0.0,0.0,0.0,0.0
234,1786799144,377456122,1786799144.377456,-11.510093890075058,-1.9838215338965695,0.2355693399893662,0.0,0.0,0.0,1.0,0.00013860129705738563,2.693994712041962e-05,0.0,0.0,0.0,0.0
235,1786799144,410881419,1786799144.410882,-11.509509647772392,-1.9838254286699781,0.24046654048927157,0.0,0.0,0.0,1.0,0.0009656646547849736,-0.0003606236411876125,0.0,0.0,0.0,0.0
236,1786799144,444110410,1786799144.444110,-11.509303194029897,-1.9836304756627254,0.23989112508942356,0.0,0.0,0.0,1.0,-0.00011492425176538553,-0.0004880306616753361,0.0,0.0,0.0,0.0
237,1786799144,510813011,1786799144.510813,-11.50947071465474,-1.983603401697372,0.24092593010227195,0.0,0.0,0.0,1.0,0.00013944921325415428,0.0006351768192068637,0.0,0.0,0.0,0.0
238,1786799144,544127382,1786799144.544127,-11.509221598084222,-1.9834466960794341,0.24028698483362998,0.0,0.0,0.0,1.0,-0.00011312075228884786,0.0014027335925746063,0.0,0.0,0.0,0.0
239,1786799144,944104528,1786799144.944104,-11.507261815905286,-1.9822205545196958,0.24787303010207654,0.0,0.0,0.0,1.0,2.8770686897831397e-05,0.0010127064045707117,0.0,0.0,0.0,0.0
240,1786799145,177445234,1786799145.177445,-11.505636600294128,-1.9816683925708434,0.25301393805126116,0.0,0.0,0.0,1.0,0.00017066350139970397,0.0007484476209232148,0.0,0.0,0.0,0.0
241,1786799145,377460471,1786799145.377460,-11.504272978437072,-1.9814400476058998,0.25579049070983234,0.0,0.0,0.0,1.0,0.00029046746428093,0.0004069122053524346,0.0,0.0,0.0,0.0
242,1786799145,477458772,1786799145.477459,-11.504990437391042,-1.9815457433184667,0.25531559992261954,0.0,0.0,0.0,1.0,7.581922143623835e-05,0.0002992585939634896,0.0,0.0,0.0,0.0
243,1786799145,777480595,1786799145.777481,-11.50768721496357,-1.9818075305448206,0.2642550550263215,0.0,0.0,0.0,1.0,-0.0004116410911210939,0.00029085935040099866,0.0,0.0,0.0,0.0
244,1786799146,110751855,1786799146.110752,-11.508995592546428,-1.981935997124998,0.26794173895382967,0.0,0.0,0.0,1.0,-0.00042500410767510585,0.00010287531653634957,0.0,0.0,0.0,0.0
245,1786799146,244130562,1786799146.244131,-11.507391087727681,-1.9817057838686807,0.2709809403208647,0.0,0.0,0.0,1.0,3.990789210856018e-05,3.205622339339244e-05,0.0,0.0,0.0,0.0
246,1786799146,310797285,1786799146.310797,-11.507378058514638,-1.9817711215231775,0.27519102198153955,0.0,0.0,0.0,1.0,3.5418742193789844e-05,-1.557257002267949e-05,0.0,0.0,0.0,0.0
247,1786799146,344128487,1786799146.344128,-11.507378375256241,-1.981636018217587,0.2757217310100677,0.0,0.0,0.0,1.0,2.3580374620457147e-05,1.557021712719708e-05,0.0,0.0,0.0,0.0
248,1786799146,360815648,1786799146.360816,-11.50800082914395,-1.9816943498015303,0.2757217310100677,0.0,0.0,0.0,1.0,-7.578583708023402e-05,7.355897731738315e-05,0.0,0.0,0.0,0.0
249,1786799146,744101112,1786799146.744101,-11.50819133465125,-1.9817167581195156,0.280434554019897,0.0,0.0,0.0,1.0,-8.586882741989201e-05,5.797109051126546e-05,0.0,0.0,0.0,0.0
250,1786799146,944329379,1786799146.944329,-11.509082637295664,-1.9823140381585382,0.28438997556921164,0.0,0.0,0.0,1.0,-0.00023149065448384434,-5.8066723403043844e-05,0.0,0.0,0.0,0.0
251,1786799147,477514488,1786799147.477515,-11.50649260280336,-1.98237719952193,0.2942982182522683,0.0,0.0,0.0,1.0,0.003449713740016418,-0.0013588927139848057,0.0,0.0,0.0,0.0
252,1786799148,10802559,1786799148.010803,-11.506532963970903,-1.9823198674243088,0.30190712970709693,0.0,0.0,0.0,1.0,0.0006807932923842634,0.0012948411803951204,0.0,0.0,0.0,0.0
253,1786799148,77490064,1786799148.077490,-11.506624034042085,-1.9820345877196746,0.3034798814864503,0.0,0.0,0.0,1.0,0.0005807773503794025,0.0018166529336380295,0.0,0.0,0.0,0.0
254,1786799148,94157861,1786799148.094158,-11.506630864121355,-1.9820459644535573,0.3034798814864503,0.0,0.0,0.0,1.0,0.0003628463584076067,0.0013374431245611975,0.0,0.0,0.0,0.0
255,1786799149,144205230,1786799149.144205,-11.506340486291739,-1.9820963728410823,0.3222856522037273,0.0,0.0,0.0,1.0,0.0006426220185829545,-0.00035192064598330713,0.0,0.0,0.0,0.0
256,1786799149,327534199,1786799149.327534,-11.506681902666802,-1.9824923871180908,0.327935148212563,0.0,0.0,0.0,1.0,-0.00024760678819048514,-0.0010483028473619888,0.0,0.0,0.0,0.0
257,1786799149,777572459,1786799149.777572,-11.505036270618014,-1.9820718262277501,0.33751015473047413,0.0,0.0,0.0,1.0,0.0016900555377466291,-0.0009806671297745769,0.0,0.0,0.0,0.0
258,1786799149,927578572,1786799149.927579,-11.503707635650207,-1.9817314003510667,0.3397366591818438,0.0,0.0,0.0,1.0,0.0001274984035962406,0.0005289614841848714,0.0,0.0,0.0,0.0
259,1786799150,10871651,1786799150.010872,-11.503646752580195,-1.9816201215936975,0.341766817994992,0.0,0.0,0.0,1.0,0.00011563508921828766,0.00048126158928016224,0.0,0.0,0.0,0.0
260,1786799150,44266720,1786799150.044267,-11.5030255718053,-1.9813634564963887,0.3425203692578339,0.0,0.0,0.0,1.0,0.00011239457740196132,0.0004340943841493266,0.0,0.0,0.0,0.0
261,1786799150,294298223,1786799150.294298,-11.501590560949122,-1.9806478696207224,0.3463480204075413,0.0,0.0,0.0,1.0,0.0001471184119155977,0.00035244055369346925,0.0,0.0,0.0,0.0
262,1786799150,360874432,1786799150.360874,-11.50083964243389,-1.9800887579260427,0.3462626688870111,0.0,0.0,0.0,1.0,0.001965199829084602,0.0021601481346608877,0.0,0.0,0.0,0.0
263,1786799150,444215069,1786799150.444215,-11.501186592534628,-1.9801039618772462,0.34979279563856003,0.0,0.0,0.0,1.0,-0.000294132961927142,0.00040127866326369194,0.0,0.0,0.0,0.0
264,1786799150,460925917,1786799150.460926,-11.500865485777473,-1.9800142164557708,0.34979279563856003,0.0,0.0,0.0,1.0,0.0003556311309177783,0.00047445231414316676,0.0,0.0,0.0,0.0
265,1786799150,644246387,1786799150.644246,-11.50086642257967,-1.979989124751866,0.35162771983922514,0.0,0.0,0.0,1.0,0.00028776426895403513,0.0004098910881816147,0.0,0.0,0.0,0.0
266,1786799150,677510449,1786799150.677510,-11.500869914116164,-1.9799368797373982,0.35381483815052245,0.0,0.0,0.0,1.0,0.0002390178535565291,0.0003427784528982861,0.0,0.0,0.0,0.0
267,1786799150,744175260,1786799150.744175,-11.500812365997067,-1.9798968525883962,0.3526310069762436,0.0,0.0,0.0,1.0,0.00019073639398220374,0.0002907097536763027,0.0,0.0,0.0,0.0
268,1786799150,777530163,1786799150.777530,-11.500397706634711,-1.9797358402540208,0.35280333022734395,0.0,0.0,0.0,1.0,0.00018575898036501257,0.0002188094255398578,0.0,0.0,0.0,0.0
269,1786799150,877616368,1786799150.877616,-11.499942839082218,-1.9795307460438962,0.3533325299011455,0.0,0.0,0.0,1.0,0.00017152028887808653,0.00016725653665893285,0.0,0.0,0.0,0.0
270,1786799150,911015972,1786799150.911016,-11.49993444562697,-1.9794667704267987,0.3547052166632786,0.0,0.0,0.0,1.0,0.00013622737691379864,0.00012378016458954375,0.0,0.0,0.0,0.0
271,1786799150,944248087,1786799150.944248,-11.499998797725016,-1.97948405615218,0.3576831555970347,0.0,0.0,0.0,1.0,9.621966466645323e-05,0.00012250575157730632,0.0,0.0,0.0,0.0
272,1786799151,110897215,1786799151.110897,-11.49941489442105,-1.979255979103545,0.36084281900655535,0.0,0.0,0.0,1.0,0.00010315292760078808,8.819787948764136e-05,0.0,0.0,0.0,0.0
273,1786799151,210893762,1786799151.210894,-11.498564812542218,-1.978910755623207,0.36261644873522986,0.0,0.0,0.0,1.0,0.00014041099763914582,0.00013617181074507132,0.0,0.0,0.0,0.0
274,1786799151,244239484,1786799151.244240,-11.498140357381608,-1.9787730352903992,0.36361188851898113,0.0,0.0,0.0,1.0,0.00016614737295584544,0.00010849257759784587,0.0,0.0,0.0,0.0
275,1786799151,277563934,1786799151.277564,-11.498143325110863,-1.9787739406472187,0.3654868201666044,0.0,0.0,0.0,1.0,0.00013139841871164643,8.605231715440049e-05,0.0,0.0,0.0,0.0
276,1786799151,294198152,1786799151.294198,-11.497833092465246,-1.978636573835703,0.3654868201666044,0.0,0.0,0.0,1.0,0.00013814996704771687,8.5408501346304e-05,0.0,0.0,0.0,0.0
277,1786799151,377586100,1786799151.377586,-11.497421125929995,-1.9785149095752834,0.3668228892248967,0.0,0.0,0.0,1.0,0.00014856177173873272,8.005902875257268e-05,0.0,0.0,0.0,0.0
278,1786799151,410901371,1786799151.410901,-11.497409565989644,-1.9785182001522252,0.3668228892248967,0.0,0.0,0.0,1.0,0.0001201753006323565,6.274514575075741e-05,0.0,0.0,0.0,0.0
279,1786799151,427689272,1786799151.427689,-11.497059567205381,-1.9784183840100553,0.36401812670734757,0.0,0.0,0.0,1.0,0.00013229328384924954,5.77364970746009e-05,0.0,0.0,0.0,0.0
280,1786799151,460871843,1786799151.460872,-11.497059292324746,-1.9783907609501403,0.36401812670734757,0.0,0.0,0.0,1.0,0.00010916301249945309,5.0750320476074145e-05,0.0,0.0,0.0,0.0
281,1786799151,494380149,1786799151.494380,-11.497015542899742,-1.9783729204184104,0.36624630932801855,0.0,0.0,0.0,1.0,9.21240027785155e-05,4.846493420259694e-05,0.0,0.0,0.0,0.0
282,1786799151,527572654,1786799151.527573,-11.497011433348588,-1.9783254723542725,0.36790144554394444,0.0,0.0,0.0,1.0,7.612791840823241e-05,4.447633217256922e-05,0.0,0.0,0.0,0.0
283,1786799151,644250298,1786799151.644250,-11.496795518230197,-1.9782623251278113,0.36904771307044815,0.0,0.0,0.0,1.0,5.733691068365169e-05,9.365502251271402e-05,0.0,0.0,0.0,0.0
284,1786799151,877698193,1786799151.877698,-11.496666168586357,-1.9780930357936148,0.37551190272921214,0.0,0.0,0.0,1.0,1.659676214041721e-05,0.00015609835472233887,0.0,0.0,0.0,0.0
285,1786799151,894272484,1786799151.894273,-11.496676048409181,-1.9780526695772431,0.37551190272921214,0.0,0.0,0.0,1.0,9.806483225414988e-06,0.00012839682858271212,0.0,0.0,0.0,0.0
286,1786799151,927668503,1786799151.927669,-11.496871422637241,-1.9780081535902354,0.37767332293457084,0.0,0.0,0.0,1.0,-3.3521328347303665e-05,0.0001347441899892747,0.0,0.0,0.0,0.0
287,1786799152,10907550,1786799152.010908,-11.497260832047656,-1.9780321393981475,0.37507085893300474,0.0,0.0,0.0,1.0,-0.00010783310856628686,0.00016879417651312134,0.0,0.0,0.0,0.0
288,1786799152,310942708,1786799152.310943,-11.49697203905947,-1.9779010611622412,0.3814570005758312,0.0,0.0,0.0,1.0,-9.718199793911218e-05,7.626731576063935e-05,0.0,0.0,0.0,0.0
289,1786799152,610955906,1786799152.610956,-11.498005682427394,-1.9781645270699961,0.38690058970654484,0.0,0.0,0.0,1.0,-0.0003769463964729691,0.00010400754974290256,0.0,0.0,0.0,0.0
290,1786799152,910948021,1786799152.910948,-11.499171466249834,-1.9782483295107114,0.39202130918988826,0.0,0.0,0.0,1.0,-0.0006721283561802085,0.00012518353896659142,0.0,0.0,0.0,0.0
291,1786799152,927671107,1786799152.927671,-11.49938386040592,-1.978378472123469,0.3934995897509293,0.0,0.0,0.0,1.0,-0.0005488740754689336,7.797110216785552e-05,0.0,0.0,0.0,0.0
292,1786799153,110960166,1786799153.110960,-11.500738800969717,-1.978568245682591,0.3955027939810985,0.0,0.0,0.0,1.0,-0.0006743775836630074,2.85693076502686e-05,0.0,0.0,0.0,0.0
293,1786799153,127748214,1786799153.127748,-11.500836053784,-1.9786232452576415,0.3974785373971316,0.0,0.0,0.0,1.0,-0.0005375831788397549,2.4861248333977335e-05,0.0,0.0,0.0,0.0
294,1786799153,377628955,1786799153.377629,-11.501717744989694,-1.9792127595038105,0.40462907030442946,0.0,0.0,0.0,1.0,-0.00029302402884864474,-0.0011453497041077699,0.0,0.0,0.0,0.0
295,1786799154,77648910,1786799154.077649,-11.502783545093981,-1.980708991824454,0.41309260980143647,0.0,0.0,0.0,1.0,0.0005594759033851229,-0.00249939979339963,0.0,0.0,0.0,0.0
296,1786799154,144249115,1786799154.144249,-11.502803250622774,-1.9808143835018355,0.41610394709991183,0.0,0.0,0.0,1.0,-0.0010928529230387974,-0.002080008695889861,0.0,0.0,0.0,0.0
297,1786799155,77620776,1786799155.077621,-11.501812066979575,-1.9797450988313936,0.43197558947343895,0.0,0.0,0.0,1.0,-6.017976731101328e-05,0.001801287771046984,0.0,0.0,0.0,0.0
298,1786799155,110975854,1786799155.110976,-11.50166774079344,-1.9798866758247922,0.43197558947343895,0.0,0.0,0.0,1.0,0.0004816038331226628,0.00029806254552496893,0.0,0.0,0.0,0.0
299,1786799155,127661134,1786799155.127661,-11.501596442846827,-1.9799282364269635,0.43165820689343093,0.0,0.0,0.0,1.0,0.0007393578670396627,-9.922442664862872e-06,0.0,0.0,0.0,0.0
300,1786799155,444336067,1786799155.444336,-11.500499708191217,-1.9797411835731367,0.4404797778814545,0.0,0.0,0.0,1.0,-0.0025674512500620185,-0.00043179657421295477,0.0,0.0,0.0,0.0
301,1786799155,460986858,1786799155.460987,-11.50053718397936,-1.9798419439225845,0.4404797778814545,0.0,0.0,0.0,1.0,-0.0025222622088565223,-0.001386908291382805,0.0,0.0,0.0,0.0
302,1786799155,577657655,1786799155.577658,-11.500997593697457,-1.9797530310975617,0.44139988053760465,0.0,0.0,0.0,1.0,-0.0005067625309640609,0.0013881112995549432,0.0,0.0,0.0,0.0
303,1786799155,594329165,1786799155.594329,-11.50109457341154,-1.9796930145043543,0.44139988053760465,0.0,0.0,0.0,1.0,0.0005710172543932442,0.0020208503237557044,0.0,0.0,0.0,0.0
304,1786799155,927698177,1786799155.927698,-11.500319813028383,-1.9787783821874658,0.450260743659795,0.0,0.0,0.0,1.0,0.00041391190174274226,0.0015176166843357385,0.0,0.0,0.0,0.0
305,1786799155,977688715,1786799155.977689,-11.50014159588686,-1.978691978299875,0.44934786105261987,0.0,0.0,0.0,1.0,0.00032649889569723236,0.0011736642370012895,0.0,0.0,0.0,0.0
306,1786799156,10990655,1786799156.010991,-11.500270858282096,-1.9786806019375376,0.44934786105261987,0.0,0.0,0.0,1.0,0.00023591035280717896,0.0009406715278028721,0.0,0.0,0.0,0.0
307,1786799156,394377243,1786799156.394377,-11.501140158607393,-1.9782698832064964,0.45490401053242013,0.0,0.0,0.0,1.0,-0.00016273025033292213,0.0006861288529207511,0.0,0.0,0.0,0.0
308,1786799157,244332779,1786799157.244333,-11.50290973403617,-1.9776263445544322,0.471228390923727,0.0,0.0,0.0,1.0,-0.0013201834610845134,0.00020065351451679643,0.0,0.0,0.0,0.0
309,1786799158,111004083,1786799158.111004,-11.503820762848205,-1.9762390050023144,0.4898329596580086,0.0,0.0,0.0,1.0,0.001375962679190042,0.00062221492522665,0.0,0.0,0.0,0.0
310,1786799158,144402862,1786799158.144403,-11.503527860552285,-1.9762890465931895,0.48912670201665803,0.0,0.0,0.0,1.0,0.0018981248363169217,-0.00010674498045979048,0.0,0.0,0.0,0.0
311,1786799158,511089205,1786799158.511089,-11.50310569023144,-1.976284029089152,0.4967918068035278,0.0,0.0,0.0,1.0,0.0006415267549998238,-0.0007215178176808777,0.0,0.0,0.0,0.0
312,1786799158,544354646,1786799158.544355,-11.503100700972716,-1.976090673295683,0.49809235810719144,0.0,0.0,0.0,1.0,0.00041881892964527737,0.000815713357228861,0.0,0.0,0.0,0.0
313,1786799159,511098433,1786799159.511098,-11.501507946349488,-1.9741195967194325,0.5137638772925599,0.0,0.0,0.0,1.0,0.0003500636239329051,0.0007763789350473621,0.0,0.0,0.0,0.0
314,1786799159,544528896,1786799159.544529,-11.50146566309735,-1.9738908870278256,0.5148515151576879,0.0,0.0,0.0,1.0,8.796221537341666e-05,0.0014761800588419006,0.0,0.0,0.0,0.0
315,1786799159,877825035,1786799159.877825,-11.499629813781752,-1.9732073560693255,0.5201489892553606,0.0,0.0,0.0,1.0,-0.0008914949013503191,-0.0005762894086217439,0.0,0.0,0.0,0.0
316,1786799160,111087768,1786799160.111088,-11.498444008581176,-1.972952536251938,0.5237261337877812,0.0,0.0,0.0,1.0,-0.0012301891435841533,0.000771842697966145,0.0,0.0,0.0,0.0
317,1786799160,144456617,1786799160.144457,-11.498360767621323,-1.9728503295527553,0.526971685429458,0.0,0.0,0.0,1.0,3.194938116334294e-05,0.0004947765324763741,0.0,0.0,0.0,0.0
318,1786799160,244401449,1786799160.244401,-11.498031406112268,-1.9729800589718687,0.5257519276898232,0.0,0.0,0.0,1.0,0.0006976801971621706,-0.00023375434216703627,0.0,0.0,0.0,0.0
319,1786799160,877743591,1786799160.877743,-11.496754673824972,-1.9737657521905094,0.536999845322147,0.0,0.0,0.0,1.0,0.0003276932059034434,-0.00017012023852316837,0.0,0.0,0.0,0.0
320,1786799160,944513659,1786799160.944514,-11.496921022481345,-1.9736940471132485,0.538707002250809,0.0,0.0,0.0,1.0,0.00016911407799554762,-9.19327055945626e-05,0.0,0.0,0.0,0.0
321,1786799160,977788322,1786799160.977788,-11.496928478825879,-1.9736666273911116,0.538707002250809,0.0,0.0,0.0,1.0,0.00012498271601508353,-6.397856182767367e-05,0.0,0.0,0.0,0.0
322,1786799161,11178017,1786799161.011178,-11.496885094695502,-1.9736353547233505,0.5410629909898335,0.0,0.0,0.0,1.0,9.970812000570093e-05,-5.6510044183521194e-05,0.0,0.0,0.0,0.0
323,1786799161,111069504,1786799161.111069,-11.496865143098542,-1.9734734450242164,0.5428266071987875,0.0,0.0,0.0,1.0,5.2899680009599326e-05,-4.91551820873457e-06,0.0,0.0,0.0,0.0
324,1786799161,177854432,1786799161.177855,-11.496933334278559,-1.973554512533673,0.543928829685995,0.0,0.0,0.0,1.0,1.032016126158516e-05,8.276107529405317e-06,0.0,0.0,0.0,0.0
325,1786799161,311100125,1786799161.311100,-11.497549440576947,-1.973866680929344,0.5458437284113159,0.0,0.0,0.0,1.0,0.00016878551744203097,-0.000920353715539414,0.0,0.0,0.0,0.0
326,1786799161,344451532,1786799161.344451,-11.497778483021367,-1.9736505879602404,0.5474710270371819,0.0,0.0,0.0,1.0,-0.0001958806772868677,0.0009725802533969743,0.0,0.0,0.0,0.0
327,1786799161,511093392,1786799161.511093,-11.498578074048112,-1.9736868031291372,0.5470427583689264,0.0,0.0,0.0,1.0,-0.0002909800584404804,-0.0013110802203132506,0.0,0.0,0.0,0.0
328,1786799161,544442701,1786799161.544443,-11.498724445982862,-1.973592811920382,0.5497010012696774,0.0,0.0,0.0,1.0,4.6155639111205074e-05,0.00037993346856012803,0.0,0.0,0.0,0.0
329,1786799161,611093460,1786799161.611094,-11.499214490332383,-1.97356937944736,0.5519403652692658,0.0,0.0,0.0,1.0,0.0007866681782832005,-0.0001961044118837754,0.0,0.0,0.0,0.0
330,1786799161,944415788,1786799161.944416,-11.499607434837392,-1.9740422724075122,0.5571074950424435,0.0,0.0,0.0,1.0,0.0005760765007347728,-0.00022401783222952135,0.0,0.0,0.0,0.0
331,1786799162,111108682,1786799162.111109,-11.499295274072717,-1.9742788516274432,0.5620658249429671,0.0,0.0,0.0,1.0,0.0004376019779546947,-0.00026845170890789675,0.0,0.0,0.0,0.0
332,1786799162,344495813,1786799162.344496,-11.501604294424853,-1.9753082942647666,0.5658674085246121,0.0,0.0,0.0,1.0,-0.00013205658940612126,-0.00026510820638584544,0.0,0.0,0.0,0.0
333,1786799162,544449071,1786799162.544449,-11.503971097079306,-1.9762459516978046,0.5681500749105415,0.0,0.0,0.0,1.0,-0.0006155312905472565,-0.00031598833120672677,0.0,0.0,0.0,0.0
334,1786799162,611136432,1786799162.611136,-11.50482768985481,-1.9767503080116864,0.5690254631115775,0.0,0.0,0.0,1.0,-0.0014989817999801409,-0.0011534334386496341,0.0,0.0,0.0,0.0
335,1786799163,11139942,1786799163.011140,-11.506159569243518,-1.9778223530427148,0.5753360257249445,0.0,0.0,0.0,1.0,-0.0012129007122749242,-0.0008904916069180579,0.0,0.0,0.0,0.0
336,1786799163,44476423,1786799163.044477,-11.506274878880394,-1.9778576701871955,0.5757740716030706,0.0,0.0,0.0,1.0,-0.0009462408400524066,-0.0006807531673097885,0.0,0.0,0.0,0.0
337,1786799163,77881022,1786799163.077881,-11.506543028611434,-1.9779838563004768,0.5780595181034971,0.0,0.0,0.0,1.0,-0.000777715806718261,-0.0005491732218223327,0.0,0.0,0.0,0.0
338,1786799163,211175639,1786799163.211176,-11.507253428526594,-1.9784322845912123,0.5802042948255908,0.0,0.0,0.0,1.0,-0.0006902478519262529,-0.00043999700027125375,0.0,0.0,0.0,0.0
339,1786799163,244456665,1786799163.244457,-11.507399965649785,-1.9785118793701546,0.58027686197957,0.0,0.0,0.0,1.0,-0.0005503641033137193,-0.0003668595829508512,0.0,0.0,0.0,0.0
340,1786799163,344474519,1786799163.344475,-11.508069244700359,-1.9788268214445035,0.5806328132762657,0.0,0.0,0.0,1.0,-0.0005135032041085234,-0.0003300731898743917,0.0,0.0,0.0,0.0
341,1786799163,377855198,1786799163.377855,-11.508171818209753,-1.9788419243883688,0.5806328132762657,0.0,0.0,0.0,1.0,-0.00043494258370120706,-0.0002584887827132591,0.0,0.0,0.0,0.0
342,1786799163,877827776,1786799163.877828,-11.509168339089795,-1.9793465356724629,0.5873899374263649,0.0,0.0,0.0,1.0,-0.0005416531920802081,-0.00022701880057364527,0.0,0.0,0.0,0.0
343,1786799163,977930116,1786799163.977930,-11.509472685628408,-1.9795097898005167,0.5911714488928436,0.0,0.0,0.0,1.0,-0.00047205265200933057,-0.00021611166822661402,0.0,0.0,0.0,0.0
344,1786799164,11172429,1786799164.011173,-11.509535547658851,-1.9795186909569076,0.5911714488928436,0.0,0.0,0.0,1.0,-0.0003796939155586411,-0.00016922544700125877,0.0,0.0,0.0,0.0
345,1786799164,44489873,1786799164.044490,-11.50952207239529,-1.9794609182363583,0.5941362500653974,0.0,0.0,0.0,1.0,-0.00029402354321158246,-0.00011814374949373212,0.0,0.0,0.0,0.0
346,1786799164,77806279,1786799164.077806,-11.50965189379082,-1.9796914210227559,0.5941362500653974,0.0,0.0,0.0,1.0,-0.00027056330495106085,-0.0001465822511832274,0.0,0.0,0.0,0.0
347,1786799164,111208517,1786799164.111208,-11.509673470525787,-1.979678719572951,0.5950054322056326,0.0,0.0,0.0,1.0,-0.00023521659962755478,-0.00010463447120607325,0.0,0.0,0.0,0.0
348,1786799164,277871879,1786799164.277872,-11.509467536738919,-1.9800782541676678,0.5948480433258218,0.0,0.0,0.0,1.0,-0.00018078789699920757,-0.00017620677255798372,0.0,0.0,0.0,0.0
349,1786799164,311195828,1786799164.311196,-11.509365717502932,-1.9799824114499684,0.5947545069901571,0.0,0.0,0.0,1.0,-0.00013438752112518416,-0.00012507206164721817,0.0,0.0,0.0,0.0
350,1786799164,344545782,1786799164.344546,-11.509489177054471,-1.9800670129166829,0.5963274161888166,0.0,0.0,0.0,1.0,-0.00012220755844684228,-0.00011188461641953942,0.0,0.0,0.0,0.0
351,1786799164,377890705,1786799164.377891,-11.51003079787039,-1.9799490518685525,0.5974217199527708,0.0,0.0,0.0,1.0,-0.0017274278743143088,0.001054542733612464,0.0,0.0,0.0,0.0
352,1786799164,477810401,1786799164.477810,-11.510267058431577,-1.9802075221744915,0.5976563965823168,0.0,0.0,0.0,1.0,-0.0002315323178881056,-0.0003774152263892542,0.0,0.0,0.0,0.0
353,1786799165,77910499,1786799165.077910,-11.510172884994985,-1.9806400744555333,0.60499991690045,0.0,0.0,0.0,1.0,-0.00019150718021579633,-0.00023000772931478273,0.0,0.0,0.0,0.0
354,1786799165,111174980,1786799165.111175,-11.510166927505116,-1.9806053608226306,0.6067719854515666,0.0,0.0,0.0,1.0,-0.000148485150065284,-0.0001698080908879515,0.0,0.0,0.0,0.0
355,1786799165,144569461,1786799165.144569,-11.51011722975461,-1.9805892142319874,0.6079662816513491,0.0,0.0,0.0,1.0,-0.0001203429607517511,-0.00011888815528357174,0.0,0.0,0.0,0.0
356,1786799165,177823092,1786799165.177823,-11.510119102260129,-1.9805447628740949,0.6056994338980808,0.0,0.0,0.0,1.0,-9.592678109795357e-05,-8.409475615786302e-05,0.0,0.0,0.0,0.0
357,1786799165,211143235,1786799165.211143,-11.51012730114273,-1.9805164649624039,0.6056994338980808,0.0,0.0,0.0,1.0,-8.610982510011498e-05,-5.316701357082767e-05,0.0,0.0,0.0,0.0
358,1786799165,244530134,1786799165.244530,-11.509833964149085,-1.9804006251584112,0.6116360780577569,0.0,0.0,0.0,1.0,-5.083686606961607e-05,-3.139325540996653e-05,0.0,0.0,0.0,0.0
359,1786799165,277817817,1786799165.277818,-11.509837947542081,-1.9803624449745374,0.6116360780577569,0.0,0.0,0.0,1.0,-4.284176097624181e-05,-1.9726062588548267e-05,0.0,0.0,0.0,0.0
360,1786799165,311213864,1786799165.311214,-11.509828234350655,-1.9803316785297156,0.6114013671415136,0.0,0.0,0.0,1.0,-5.063158476499454e-05,-7.839288833209632e-06,0.0,0.0,0.0,0.0
361,1786799165,544636248,1786799165.544636,-11.509168571581775,-1.980160711972477,0.6167487296044022,0.0,0.0,0.0,1.0,-0.001720245163884928,-0.0001383602760403661,0.0,0.0,0.0,0.0
362,1786799165,711193045,1786799165.711193,-11.508610121717261,-1.9799912691512231,0.6171108236008207,0.0,0.0,0.0,1.0,-0.0005358276103991644,0.00041439566340360225,0.0,0.0,0.0,0.0
363,1786799165,911224330,1786799165.911224,-11.508073253560013,-1.9798915969672672,0.6198437237768839,0.0,0.0,0.0,1.0,-0.00044275499624999695,0.0003551801591884034,0.0,0.0,0.0,0.0
364,1786799166,444567636,1786799166.444568,-11.506877451283128,-1.9795383998312561,0.6263496593128386,0.0,0.0,0.0,1.0,-7.143918663744082e-05,0.00022183193172331197,0.0,0.0,0.0,0.0
365,1786799166,611219327,1786799166.611219,-11.50610982083398,-1.9795138880076297,0.6255945997617695,0.0,0.0,0.0,1.0,0.002622668280403878,-0.00029659176820063946,0.0,0.0,0.0,0.0
366,1786799167,144647217,1786799167.144647,-11.504064127596465,-1.9795290567873445,0.6373630855036307,0.0,0.0,0.0,1.0,-0.0004990324728307649,-0.0004900363089848618,0.0,0.0,0.0,0.0
367,1786799167,377896266,1786799167.377896,-11.502455079650575,-1.9792290401039088,0.6401656841268459,0.0,0.0,0.0,1.0,0.0007312460445793018,0.00035671082100730423,0.0,0.0,0.0,0.0
368,1786799167,911257648,1786799167.911258,-11.498764365751391,-1.9784464320339865,0.6461611011829682,0.0,0.0,0.0,1.0,-0.00010785489984115808,0.00011548382696858982,0.0,0.0,0.0,0.0
369,1786799167,944628075,1786799167.944628,-11.498716379952949,-1.978482392868857,0.6485190340981135,0.0,0.0,0.0,1.0,-0.002481925116226727,-0.0011530394949744672,0.0,0.0,0.0,0.0
370,1786799168,444555184,1786799168.444555,-11.49832142616853,-1.9782625859265268,0.658691821191515,0.0,0.0,0.0,1.0,-0.0010078595435690694,0.0009061535467655595,0.0,0.0,0.0,0.0
371,1786799168,544538373,1786799168.544538,-11.498117829610852,-1.978162978587843,0.6583622808255445,0.0,0.0,0.0,1.0,3.2420652106188294e-05,-1.847739697796117e-05,0.0,0.0,0.0,0.0
372,1786799168,611236284,1786799168.611236,-11.497920306246334,-1.9780887114752836,0.6578856186685712,0.0,0.0,0.0,1.0,-0.00013198273020901028,0.0001906771225598055,0.0,0.0,0.0,0.0
373,1786799168,644541460,1786799168.644542,-11.497739774485341,-1.9780227342069676,0.6582753744415745,0.0,0.0,0.0,1.0,-0.0005877281390924729,-0.0007132248249711031,0.0,0.0,0.0,0.0
374,1786799168,711218915,1786799168.711219,-11.497712125995964,-1.9780162693382246,0.6578467268552687,0.0,0.0,0.0,1.0,-0.000756220898028917,-0.00041945591124398446,0.0,0.0,0.0,0.0
375,1786799168,944547553,1786799168.944548,-11.497721026682962,-1.9780693532626046,0.6644742681554239,0.0,0.0,0.0,1.0,-0.0006123008670385966,-0.0003373855846818906,0.0,0.0,0.0,0.0
376,1786799169,311247917,1786799169.311248,-11.497628609638674,-1.9780719094484216,0.66684929522118,0.0,0.0,0.0,1.0,-0.00040638683062548377,-0.00024161639573576084,0.0,0.0,0.0,0.0
377,1786799169,977912470,1786799169.977912,-11.497720573536277,-1.9780101843398739,0.6742178827130152,0.0,0.0,0.0,1.0,-0.00039692240501973777,-0.00023656394538098987,0.0,0.0,0.0,0.0
378,1786799170,11241505,1786799170.011241,-11.497516436305773,-1.977968111871093,0.6769481887620384,0.0,0.0,0.0,1.0,0.002137965331101088,-0.0004522105872942099,0.0,0.0,0.0,0.0
379,1786799170,311387586,1786799170.311388,-11.497074756404267,-1.978003403636183,0.6837212756860809,0.0,0.0,0.0,1.0,-0.00031595159082032287,-0.00033187993163282296,0.0,0.0,0.0,0.0
380,1786799170,477995500,1786799170.477995,-11.496947355128482,-1.9780947091828223,0.6841461016581407,0.0,0.0,0.0,1.0,0.00014513491567744565,-0.0010836662592410306,0.0,0.0,0.0,0.0
381,1786799170,544710704,1786799170.544711,-11.496439382970976,-1.9779801857084474,0.6850524107199131,0.0,0.0,0.0,1.0,0.0008069799929140986,0.0002728633182321647,0.0,0.0,0.0,0.0
382,1786799170,744674599,1786799170.744675,-11.495170290473409,-1.977362379027691,0.6861515422591941,0.0,0.0,0.0,1.0,0.000694464820259141,0.0007916452552652354,0.0,0.0,0.0,0.0
383,1786799170,777935341,1786799170.777935,-11.494475652285916,-1.9771325760820038,0.687984182976689,0.0,0.0,0.0,1.0,0.0006682017671395793,0.0007578994336822436,0.0,0.0,0.0,0.0
384,1786799170,811275018,1786799170.811275,-11.493942349865701,-1.9769949091613952,0.687984182976689,0.0,0.0,0.0,1.0,0.0006256221438890404,0.0007062343808618405,0.0,0.0,0.0,0.0
385,1786799170,911318301,1786799170.911318,-11.492252781641653,-1.976416324827218,0.6880923136249659,0.0,0.0,0.0,1.0,0.0005576643675186412,0.0006111238444753458,0.0,0.0,0.0,0.0
386,1786799170,944692716,1786799170.944693,-11.491884353045812,-1.976304618646181,0.6891457427309222,0.0,0.0,0.0,1.0,0.0004811747925354187,0.0005278770336934426,0.0,0.0,0.0,0.0
387,1786799170,977986004,1786799170.977986,-11.491301565090545,-1.9761497213193848,0.6925381280522314,0.0,0.0,0.0,1.0,0.0004296596335239154,0.0004422254385426751,0.0,0.0,0.0,0.0
388,1786799171,11272317,1786799171.011272,-11.491297683536592,-1.9760566717350956,0.6925381280522314,0.0,0.0,0.0,1.0,0.0003520049264317949,0.0009788627203943798,0.0,0.0,0.0,0.0
389,1786799171,111342298,1786799171.111342,-11.490257210476173,-1.9755298820064109,0.6914076926779538,0.0,0.0,0.0,1.0,-0.0011152740689583571,0.0014111778596916605,0.0,0.0,0.0,0.0
390,1786799171,144693164,1786799171.144693,-11.49005100212681,-1.9753644407271709,0.6948852371884728,0.0,0.0,0.0,1.0,-0.0010723966920632407,0.0013558082252536404,0.0,0.0,0.0,0.0
391,1786799171,211254407,1786799171.211254,-11.489874426528868,-1.9752321159350272,0.6957742197006361,0.0,0.0,0.0,1.0,-0.0009696041241047584,0.0012327580675635045,0.0,0.0,0.0,0.0
392,1786799171,277983863,1786799171.277984,-11.490098067143746,-1.9752019295724985,0.6975503969001119,0.0,0.0,0.0,1.0,-0.000849003302799723,0.0010792926143460648,0.0,0.0,0.0,0.0
393,1786799171,344666970,1786799171.344667,-11.490192795436936,-1.975114506047213,0.698183361786263,0.0,0.0,0.0,1.0,-0.0007109704731573451,0.0009001627958335688,0.0,0.0,0.0,0.0
394,1786799171,678017573,1786799171.678018,-11.490871763784533,-1.974680600734133,0.6991555161779277,0.0,0.0,0.0,1.0,-0.0006454273446547371,0.0006594211067079126,0.0,0.0,0.0,0.0
395,1786799171,944667079,1786799171.944667,-11.491597980113399,-1.9744723731480496,0.7038799139183205,0.0,0.0,0.0,1.0,-0.0007115720796841704,0.0005113905854322256,0.0,0.0,0.0,0.0
396,1786799172,244662438,1786799172.244663,-11.48986113481223,-1.9739844103747992,0.7076637056986617,0.0,0.0,0.0,1.0,-3.048899363704964e-05,0.00032323247300284686,0.0,0.0,0.0,0.0
397,1786799172,311352601,1786799172.311352,-11.489098482529823,-1.9738534688976364,0.7119662883867764,0.0,0.0,0.0,1.0,0.0001482926190716098,0.00026028743337970717,0.0,0.0,0.0,0.0
398,1786799172,377984093,1786799172.377984,-11.48957562352767,-1.9736090543641664,0.7105385440220136,0.0,0.0,0.0,1.0,-0.001837076857460639,0.0007950280541997939,0.0,0.0,0.0,0.0
399,1786799172,444753970,1786799172.444754,-11.489289494850288,-1.9735107921122537,0.711366172957677,0.0,0.0,0.0,1.0,-0.0005608573677705973,-0.0003825077072673919,0.0,0.0,0.0,0.0
400,1786799172,544682900,1786799172.544683,-11.488596209722395,-1.9733553501877124,0.7115600504754175,0.0,0.0,0.0,1.0,-0.0005028355239683855,-0.0003452424580292377,0.0,0.0,0.0,0.0
401,1786799172,578053800,1786799172.578054,-11.488039081625505,-1.9732163168294339,0.712357771831328,0.0,0.0,0.0,1.0,-0.0004377326447552998,-0.00030200243291773627,0.0,0.0,0.0,0.0
402,1786799172,611384488,1786799172.611384,-11.488049750653017,-1.9731977318922638,0.712357771831328,0.0,0.0,0.0,1.0,-0.00038142270420123196,-0.0002625986395492191,0.0,0.0,0.0,0.0
403,1786799172,644664767,1786799172.644665,-11.488154993361158,-1.9731879145104498,0.7147387167783285,0.0,0.0,0.0,1.0,-0.00033811047998969575,-0.00021023762744646796,0.0,0.0,0.0,0.0
404,1786799172,678037164,1786799172.678037,-11.48830589491108,-1.9731333074945707,0.7165820867717118,0.0,0.0,0.0,1.0,-0.0011152171046673327,0.0001998487620921003,0.0,0.0,0.0,0.0
405,1786799172,811335656,1786799172.811336,-11.48849237621431,-1.9730651076700452,0.7156979572725595,0.0,0.0,0.0,1.0,-0.0009809765193459108,0.00017681699972958327,0.0,0.0,0.0,0.0
406,1786799172,844674173,1786799172.844674,-11.48854684007631,-1.9729982634164624,0.7138685950912007,0.0,0.0,0.0,1.0,-0.0008520258626506133,0.00015687061082073894,0.0,0.0,0.0,0.0
407,1786799172,878016782,1786799172.878017,-11.488611953496449,-1.9729555955217064,0.7138685950912007,0.0,0.0,0.0,1.0,-0.0007334622609450285,0.0001358950029765135,0.0,0.0,0.0,0.0
408,1786799172,944730778,1786799172.944731,-11.488647029983929,-1.9729208210857085,0.7173727248823517,0.0,0.0,0.0,1.0,6.805517356757798e-05,-0.0003716337485694716,0.0,0.0,0.0,0.0
409,1786799173,244709860,1786799173.244710,-11.488966492204712,-1.9729662212576506,0.7224796094551128,0.0,0.0,0.0,1.0,1.873539679362569e-05,-0.00026319302580666046,0.0,0.0,0.0,0.0
410,1786799173,278022745,1786799173.278023,-11.489069659159401,-1.9729577514861285,0.7224796094551128,0.0,0.0,0.0,1.0,-2.179313086107063e-06,-0.00019430796524823172,0.0,0.0,0.0,0.0
411,1786799173,311394905,1786799173.311395,-11.489073671727796,-1.9729235905878557,0.7240150683616664,0.0,0.0,0.0,1.0,-2.2635299553862537e-06,-0.00015400026910782413,0.0,0.0,0.0,0.0
412,1786799173,411404003,1786799173.411404,-11.488624372460585,-1.9727782441038977,0.7236849876479836,0.0,0.0,0.0,1.0,3.1659405349050755e-05,-0.00010817782182488818,0.0,0.0,0.0,0.0
413,1786799173,444684021,1786799173.444684,-11.488662855511105,-1.9727376833537649,0.7207516524118265,0.0,0.0,0.0,1.0,1.2034806641926677e-05,-7.972338665067317e-05,0.0,0.0,0.0,0.0
414,1786799173,511355155,1786799173.511355,-11.48790241509798,-1.9725804421676056,0.7218656646751139,0.0,0.0,0.0,1.0,8.257024866006543e-05,-6.917244609723692e-05,0.0,0.0,0.0,0.0
415,1786799173,611348099,1786799173.611348,-11.487439687089186,-1.972384324974304,0.7235131306543933,0.0,0.0,0.0,1.0,8.99667593464568e-05,-3.231547061725957e-05,0.0,0.0,0.0,0.0
416,1786799173,877998215,1786799173.877998,-11.48786817461308,-1.972365382826,0.7253664741032352,0.0,0.0,0.0,1.0,-6.458728922290264e-05,3.506728123039792e-05,0.0,0.0,0.0,0.0
417,1786799174,44720518,1786799174.044720,-11.488077510366045,-1.9721748174248719,0.7252408347616827,0.0,0.0,0.0,1.0,-0.00020516216630311147,0.00016414371695152327,0.0,0.0,0.0,0.0
418,1786799174,311343908,1786799174.311344,-11.48878888486316,-1.972018661460677,0.7282157910136072,0.0,0.0,0.0,1.0,-0.000389429753220613,0.0001693300386229927,0.0,0.0,0.0,0.0
419,1786799174,344736463,1786799174.344737,-11.488832050263403,-1.9719733475358654,0.7255193328553108,0.0,0.0,0.0,1.0,-0.00031402881957229246,0.00013970761687016837,0.0,0.0,0.0,0.0
420,1786799174,644750104,1786799174.644750,-11.48909095462285,-1.9719078008390838,0.7282487290000585,0.0,0.0,0.0,1.0,0.0004798260280624245,-0.00010744399633831259,0.0,0.0,0.0,0.0
421,1786799174,661379362,1786799174.661379,-11.489131947400747,-1.9718967227643374,0.7282487290000585,0.0,0.0,0.0,1.0,-5.8331203834174374e-05,-0.0001035828314787045,0.0,0.0,0.0,0.0
422,1786799174,777998539,1786799174.777998,-11.489230144016103,-1.971866522078774,0.7273463999285342,0.0,0.0,0.0,1.0,-5.3566915930366256e-05,-9.15874602064856e-05,0.0,0.0,0.0,0.0
423,1786799175,11446912,1786799175.011447,-11.487300697565392,-1.971885263471922,0.728106420643512,0.0,0.0,0.0,1.0,2.6334253322856205e-07,-5.6418228098167586e-05,0.0,0.0,0.0,0.0
424,1786799175,178028071,1786799175.178028,-11.48743136670096,-1.9718083212874555,0.7280978597818923,0.0,0.0,0.0,1.0,-3.811574231569514e-05,-9.451145479118103e-06,0.0,0.0,0.0,0.0
425,1786799175,511373047,1786799175.511373,-11.488052977619228,-1.9716706087652396,0.7260163556645692,0.0,0.0,0.0,1.0,-0.0002567746565047748,5.357480998513032e-05,0.0,0.0,0.0,0.0
426,1786799175,711396314,1786799175.711396,-11.487374749305916,-1.9718936534133595,0.726339469933778,0.0,0.0,0.0,1.0,-3.076483838240731e-05,-0.00010914687788061555,0.0,0.0,0.0,0.0
427,1786799175,894805916,1786799175.894806,-11.487074639355761,-1.9719226116301163,0.7268228091220273,0.0,0.0,0.0,1.0,-4.453842245129941e-05,-7.50240955847011e-05,0.0,0.0,0.0,0.0
428,1786799176,78032293,1786799176.078032,-11.487445522507176,-1.9717480944330266,0.7251701804382716,0.0,0.0,0.0,1.0,-0.0001715119468075079,2.1697938596534512e-05,0.0,0.0,0.0,0.0
429,1786799176,211413650,1786799176.211414,-11.488213533651926,-1.9716421118863785,0.725563949056874,0.0,0.0,0.0,1.0,-0.0008036112032671298,-0.00041251112156663356,0.0,0.0,0.0,0.0
430,1786799176,244779760,1786799176.244780,-11.487678908040452,-1.971686690588001,0.7275748223588009,0.0,0.0,0.0,1.0,0.0021003218447739522,-0.0013356415627800806,0.0,0.0,0.0,0.0
431,1786799176,261444341,1786799176.261444,-11.487799825829615,-1.971634676659859,0.7275748223588009,0.0,0.0,0.0,1.0,0.001094918967486838,-0.0003741231929941831,0.0,0.0,0.0,0.0
432,1786799176,294779414,1786799176.294779,-11.487818812810247,-1.9715855791297858,0.7263012348065762,0.0,0.0,0.0,1.0,-0.0009907508133506929,0.0008450478328453363,0.0,0.0,0.0,0.0
433,1786799176,361451169,1786799176.361451,-11.488010762394289,-1.9713592844904129,0.7266820226125136,0.0,0.0,0.0,1.0,-0.0009241296284453395,0.0007883256913542167,0.0,0.0,0.0,0.0
434,1786799176,411399311,1786799176.411399,-11.488326769069436,-1.9712677725300078,0.7253731460448885,0.0,0.0,0.0,1.0,-0.0008311983995737689,0.0007110418548323959,0.0,0.0,0.0,0.0
435,1786799176,478130566,1786799176.478131,-11.488577425325483,-1.971155462965569,0.7278757386506957,0.0,0.0,0.0,1.0,-0.0007164078632334367,0.0006116659188061057,0.0,0.0,0.0,0.0
436,1786799176,544682563,1786799176.544683,-11.488612363776761,-1.9711012991945802,0.7253173776570881,0.0,0.0,0.0,1.0,-0.0005908564408876811,0.000504800601039492,0.0,0.0,0.0,0.0
437,1786799176,661399114,1786799176.661399,-11.488919821247423,-1.9710282288430974,0.7283729126551277,0.0,0.0,0.0,1.0,-0.00048218199819514117,0.00040175966156596543,0.0,0.0,0.0,0.0
438,1786799176,844739569,1786799176.844740,-11.489096781449724,-1.9712206393220026,0.7273781760771215,0.0,0.0,0.0,1.0,-0.00034442130710886766,0.0002162282768987097,0.0,0.0,0.0,0.0
439,1786799176,911400345,1786799176.911400,-11.489235250280927,-1.971142129948856,0.7274145563189194,0.0,0.0,0.0,1.0,-0.00027607419471975807,0.00016326057453470503,0.0,0.0,0.0,0.0
440,1786799177,11381129,1786799177.011381,-11.489253903869148,-1.9711825398394214,0.7293638174805667,0.0,0.0,0.0,1.0,-0.00021418724683529476,0.00010184705580239098,0.0,0.0,0.0,0.0
441,1786799177,161483329,1786799177.161483,-11.489840327969562,-1.9710915080740317,0.7270729289448835,0.0,0.0,0.0,1.0,-0.0002714136779695949,0.00015498213712776996,0.0,0.0,0.0,0.0
442,1786799177,294780280,1786799177.294780,-11.490078363036378,-1.9710631967836583,0.7268299505884607,0.0,0.0,0.0,1.0,-0.000244678652611955,0.00014156966564813996,0.0,0.0,0.0,0.0
443,1786799177,411415983,1786799177.411416,-11.490393802894,-1.9710590456595642,0.7274794266056206,0.0,0.0,0.0,1.0,-0.00024371902976521686,0.00012126157645827683,0.0,0.0,0.0,0.0
444,1786799177,444840363,1786799177.444840,-11.490383325830937,-1.9710643131680397,0.7273777696549233,0.0,0.0,0.0,1.0,-0.00018373797880564716,9.150628807249517e-05,0.0,0.0,0.0,0.0
445,1786799177,478103603,1786799177.478104,-11.490604151774084,-1.9710410613047293,0.7273777696549233,0.0,0.0,0.0,1.0,-0.00018850810522481065,8.869962786634626e-05,0.0,0.0,0.0,0.0
446,1786799177,511417578,1786799177.511418,-11.490603884936034,-1.9709931876416968,0.7268953071726769,0.0,0.0,0.0,1.0,-0.00015203122332445545,7.665126907605504e-05,0.0,0.0,0.0,0.0
447,1786799177,544793438,1786799177.544793,-11.490740810224104,-1.9709411396517131,0.7275366481196681,0.0,0.0,0.0,1.0,-0.0001544463635735199,7.27262450613915e-05,0.0,0.0,0.0,0.0
448,1786799177,611447731,1786799177.611448,-11.490811308313333,-1.9708968964736524,0.7274005594093749,0.0,0.0,0.0,1.0,-0.0001369434726888744,6.164988629393973e-05,0.0,0.0,0.0,0.0
449,1786799177,844752991,1786799177.844753,-11.491283110168153,-1.9707983622850562,0.7280019954984815,0.0,0.0,0.0,1.0,-0.00018830617160454894,7.647966291141932e-05,0.0,0.0,0.0,0.0
450,1786799177,878080666,1786799177.878081,-11.491399219661378,-1.9707877795371178,0.7277585699278583,0.0,0.0,0.0,1.0,-0.00016701862646539305,6.9813973722228e-05,0.0,0.0,0.0,0.0
451,1786799177,894846975,1786799177.894847,-11.491502463845924,-1.9707593444086222,0.7277585699278583,0.0,0.0,0.0,1.0,-0.0001522723864813601,6.43107180796203e-05,0.0,0.0,0.0,0.0
452,1786799177,944787835,1786799177.944788,-11.491181573026712,-1.970906793672715,0.725602576839164,0.0,0.0,0.0,1.0,-8.012372801671552e-05,8.768128875658873e-06,0.0,0.0,0.0,0.0
453,1786799177,978104462,1786799177.978104,-11.491184181576916,-1.9708487484532256,0.7241840344002469,0.0,0.0,0.0,1.0,-6.567568405877838e-05,1.2045398261982242e-05,0.0,0.0,0.0,0.0
454,1786799178,144689090,1786799178.144689,-11.490929299700003,-1.9711804266979176,0.7296998222954785,0.0,0.0,0.0,1.0,-3.357044804050696e-05,-1.5046869941684124e-05,0.0,0.0,0.0,0.0
455,1786799178,178062638,1786799178.178063,-11.490932225087004,-1.971128139781089,0.7296998222954785,0.0,0.0,0.0,1.0,-2.6937903345791917e-05,-6.8690275247685936e-06,0.0,0.0,0.0,0.0
456,1786799178,211477730,1786799178.211478,-11.490690130431181,-1.9713288666445459,0.7276803224691386,0.0,0.0,0.0,1.0,7.508724622808453e-06,-4.108347120720412e-05,0.0,0.0,0.0,0.0
457,1786799178,311446799,1786799178.311447,-11.49005801538942,-1.9714951069827167,0.7265742855040914,0.0,0.0,0.0,1.0,6.731056461506974e-05,-8.822999239658089e-05,0.0,0.0,0.0,0.0
458,1786799178,344768267,1786799178.344768,-11.489769030576442,-1.97158017092575,0.726748521777053,0.0,0.0,0.0,1.0,7.325858226050588e-05,-8.997375173432396e-05,0.0,0.0,0.0,0.0
459,1786799179,278151337,1786799179.278151,-11.486889451172948,-1.972142672048427,0.7246849478508698,0.0,0.0,0.0,1.0,0.0010470012970506687,-3.965333382782127e-05,0.0,0.0,0.0,0.0
460,1786799179,311480352,1786799179.311480,-11.48655550101319,-1.9721109540308324,0.7246849478508698,0.0,0.0,0.0,1.0,0.005018841968913902,-0.0006639997115883221,0.0,0.0,0.0,0.0
461,1786799179,544823607,1786799179.544824,-11.484204801887085,-1.972143848633969,0.7264453752832895,0.0,0.0,0.0,1.0,0.009506011925497583,-0.00045151693904471894,0.0,0.0,0.0,0.0
462,1786799179,561481720,1786799179.561482,-11.484040219424694,-1.9721190965276194,0.7264453752832895,0.0,0.0,0.0,1.0,0.010616194532227695,0.00026266551517711064,0.0,0.0,0.0,0.0
463,1786799179,594869655,1786799179.594870,-11.483651134064258,-1.9720521417411534,0.727927450149157,0.0,0.0,0.0,1.0,0.012026567249382744,-0.0006115384695695796,0.0,0.0,0.0,0.0
464,1786799180,78180218,1786799180.078180,-11.47725310408397,-1.9720436639050445,0.7258448223152684,0.0,0.0,0.0,1.0,0.00811024900871293,-0.0004501235922061992,0.0,0.0,0.0,0.0
465,1786799180,94835051,1786799180.094835,-11.473515269795548,-1.9721364585969712,0.7258448223152684,0.0,0.0,0.0,1.0,0.021630488718990443,-0.00041833415514872224,0.0,0.0,0.0,0.0
466,1786799180,311580668,1786799180.311581,-11.467300390213701,-1.9725013187292408,0.7269227616956166,0.0,0.0,0.0,1.0,0.02297130479997303,0.0006064153330888229,0.0,0.0,0.0,0.0
467,1786799180,328167355,1786799180.328167,-11.466820245879218,-1.9725317754279963,0.7284772651168517,0.0,0.0,0.0,1.0,0.025331615908667754,-0.0008397662873122261,0.0,0.0,0.0,0.0
468,1786799180,361500713,1786799180.361501,-11.466016142336972,-1.9725778555592277,0.7284772651168517,0.0,0.0,0.0,1.0,0.022040281330030692,-0.0014487059516390698,0.0,0.0,0.0,0.0
469,1786799180,411541977,1786799180.411542,-11.464827233746222,-1.9728713665513418,0.7274485164321635,0.0,0.0,0.0,1.0,0.02507014539831742,-0.000640561670582116,0.0,0.0,0.0,0.0
470,1786799180,444809359,1786799180.444809,-11.463869146161784,-1.9728803621836069,0.726966998609025,0.0,0.0,0.0,1.0,0.027174923121816234,-0.0011375886264060027,0.0,0.0,0.0,0.0
471,1786799180,461523202,1786799180.461523,-11.46345346779105,-1.9728830022669561,0.726966998609025,0.0,0.0,0.0,1.0,0.02709376358841932,-0.0013681963900538767,0.0,0.0,0.0,0.0
472,1786799180,578122401,1786799180.578122,-11.460108594045725,-1.9731588358264271,0.7280788233638561,0.0,0.0,0.0,1.0,0.027206634627970423,-0.0010182563860425045,0.0,0.0,0.0,0.0
473,1786799180,594804234,1786799180.594804,-11.459508381037983,-1.9731207933663453,0.7280788233638561,0.0,0.0,0.0,1.0,0.02856972151672045,-0.001184979010819374,0.0,0.0,0.0,0.0
474,1786799180,678134057,1786799180.678134,-11.45729263666635,-1.9731586194838453,0.7252009723306716,0.0,0.0,0.0,1.0,0.02879123507406353,-0.00034856801668805876,0.0,0.0,0.0,0.0
475,1786799180,911512968,1786799180.911513,-11.450446103548586,-1.973145903164143,0.7280886641277461,0.0,0.0,0.0,1.0,0.03076876480012851,-0.0002526528529120199,0.0,0.0,0.0,0.0
476,1786799180,928176880,1786799180.928177,-11.449746918162536,-1.9730654668827827,0.7267352536519751,0.0,0.0,0.0,1.0,0.03330836298669192,-5.538983188012824e-05,0.0,0.0,0.0,0.0
477,1786799180,961546584,1786799180.961547,-11.448517628072596,-1.973056212446775,0.7267352536519751,0.0,0.0,0.0,1.0,0.03359564309750082,-0.0008111750858042086,0.0,0.0,0.0,0.0
478,1786799181,94825720,1786799181.094826,-11.44394706528858,-1.9729352437096945,0.7299987827766357,0.0,0.0,0.0,1.0,0.03555675389005387,0.0010882310279544212,0.0,0.0,0.0,0.0
479,1786799181,194888477,1786799181.194889,-11.440036180238627,-1.9728057227691003,0.7291200491649138,0.0,0.0,0.0,1.0,0.03507846528857544,-0.0008181543725140103,0.0,0.0,0.0,0.0
480,1786799181,294796683,1786799181.294797,-11.435923333866162,-1.9729749135524832,0.7294466726140185,0.0,0.0,0.0,1.0,0.038235866310338894,-0.0004952680962838304,0.0,0.0,0.0,0.0
481,1786799181,378169914,1786799181.378170,-11.432698337755141,-1.9729553955108796,0.7283096187223942,0.0,0.0,0.0,1.0,0.03748425850622408,-0.00015198893147194508,0.0,0.0,0.0,0.0
482,1786799181,561551015,1786799181.561551,-11.424923017231842,-1.9728438020370471,0.7269873607204128,0.0,0.0,0.0,1.0,0.04134469657853848,-0.0003809695872293268,0.0,0.0,0.0,0.0
483,1786799181,711614616,1786799181.711615,-11.41846704023867,-1.9727078602152524,0.728271865449735,0.0,0.0,0.0,1.0,0.040422611821015385,0.0006248182663591937,0.0,0.0,0.0,0.0
484,1786799181,744830308,1786799181.744830,-11.417217504219096,-1.9726792353008669,0.7252083405382721,0.0,0.0,0.0,1.0,0.04007300037484018,-0.00036533842916130024,0.0,0.0,0.0,0.0
485,1786799181,878185682,1786799181.878186,-11.411639960117332,-1.9730481770812913,0.7269734937397357,0.0,0.0,0.0,1.0,0.04417025598591461,-2.506778842943099e-05,0.0,0.0,0.0,0.0
486,1786799182,78207231,1786799182.078207,-11.400970973148457,-1.9744116558197093,0.7251082540900766,0.0,0.0,0.0,1.0,0.044560608826427775,-0.0006505048972994153,0.0,0.0,0.0,0.0
487,1786799182,111466162,1786799182.111466,-11.39960103996108,-1.9745133900391751,0.7251082540900766,0.0,0.0,0.0,1.0,0.04969039155126619,-0.0001413030768633234,0.0,0.0,0.0,0.0
488,1786799182,128207791,1786799182.128208,-11.398307272771488,-1.9745931764163358,0.7278277554461122,0.0,0.0,0.0,1.0,0.044751613669160126,-0.002969315991175637,0.0,0.0,0.0,0.0
489,1786799182,161505803,1786799182.161506,-11.3968893479318,-1.9746046804812023,0.7278277554461122,0.0,0.0,0.0,1.0,0.04304211442761919,-0.0004760942605750913,0.0,0.0,0.0,0.0
490,1786799182,194874893,1786799182.194875,-11.39417291492279,-1.9744025253059028,0.7271515397113851,0.0,0.0,0.0,1.0,0.049307862003032124,0.0010389152673903532,0.0,0.0,0.0,0.0
491,1786799182,328216274,1786799182.328216,-11.38313261956177,-1.9736453239089102,0.7257824297789017,0.0,0.0,0.0,1.0,0.048660865777664986,-0.0012724149432731986,0.0,0.0,0.0,0.0
492,1786799182,394904799,1786799182.394905,-11.379045495533166,-1.9742373766552073,0.7225949973533536,0.0,0.0,0.0,1.0,0.047401985024149156,-0.0009012457313042309,0.0,0.0,0.0,0.0
493,1786799182,461558384,1786799182.461558,-11.375050807440813,-1.9751771878842768,0.7224301912652944,0.0,0.0,0.0,1.0,0.05202500866536214,-0.0008513611395367503,0.0,0.0,0.0,0.0
494,1786799182,494831731,1786799182.494832,-11.37105073465437,-1.9762853710507946,0.7252441646919698,0.0,0.0,0.0,1.0,0.0495039157231547,0.0011495473781269108,0.0,0.0,0.0,0.0
495,1786799182,544851190,1786799182.544851,-11.368459858135703,-1.9761458373016678,0.7251177264403967,0.0,0.0,0.0,1.0,0.056077235479905604,-0.0013055342195108825,0.0,0.0,0.0,0.0
496,1786799182,644835388,1786799182.644835,-11.36003997819571,-1.976158951437548,0.7227523880207275,0.0,0.0,0.0,1.0,0.05294674269548596,-0.0003772811904883234,0.0,0.0,0.0,0.0
497,1786799183,211547764,1786799183.211548,-11.32099278032419,-1.9751524996953163,0.7267496145831179,0.0,0.0,0.0,1.0,0.059702722519220756,0.0007606651322359846,0.0,0.0,0.0,0.0
498,1786799183,311623445,1786799183.311623,-11.314204649288932,-1.974920319744837,0.7275760739459015,0.0,0.0,0.0,1.0,0.06365837028447363,-0.0009142851951717598,0.0,0.0,0.0,0.0
499,1786799183,344824134,1786799183.344824,-11.311689918362173,-1.9748558088924517,0.7258245979816604,0.0,0.0,0.0,1.0,0.06534645042459537,-0.0027778907451171024,0.0,0.0,0.0,0.0
500,1786799183,378203068,1786799183.378203,-11.30889238560323,-1.9748013912967104,0.7249484499088009,0.0,0.0,0.0,1.0,0.07183285685196676,-0.00022702534064543423,0.0,0.0,0.0,0.0
501,1786799183,394894482,1786799183.394895,-11.306889615255669,-1.9744291906252072,0.7249484499088009,0.0,0.0,0.0,1.0,0.06760019638590553,-2.987396870223467e-05,0.0,0.0,0.0,0.0
502,1786799183,478184536,1786799183.478184,-11.30146841323327,-1.974094807422764,0.729094395069574,0.0,0.0,0.0,1.0,0.06572982052641461,0.0015810706814298869,0.0,0.0,0.0,0.0
503,1786799183,844845501,1786799183.844846,-11.249444593338131,-1.9684371657376183,0.7306691172763191,0.0,0.0,0.0,1.0,0.07007339179160496,0.000680498021557327,0.0,0.0,0.0,0.0
504,1786799183,861586990,1786799183.861587,-11.248196678531675,-1.9686774126878497,0.7306691172763191,0.0,0.0,0.0,1.0,0.07240782930596647,0.0026126809696147197,0.0,0.0,0.0,0.0
505,1786799183,944842081,1786799183.944842,-11.24522730636317,-1.9689439192687441,0.7274283831359009,0.0,0.0,0.0,1.0,0.06980450571460532,0.002211943538985806,0.0,0.0,0.0,0.0
506,1786799184,128256564,1786799184.128257,-11.236082104761245,-1.9701507322415592,0.7257921511555738,0.0,0.0,0.0,1.0,0.07570828044930765,0.001440961453916772,0.0,0.0,0.0,0.0
507,1786799184,344853469,1786799184.344853,-11.223147044391398,-1.9708281276944204,0.7232722644117262,0.0,0.0,0.0,1.0,0.07716702990983385,0.0007735560647575771,0.0,0.0,0.0,0.0
508,1786799185,61592415,1786799185.061592,-11.170776817704649,-1.9724337196249904,0.7249395792378759,0.0,0.0,0.0,1.0,0.08754651184888769,0.00047407395708754495,0.0,0.0,0.0,0.0
509,1786799185,128272840,1786799185.128273,-11.165777535357691,-1.9727446986945136,0.7254036030722105,0.0,0.0,0.0,1.0,0.0991909838346757,0.000395249079086285,0.0,0.0,0.0,0.0
510,1786799185,211568903,1786799185.211569,-11.159145937181933,-1.9727501299562247,0.7256115235768891,0.0,0.0,0.0,1.0,0.09247187053763925,0.0006275294408449161,0.0,0.0,0.0,0.0
511,1786799185,344909480,1786799185.344909,-11.144714298181007,-1.9752164143988071,0.7260758082662578,0.0,0.0,0.0,1.0,0.09982747255272725,0.0016165527805934755,0.0,0.0,0.0,0.0
512,1786799185,611620003,1786799185.611620,-11.119174010572591,-1.9775503545679614,0.7228012476064466,0.0,0.0,0.0,1.0,0.1083201186949835,-0.0002704093832222587,0.0,0.0,0.0,0.0
513,1786799185,744899747,1786799185.744900,-11.108975350190045,-1.9805172797392738,0.7271493318321856,0.0,0.0,0.0,1.0,0.10937727447964926,0.0010237384194059628,0.0,0.0,0.0,0.0
514,1786799186,78225591,1786799186.078226,-11.067673091907551,-1.9807917283103023,0.7264588310002217,0.0,0.0,0.0,1.0,0.11343350556733389,0.0006355528553287628,0.0,0.0,0.0,0.0
515,1786799186,178204218,1786799186.178204,-11.055603908991229,-1.9804944061687157,0.7271471263655729,0.0,0.0,0.0,1.0,0.11161742209187481,0.00018992987144661623,0.0,0.0,0.0,0.0
516,1786799186,311613160,1786799186.311613,-11.04087321860682,-1.9807940117400296,0.7293750331298086,0.0,0.0,0.0,1.0,0.11656519786642784,0.0011324992042473544,0.0,0.0,0.0,0.0
517,1786799186,361636409,1786799186.361636,-11.036036199312058,-1.9812103247441464,0.7282063076462274,0.0,0.0,0.0,1.0,0.1248404170450253,-0.0006296501286648004,0.0,0.0,0.0,0.0
518,1786799186,478214830,1786799186.478215,-11.024866134716197,-1.9813380161347718,0.7286399988941553,0.0,0.0,0.0,1.0,0.12040347144991238,-0.0003391668024674017,0.0,0.0,0.0,0.0
519,1786799186,561695919,1786799186.561696,-11.017135181396311,-1.98254667664783,0.7280727810606145,0.0,0.0,0.0,1.0,0.11552940088854195,0.0008109514232826076,0.0,0.0,0.0,0.0
520,1786799186,894947474,1786799186.894948,-10.990824570642985,-1.9857837764202808,0.7273006465430054,0.0,0.0,0.0,1.0,0.12427912693655593,7.515578958147261e-05,0.0,0.0,0.0,0.0
521,1786799187,128268102,1786799187.128268,-10.964521296542307,-1.9856744290813544,0.7286126400830795,0.0,0.0,0.0,1.0,0.12616377559560665,0.0004908114737933842,0.0,0.0,0.0,0.0
522,1786799187,394938183,1786799187.394938,-10.937127677727403,-1.9856660138786144,0.7265063789714657,0.0,0.0,0.0,1.0,0.12263535281647721,-5.697539155953199e-05,0.0,0.0,0.0,0.0
523,1786799187,428331197,1786799187.428331,-10.932279719685093,-1.9854901361801984,0.7269183521863068,0.0,0.0,0.0,1.0,0.13440002332939144,0.0005642362671747839,0.0,0.0,0.0,0.0
524,1786799187,528268025,1786799187.528268,-10.921754212996367,-1.9857608315563535,0.7274296009650327,0.0,0.0,0.0,1.0,0.12629763514263526,-0.00010932974781793954,0.0,0.0,0.0,0.0
525,1786799187,794937717,1786799187.794938,-10.88731494131558,-1.9838809636679073,0.727573447032694,0.0,0.0,0.0,1.0,0.1269601988011941,0.0009621394288453766,0.0,0.0,0.0,0.0
526,1786799187,878279148,1786799187.878279,-10.877133021786019,-1.9844344618834482,0.7261061836482958,0.0,0.0,0.0,1.0,0.12827699404180215,0.0009999576511397369,0.0,0.0,0.0,0.0
527,1786799188,28323520,1786799188.028323,-10.857515085902602,-1.9849781599928191,0.7256762049307128,0.0,0.0,0.0,1.0,0.12726955008984372,-0.00017144175135593433,0.0,0.0,0.0,0.0
528,1786799188,294962681,1786799188.294963,-10.821251105302185,-1.984920153110577,0.7254905335393783,0.0,0.0,0.0,1.0,0.1269299773931242,0.0014716319067990399,0.0,0.0,0.0,0.0
529,1786799188,378315794,1786799188.378316,-10.809322374681559,-1.9848937842509513,0.7246279582973782,0.0,0.0,0.0,1.0,0.1285361956437174,-0.0021958936725037935,0.0,0.0,0.0,0.0
530,1786799188,395001401,1786799188.395001,-10.806245869105586,-1.9845042236410277,0.7246279582973782,0.0,0.0,0.0,1.0,0.12774959220614193,7.738290473265812e-05,0.0,0.0,0.0,0.0
531,1786799188,428364181,1786799188.428364,-10.800609329641041,-1.9843234676105166,0.7261579093834842,0.0,0.0,0.0,1.0,0.12666207411250682,-0.0024409595177973475,0.0,0.0,0.0,0.0
532,1786799188,478305284,1786799188.478305,-10.7940663981378,-1.98421119356985,0.7279613508872463,0.0,0.0,0.0,1.0,0.11859368051059871,-0.0007010607048223629,0.0,0.0,0.0,0.0
533,1786799188,511722395,1786799188.511722,-10.78981945379526,-1.9841511803138634,0.7279613508872463,0.0,0.0,0.0,1.0,0.13706885578187528,0.0003051670805315962,0.0,0.0,0.0,0.0
534,1786799188,528320792,1786799188.528321,-10.787697021810459,-1.984091515150874,0.7284600344759878,0.0,0.0,0.0,1.0,0.12456525591232409,7.029160766602698e-05,0.0,0.0,0.0,0.0
535,1786799189,128413045,1786799189.128413,-10.737349069265647,-1.992500457766332,0.7256986354226543,0.0,0.0,0.0,1.0,0.11315072610340488,-0.007309230522652931,0.0,0.0,0.0,0.0
536,1786799189,328344412,1786799189.328344,-10.71047463494583,-1.98937474351719,0.7221034445612299,0.0,0.0,0.0,1.0,0.12381736473172376,-0.00010460045750147967,0.0,0.0,0.0,0.0
537,1786799189,428301524,1786799189.428302,-10.69985271253056,-1.9895031673873182,0.7238188932920192,0.0,0.0,0.0,1.0,0.13077477951048289,-0.000521635100284084,0.0,0.0,0.0,0.0
538,1786799189,528358336,1786799189.528358,-10.688259531139519,-1.989385919268166,0.7251039619653883,0.0,0.0,0.0,1.0,0.125139528788499,0.00015565513168659727,0.0,0.0,0.0,0.0
539,1786799189,728379045,1786799189.728379,-10.665915707303352,-1.9895708900808133,0.7256801226529439,0.0,0.0,0.0,1.0,0.12416514894012354,0.0015341421698649633,0.0,0.0,0.0,0.0
540,1786799189,761704405,1786799189.761704,-10.662998229236178,-1.989779736272061,0.7256801226529439,0.0,0.0,0.0,1.0,0.12340875328914587,0.0007132576794072075,0.0,0.0,0.0,0.0
541,1786799189,978322297,1786799189.978322,-10.637216006539209,-1.990898133597592,0.7263628113618079,0.0,0.0,0.0,1.0,0.12469711925279396,0.0018949184418850375,0.0,0.0,0.0,0.0
542,1786799190,78346725,1786799190.078347,-10.623071451763657,-1.9912507316952794,0.7254592443805823,0.0,0.0,0.0,1.0,0.12491303506461061,-0.0002312835967225881,0.0,0.0,0.0,0.0
543,1786799190,211768938,1786799190.211769,-10.604992816334821,-1.9909823739070363,0.7258235275491889,0.0,0.0,0.0,1.0,0.1245177201524426,0.0006255967220748714,0.0,0.0,0.0,0.0
544,1786799190,278335742,1786799190.278336,-10.596501209692136,-1.9910921834423807,0.7260693490819925,0.0,0.0,0.0,1.0,0.12068613473357473,0.0003220415938094574,0.0,0.0,0.0,0.0
545,1786799190,344998780,1786799190.344999,-10.587620246387171,-1.991244858249092,0.7255093330573416,0.0,0.0,0.0,1.0,0.13031269135653284,0.0009582689129573687,0.0,0.0,0.0,0.0
546,1786799190,778372775,1786799190.778373,-10.540784984745049,-1.9941204337870095,0.7277795741264745,0.0,0.0,0.0,1.0,0.12565565077278087,0.0009614709859889665,0.0,0.0,0.0,0.0
547,1786799190,845028989,1786799190.845029,-10.528976536729791,-1.9929257006792633,0.7295880499235691,0.0,0.0,0.0,1.0,0.124146501943412,0.0007102391498961658,0.0,0.0,0.0,0.0
548,1786799191,211696520,1786799191.211697,-10.473676424306682,-1.9901216109185602,0.7273702466797356,0.0,0.0,0.0,1.0,0.12751337625643439,-0.0009780167307525747,0.0,0.0,0.0,0.0
549,1786799191,244963259,1786799191.244963,-10.46942762389819,-1.9896545056084611,0.7285866657639755,0.0,0.0,0.0,1.0,0.11676095228041107,-3.6833814629108424e-05,0.0,0.0,0.0,0.0
550,1786799191,278368018,1786799191.278368,-10.464757014682018,-1.9895600190055347,0.7298795851406042,0.0,0.0,0.0,1.0,0.13975192375111567,-0.00019671070805560732,0.0,0.0,0.0,0.0
551,1786799191,311808942,1786799191.311809,-10.460030207520441,-1.9893602814688205,0.7298795851406042,0.0,0.0,0.0,1.0,0.12637070913051,-0.00018319907149582596,0.0,0.0,0.0,0.0
552,1786799191,545062303,1786799191.545062,-10.431253813404838,-1.9920322498148089,0.7285800405137828,0.0,0.0,0.0,1.0,0.12721632006644168,0.0007827066043944869,0.0,0.0,0.0,0.0
553,1786799191,678456020,1786799191.678456,-10.416738122082172,-1.9925765527892283,0.7264175234772762,0.0,0.0,0.0,1.0,0.12917133213250528,-0.0006703657695303466,0.0,0.0,0.0,0.0
554,1786799191,911699585,1786799191.911700,-10.380092547795936,-1.9884951925569452,0.7281812193368377,0.0,0.0,0.0,1.0,0.1268042803235595,0.0003571219234720603,0.0,0.0,0.0,0.0
555,1786799192,45024968,1786799192.045025,-10.35811274836027,-1.9860966804269502,0.7280515711907605,0.0,0.0,0.0,1.0,0.12692081263168467,-5.3191307111755744e-05,0.0,0.0,0.0,0.0
556,1786799192,78443773,1786799192.078444,-10.352500836872753,-1.9856429726794798,0.7271279962774811,0.0,0.0,0.0,1.0,0.12741231346779572,0.000651753761431661,0.0,0.0,0.0,0.0
557,1786799192,245015897,1786799192.245016,-10.328830658133827,-1.9848407945009205,0.7275196321422379,0.0,0.0,0.0,1.0,0.1277888060156277,0.0007292682415670205,0.0,0.0,0.0,0.0
558,1786799192,278410005,1786799192.278410,-10.323524302199962,-1.9843793949052821,0.7275196321422379,0.0,0.0,0.0,1.0,0.12524933413375927,0.001232055736380413,0.0,0.0,0.0,0.0
559,1786799192,478383662,1786799192.478384,-10.29867329333505,-1.9842115125698216,0.7268212735846141,0.0,0.0,0.0,1.0,0.12764191046824314,0.0006210137074627029,0.0,0.0,0.0,0.0
560,1786799192,511784193,1786799192.511784,-10.296134892733667,-1.9845663848492718,0.7268212735846141,0.0,0.0,0.0,1.0,0.1269565722918097,0.00022573719865891793,0.0,0.0,0.0,0.0
561,1786799193,178409499,1786799193.178410,-10.207061830328989,-1.985088731100986,0.7289116920336365,0.0,0.0,0.0,1.0,0.12802059682759823,-0.0015729287095381831,0.0,0.0,0.0,0.0
562,1786799193,245047199,1786799193.245047,-10.198960494492722,-1.9844946382958706,0.7281434874640423,0.0,0.0,0.0,1.0,0.1246909954095862,0.002089925413963282,0.0,0.0,0.0,0.0
563,1786799193,311714833,1786799193.311715,-10.189997473368546,-1.9848361282331461,0.7269523368290455,0.0,0.0,0.0,1.0,0.12586534744966266,0.0005949413807247175,0.0,0.0,0.0,0.0
564,1786799193,345064313,1786799193.345064,-10.185908185600944,-1.9851199166311648,0.7254095565412877,0.0,0.0,0.0,1.0,0.1257686271027541,0.0006429819258644526,0.0,0.0,0.0,0.0
565,1786799193,511721065,1786799193.511721,-10.16425366049694,-1.9854196993183828,0.729354312906687,0.0,0.0,0.0,1.0,0.12920077840271946,0.0012742718220149734,0.0,0.0,0.0,0.0
566,1786799194,145130978,1786799194.145131,-10.082123333914272,-1.9841097067050424,0.7269335292636273,0.0,0.0,0.0,1.0,0.12942512349546684,0.0012271760673961954,0.0,0.0,0.0,0.0
567,1786799194,445110974,1786799194.445111,-10.044303276188494,-1.9843525288529442,0.7259461494827755,0.0,0.0,0.0,1.0,0.1269665865732053,0.0003068408819158635,0.0,0.0,0.0,0.0
568,1786799194,511737181,1786799194.511737,-10.036033574156864,-1.9843412281541144,0.7250785836195678,0.0,0.0,0.0,1.0,0.127459384218149,0.00019905630957317623,0.0,0.0,0.0,0.0
569,1786799194,745077118,1786799194.745077,-10.00796254924874,-1.9839915163803385,0.7254817774299109,0.0,0.0,0.0,1.0,0.12855925770692303,0.001371960008804919,0.0,0.0,0.0,0.0
570,1786799194,911742340,1786799194.911742,-9.990155483014952,-1.9845372497281535,0.7256507402495189,0.0,0.0,0.0,1.0,0.1294664809660893,0.0008630674259817692,0.0,0.0,0.0,0.0
571,1786799195,111747153,1786799195.111747,-9.967261537112847,-1.9848153387382592,0.7274986914012417,0.0,0.0,0.0,1.0,0.13118653973613636,0.002649561057163216,0.0,0.0,0.0,0.0
572,1786799195,145154621,1786799195.145155,-9.96369369274259,-1.9848929750488167,0.7258240330114244,0.0,0.0,0.0,1.0,0.12602633992522924,0.0038383482368166055,0.0,0.0,0.0,0.0
573,1786799195,211770838,1786799195.211771,-9.955611229988667,-1.984904842155742,0.7270781119537458,0.0,0.0,0.0,1.0,0.12641000906281477,0.0011836607153750765,0.0,0.0,0.0,0.0
574,1786799195,245158401,1786799195.245158,-9.950841655303265,-1.9847063036953718,0.7255189226157033,0.0,0.0,0.0,1.0,0.12479944523746946,0.002139640055162361,0.0,0.0,0.0,0.0
575,1786799195,345106036,1786799195.345106,-9.938899345078985,-1.9852646670999403,0.7276606475016935,0.0,0.0,0.0,1.0,0.12624986334014385,0.0018095032909141513,0.0,0.0,0.0,0.0
576,1786799195,811818880,1786799195.811819,-9.882215825289062,-1.9876027597196202,0.7269907984463166,0.0,0.0,0.0,1.0,0.12540423064439146,-0.0015597095048650637,0.0,0.0,0.0,0.0
577,1786799195,878461014,1786799195.878461,-9.873451760207956,-1.9877728871987732,0.726003889383278,0.0,0.0,0.0,1.0,0.12943756819741,0.000736182246821494,0.0,0.0,0.0,0.0
578,1786799196,378430849,1786799196.378431,-9.808125454575103,-1.9883955334143335,0.7264057375559679,0.0,0.0,0.0,1.0,0.133534970620057,-9.539427315322698e-06,0.0,0.0,0.0,0.0
579,1786799196,511787999,1786799196.511788,-9.79036572464502,-1.9879037391707006,0.7287516095890764,0.0,0.0,0.0,1.0,0.12307892058586625,0.0004717686755016047,0.0,0.0,0.0,0.0
580,1786799196,545130415,1786799196.545130,-9.786040370723386,-1.9878733918911773,0.7243306987072626,0.0,0.0,0.0,1.0,0.12378666484920435,0.001893031968118381,0.0,0.0,0.0,0.0
581,1786799196,711756671,1786799196.711757,-9.765220298977741,-1.9882670811962884,0.724490958796734,0.0,0.0,0.0,1.0,0.12634584515789554,-0.000214691327719733,0.0,0.0,0.0,0.0
582,1786799196,778445970,1786799196.778446,-9.756442830566932,-1.9882923118571003,0.7272468325734356,0.0,0.0,0.0,1.0,0.12769971109329908,-0.0012620216748432263,0.0,0.0,0.0,0.0
583,1786799196,878481241,1786799196.878481,-9.743720073361992,-1.9883845078671427,0.7259325620721987,0.0,0.0,0.0,1.0,0.1267263918055414,-0.0015450844206424507,0.0,0.0,0.0,0.0
584,1786799197,11903412,1786799197.011904,-9.727292058421744,-1.9884617897188206,0.7267177761797368,0.0,0.0,0.0,1.0,0.1284465709717323,0.0003175178105329034,0.0,0.0,0.0,0.0
585,1786799197,345184663,1786799197.345185,-9.685440358461118,-1.988412499294535,0.7261959915766997,0.0,0.0,0.0,1.0,0.133095562333063,0.002416204898036481,0.0,0.0,0.0,0.0
586,1786799197,411826570,1786799197.411827,-9.677302503211958,-1.988433520740973,0.7265629998812612,0.0,0.0,0.0,1.0,0.1245390266859057,0.0006299630528872468,0.0,0.0,0.0,0.0
587,1786799197,578484574,1786799197.578485,-9.655965548154544,-1.9874912623982637,0.7261782871506945,0.0,0.0,0.0,1.0,0.12702417455769913,0.0016950194949190804,0.0,0.0,0.0,0.0
588,1786799197,711780201,1786799197.711780,-9.633683209116281,-1.9840426593431808,0.7265119891395836,0.0,0.0,0.0,1.0,0.12488001676580454,0.0005628461424299902,0.0,0.0,0.0,0.0
589,1786799197,811762269,1786799197.811762,-9.624685192046485,-1.9831599239508555,0.7244671071486232,0.0,0.0,0.0,1.0,0.12479972130014591,-0.0008172304320450408,0.0,0.0,0.0,0.0
590,1786799197,911767263,1786799197.911767,-9.617582045514357,-1.9877137232504232,0.7244705808060742,0.0,0.0,0.0,1.0,0.1298361441722098,0.0017262245263309245,0.0,0.0,0.0,0.0
591,1786799198,11899929,1786799198.011900,-9.604641144284502,-1.9882359981224542,0.7252044066683013,0.0,0.0,0.0,1.0,0.12955784551014793,0.0009552959890843214,0.0,0.0,0.0,0.0
592,1786799198,211833349,1786799198.211833,-9.58220132460428,-1.9907611076687117,0.722874447879419,0.0,0.0,0.0,1.0,0.13055435843679475,-0.000774050625138482,0.0,0.0,0.0,0.0
593,1786799198,545203882,1786799198.545204,-9.540010211815572,-1.9916900961086208,0.7269238797172621,0.0,0.0,0.0,1.0,0.1319013607917741,5.999186027071178e-05,0.0,0.0,0.0,0.0
594,1786799198,578499447,1786799198.578500,-9.536467060931088,-1.9922296948846572,0.7245021415711187,0.0,0.0,0.0,1.0,0.1285607801212038,0.0013083995555929033,0.0,0.0,0.0,0.0
595,1786799198,611878984,1786799198.611879,-9.53132071151942,-1.9915933316735082,0.7245021415711187,0.0,0.0,0.0,1.0,0.12840742730151553,0.0015331851336014063,0.0,0.0,0.0,0.0
596,1786799198,645172927,1786799198.645173,-9.528340273670784,-1.9922095313016401,0.7270549180663052,0.0,0.0,0.0,1.0,0.1265595420655242,-0.0011172515749808649,0.0,0.0,0.0,0.0
597,1786799199,111825659,1786799199.111826,-9.468963804024753,-1.992270660143858,0.7268945419773826,0.0,0.0,0.0,1.0,0.11931426039416805,-0.0014355187970624271,0.0,0.0,0.0,0.0
598,1786799199,278540114,1786799199.278540,-9.446708536689568,-1.9915130852208918,0.7268924696696442,0.0,0.0,0.0,1.0,0.12629377249205764,0.0007951629669427475,0.0,0.0,0.0,0.0
599,1786799199,345168386,1786799199.345168,-9.438241465679148,-1.9915381191517845,0.7285826316151724,0.0,0.0,0.0,1.0,0.12824350584778443,0.0010585154181144826,0.0,0.0,0.0,0.0
600,1786799199,445163013,1786799199.445163,-9.425075291379759,-1.9912543698815377,0.7295273176195126,0.0,0.0,0.0,1.0,0.1288401321441278,0.0008487386065936448,0.0,0.0,0.0,0.0
601,1786799199,478584230,1786799199.478584,-9.420023013344249,-1.9908865181484485,0.7284736761838233,0.0,0.0,0.0,1.0,0.12922364320540586,0.0017216453878815675,0.0,0.0,0.0,0.0
602,1786799199,545210116,1786799199.545210,-9.411130785860832,-1.9905287234370066,0.7282696636914682,0.0,0.0,0.0,1.0,0.12836874099175946,0.0010861021167208646,0.0,0.0,0.0,0.0
603,1786799199,578566551,1786799199.578567,-9.406024787820435,-1.9900810731724152,0.7282823277467656,0.0,0.0,0.0,1.0,0.12892139191519417,0.0011759072891375554,0.0,0.0,0.0,0.0
604,1786799200,111922975,1786799200.111923,-9.338810407921905,-1.9899775508248636,0.7280617526496752,0.0,0.0,0.0,1.0,0.12866004479175774,0.0009531590212784843,0.0,0.0,0.0,0.0
605,1786799200,145251637,1786799200.145252,-9.329965026421782,-1.989730293908559,0.7260997717568785,0.0,0.0,0.0,1.0,0.11250266411133023,-0.0016461292507670676,0.0,0.0,0.0,0.0
606,1786799200,278603463,1786799200.278604,-9.320589126339529,-1.990082160023834,0.7295919159352344,0.0,0.0,0.0,1.0,0.13520474923713505,0.0009294202458765312,0.0,0.0,0.0,0.0
607,1786799200,378512856,1786799200.378513,-9.308232828400724,-1.9909975227741112,0.7271843695565827,0.0,0.0,0.0,1.0,0.12892498828826957,-1.6765759591938142e-05,0.0,0.0,0.0,0.0
608,1786799200,845191054,1786799200.845191,-9.261886742169615,-1.996169322251817,0.72437964807721,0.0,0.0,0.0,1.0,0.13061284411585136,-0.002590076352984156,0.0,0.0,0.0,0.0
609,1786799200,895226789,1786799200.895227,-9.255456130483061,-1.9961032821886218,0.7242093556847373,0.0,0.0,0.0,1.0,0.12268685512902328,0.0016049277454213717,0.0,0.0,0.0,0.0
610,1786799200,945214900,1786799200.945215,-9.25080765414305,-1.997390305000358,0.723273421799008,0.0,0.0,0.0,1.0,0.1311472087355269,0.0015785060614435242,0.0,0.0,0.0,0.0
611,1786799200,978562156,1786799200.978562,-9.24735837702576,-1.997645979658601,0.7233137056871541,0.0,0.0,0.0,1.0,0.1416684928224692,0.0002699126012188167,0.0,0.0,0.0,0.0
612,1786799201,145228969,1786799201.145229,-9.223866093533474,-1.9997796461915558,0.7259454440116303,0.0,0.0,0.0,1.0,0.12493217729974036,0.0004265612095246743,0.0,0.0,0.0,0.0
613,1786799201,178687087,1786799201.178687,-9.218806983355385,-1.9986810436311437,0.7274531134529325,0.0,0.0,0.0,1.0,0.1244018486819035,0.0022693093166381156,0.0,0.0,0.0,0.0
614,1786799201,378605465,1786799201.378605,-9.197522071261472,-1.9991512470920372,0.7253804287343174,0.0,0.0,0.0,1.0,0.12333637612812734,-0.0006272666372552768,0.0,0.0,0.0,0.0
615,1786799201,411918110,1786799201.411918,-9.192807566098525,-1.9987830511760307,0.7272421100822043,0.0,0.0,0.0,1.0,0.126587069749305,0.0003402197653521612,0.0,0.0,0.0,0.0
616,1786799201,445244775,1786799201.445245,-9.187105036825296,-1.998093006882873,0.7259211708544232,0.0,0.0,0.0,1.0,0.1378194703000711,0.000163854278986886,0.0,0.0,0.0,0.0
617,1786799201,511892518,1786799201.511893,-9.176827955109374,-1.9967740175574986,0.7238734787802289,0.0,0.0,0.0,1.0,0.12132272605864984,-0.00024510864123236317,0.0,0.0,0.0,0.0
618,1786799201,545298055,1786799201.545298,-9.172668857917767,-1.996664169069291,0.7237429081885224,0.0,0.0,0.0,1.0,0.12947277150973185,0.0010409750210449932,0.0,0.0,0.0,0.0
619,1786799201,578633405,1786799201.578633,-9.163547316281385,-1.9939426604432364,0.7248503552767184,0.0,0.0,0.0,1.0,0.14266513470254777,0.00045454614090400624,0.0,0.0,0.0,0.0
620,1786799201,911958171,1786799201.911958,-9.11523757870997,-1.986675776860418,0.7278870160059436,0.0,0.0,0.0,1.0,0.12884050435098626,0.0019845105019500875,0.0,0.0,0.0,0.0
621,1786799201,945271676,1786799201.945272,-9.105946537237672,-1.984045093078846,0.7262091270928657,0.0,0.0,0.0,1.0,0.1294779118643761,0.003533142140915808,0.0,0.0,0.0,0.0
622,1786799202,145290649,1786799202.145291,-9.072243160296543,-1.9791632383002664,0.7224304678115547,0.0,0.0,0.0,1.0,0.13036764554783029,0.0017478061773823347,0.0,0.0,0.0,0.0
623,1786799202,245231251,1786799202.245231,-9.064184832647602,-1.9819101943610447,0.7230702528709804,0.0,0.0,0.0,1.0,0.12787041961355844,0.0010462234804979537,0.0,0.0,0.0,0.0
624,1786799202,311903892,1786799202.311904,-9.054929379557144,-1.98131109442439,0.7255005251572286,0.0,0.0,0.0,1.0,0.1284692438684009,0.0021403015626465256,0.0,0.0,0.0,0.0
625,1786799202,345242310,1786799202.345242,-9.050337009120033,-1.9807320754942015,0.7248894020322816,0.0,0.0,0.0,1.0,0.11532092008239381,0.0016573611067062471,0.0,0.0,0.0,0.0
626,1786799202,811942189,1786799202.811942,-8.991076909668003,-1.9835933219967996,0.7244177371841749,0.0,0.0,0.0,1.0,0.12418987897443112,-0.002029465262151609,0.0,0.0,0.0,0.0
627,1786799202,911957882,1786799202.911958,-8.979617362173409,-1.9840172066372312,0.7250378779572446,0.0,0.0,0.0,1.0,0.1234986590187981,-0.0007948493450615859,0.0,0.0,0.0,0.0
628,1786799203,145256040,1786799203.145256,-8.949509351789448,-1.983288789642386,0.7228134950055353,0.0,0.0,0.0,1.0,0.13103568883988034,0.00024921172898737583,0.0,0.0,0.0,0.0
629,1786799203,411914963,1786799203.411915,-8.912953937429798,-1.9820203003089474,0.725763978155974,0.0,0.0,0.0,1.0,0.12904939618781391,0.0007850413798538549,0.0,0.0,0.0,0.0
630,1786799203,445266886,1786799203.445267,-8.90855395910662,-1.9818970384322103,0.72466244178547,0.0,0.0,0.0,1.0,0.13303560213195403,-7.844657820484091e-05,0.0,0.0,0.0,0.0
631,1786799203,945316087,1786799203.945316,-8.848316775455643,-1.982751938853054,0.7273470805550223,0.0,0.0,0.0,1.0,0.11747771402166367,-0.0006696501062449475,0.0,0.0,0.0,0.0
632,1786799204,11917897,1786799204.011918,-8.839942904569233,-1.9826941224065422,0.7286581784633762,0.0,0.0,0.0,1.0,0.1250082338375699,0.0015223306054427325,0.0,0.0,0.0,0.0
633,1786799204,45408485,1786799204.045408,-8.835922390976474,-1.9826809706313346,0.7281064380667741,0.0,0.0,0.0,1.0,0.12556249894106936,0.0015388219712267782,0.0,0.0,0.0,0.0
634,1786799204,78661420,1786799204.078661,-8.832140652482941,-1.982967742542001,0.7271763630893442,0.0,0.0,0.0,1.0,0.13471247165293243,0.0017709504865052437,0.0,0.0,0.0,0.0
635,1786799204,145265819,1786799204.145266,-8.82316143288689,-1.9826521150950114,0.7265113173016943,0.0,0.0,0.0,1.0,0.12155228575864609,0.00035371874370314403,0.0,0.0,0.0,0.0
636,1786799204,278673168,1786799204.278673,-8.8105433252991,-1.9833156460081223,0.726621024049312,0.0,0.0,0.0,1.0,0.12893040797815883,0.0004878685462203318,0.0,0.0,0.0,0.0
637,1786799204,311975155,1786799204.311975,-8.807158891160451,-1.9829797606567927,0.726621024049312,0.0,0.0,0.0,1.0,0.13895221155471177,0.0005251683251020489,0.0,0.0,0.0,0.0
638,1786799204,461960415,1786799204.461960,-8.784370220508517,-1.9791453669342363,0.7282994848868777,0.0,0.0,0.0,1.0,0.13005125752016805,0.0005097525261380728,0.0,0.0,0.0,0.0
639,1786799204,528669773,1786799204.528670,-8.774231056487462,-1.9778805409292906,0.7291259220448393,0.0,0.0,0.0,1.0,0.12244288902066526,-0.0001285342923716369,0.0,0.0,0.0,0.0
640,1786799204,678543398,1786799204.678543,-8.76009540754049,-1.9800270887516713,0.7298553002789868,0.0,0.0,0.0,1.0,0.12266246982857916,0.002472710535667469,0.0,0.0,0.0,0.0
641,1786799204,878689672,1786799204.878690,-8.739767108434895,-1.9825409931458595,0.7280810281633563,0.0,0.0,0.0,1.0,0.12162655673266548,0.00023484732358821378,0.0,0.0,0.0,0.0
642,1786799205,11949463,1786799205.011950,-8.723861816943952,-1.983063440199846,0.7286280660293144,0.0,0.0,0.0,1.0,0.12507599932536684,0.0021092350765707017,0.0,0.0,0.0,0.0
643,1786799205,212025354,1786799205.212025,-8.697952784763247,-1.9831845083913588,0.7280616859883801,0.0,0.0,0.0,1.0,0.12978151224334777,0.0017299159501643932,0.0,0.0,0.0,0.0
644,1786799205,495344494,1786799205.495344,-8.661465000341995,-1.983062793909275,0.725677810479417,0.0,0.0,0.0,1.0,0.13217876906669154,-0.0007575162736641386,0.0,0.0,0.0,0.0
645,1786799205,578727406,1786799205.578727,-8.650988870230687,-1.9834112280707414,0.7270873242289316,0.0,0.0,0.0,1.0,0.13648289404444658,0.0005533348720418797,0.0,0.0,0.0,0.0
646,1786799205,595366937,1786799205.595367,-8.648052404985624,-1.9832919562574347,0.7270873242289316,0.0,0.0,0.0,1.0,0.13239247809018606,-0.0004927638771758798,0.0,0.0,0.0,0.0
647,1786799205,678752942,1786799205.678753,-8.639460568524447,-1.9839025665416044,0.7263181928647481,0.0,0.0,0.0,1.0,0.12615234733363603,0.0008025632688305143,0.0,0.0,0.0,0.0
648,1786799205,711971803,1786799205.711972,-8.632268970922889,-1.9856901141183378,0.7263181928647481,0.0,0.0,0.0,1.0,0.14231145661516997,0.0008139492058903824,0.0,0.0,0.0,0.0
649,1786799205,728786463,1786799205.728786,-8.630629258333165,-1.9858536479784794,0.7263181928647481,0.0,0.0,0.0,1.0,0.12611548136034118,0.00026837883384554957,0.0,0.0,0.0,0.0
650,1786799205,761987293,1786799205.761987,-8.626588594814798,-1.9857940432985175,0.7273018683102808,0.0,0.0,0.0,1.0,0.1171670099169649,0.000168960133107804,0.0,0.0,0.0,0.0
651,1786799205,862002511,1786799205.862003,-8.610816560697954,-1.9854739004497424,0.7278629742687412,0.0,0.0,0.0,1.0,0.1262311495964057,0.0006248091950535675,0.0,0.0,0.0,0.0
652,1786799205,911961604,1786799205.911962,-8.603438341624553,-1.9856185070437058,0.7241667447507522,0.0,0.0,0.0,1.0,0.12023235575398301,-0.00022455812854305958,0.0,0.0,0.0,0.0
653,1786799206,45406102,1786799206.045406,-8.590810235872784,-1.9862648263304752,0.7241045968235794,0.0,0.0,0.0,1.0,0.12575843507846335,0.002119897575554988,0.0,0.0,0.0,0.0
654,1786799206,95317802,1786799206.095318,-8.584529422847302,-1.9861301151556643,0.7249789153205843,0.0,0.0,0.0,1.0,0.13418414138648965,-0.00014657928533729154,0.0,0.0,0.0,0.0
655,1786799206,312038349,1786799206.312038,-8.552433835843443,-1.9848815104418362,0.7262144753273174,0.0,0.0,0.0,1.0,0.12785182582990384,0.0014720947870060022,0.0,0.0,0.0,0.0
656,1786799206,345354182,1786799206.345354,-8.539608082802003,-1.979060733231465,0.7253845151571714,0.0,0.0,0.0,1.0,0.14466417555348468,0.0006534393368955176,0.0,0.0,0.0,0.0
657,1786799206,428721301,1786799206.428721,-8.528796315297267,-1.9786848351382398,0.7268887691970873,0.0,0.0,0.0,1.0,0.1261231257217341,0.0012725858550399188,0.0,0.0,0.0,0.0
658,1786799206,462077531,1786799206.462078,-8.52421792407362,-1.9786277876913438,0.7268887691970873,0.0,0.0,0.0,1.0,0.14184935277399144,0.0007670853589842874,0.0,0.0,0.0,0.0
659,1786799206,495422090,1786799206.495422,-8.51895663118004,-1.9779413757252293,0.7246378383560271,0.0,0.0,0.0,1.0,0.1288378090426459,0.0025978912826235137,0.0,0.0,0.0,0.0
660,1786799206,528719697,1786799206.528720,-8.515108135416902,-1.978002546709044,0.7258891871601605,0.0,0.0,0.0,1.0,0.1188600599929843,0.0022852867265004176,0.0,0.0,0.0,0.0
661,1786799206,578653186,1786799206.578653,-8.51043775170939,-1.9787779498644458,0.726053538366681,0.0,0.0,0.0,1.0,0.1310495400957376,0.0003143961147624398,0.0,0.0,0.0,0.0
662,1786799206,678640791,1786799206.678641,-8.494970725364794,-1.9771370546485294,0.7264193957867461,0.0,0.0,0.0,1.0,0.13081456759997515,0.0024553197286037564,0.0,0.0,0.0,0.0
663,1786799206,878752659,1786799206.878753,-8.474778402700489,-1.9760422286182342,0.7267809055020712,0.0,0.0,0.0,1.0,0.1315835920399176,1.0513196594398935e-05,0.0,0.0,0.0,0.0
664,1786799206,911996971,1786799206.911997,-8.470577020081695,-1.9759339607145856,0.7267809055020712,0.0,0.0,0.0,1.0,0.13073810674631917,-0.00026596235996795503,0.0,0.0,0.0,0.0
665,1786799207,195380379,1786799207.195380,-8.432400832432192,-1.9736342080178015,0.7257303215171238,0.0,0.0,0.0,1.0,0.12579090326569817,0.0021263970449951087,0.0,0.0,0.0,0.0
666,1786799207,312015346,1786799207.312015,-8.41895944467385,-1.9749017939478963,0.725230682588344,0.0,0.0,0.0,1.0,0.12656542782591074,-0.0008413017941445117,0.0,0.0,0.0,0.0
667,1786799207,645417270,1786799207.645417,-8.377340048700912,-1.9760984071475658,0.7235539598616285,0.0,0.0,0.0,1.0,0.12878124920008005,-0.0007820707938753739,0.0,0.0,0.0,0.0
668,1786799208,112048021,1786799208.112048,-8.320762097015363,-1.9782833677135905,0.725392698452782,0.0,0.0,0.0,1.0,0.1272462483345839,-0.0019133265195882202,0.0,0.0,0.0,0.0
669,1786799208,245320119,1786799208.245320,-8.3050708941872,-1.9793564957514207,0.7272134894375858,0.0,0.0,0.0,1.0,0.12855066403982446,-0.0005470467264991742,0.0,0.0,0.0,0.0
670,1786799208,312000714,1786799208.312001,-8.297828298188888,-1.9798673405906928,0.7282907168892835,0.0,0.0,0.0,1.0,0.11761034717360336,-0.000872671209695863,0.0,0.0,0.0,0.0
671,1786799208,378735094,1786799208.378735,-8.28965023340458,-1.9801356720908834,0.728226455594646,0.0,0.0,0.0,1.0,0.12739602355991883,-0.0014015209565660424,0.0,0.0,0.0,0.0
672,1786799208,478715790,1786799208.478716,-8.278592166011066,-1.9832859177637645,0.7280049062137863,0.0,0.0,0.0,1.0,0.12368236813620079,0.0014528032118238526,0.0,0.0,0.0,0.0
673,1786799208,562108455,1786799208.562109,-8.267560864051454,-1.9826009665838993,0.7283587330768942,0.0,0.0,0.0,1.0,0.11906301616649823,0.0007176567961014405,0.0,0.0,0.0,0.0
674,1786799208,662107697,1786799208.662108,-8.253390816240833,-1.9815267499079046,0.7294863815209606,0.0,0.0,0.0,1.0,0.12697750754108703,0.0007855300882852034,0.0,0.0,0.0,0.0
675,1786799208,695416442,1786799208.695416,-8.24799475171257,-1.9806671416497543,0.7283479370904741,0.0,0.0,0.0,1.0,0.1260057941438933,-8.601921004453158e-05,0.0,0.0,0.0,0.0
676,1786799208,878828898,1786799208.878829,-8.231949987267617,-1.9793123819780836,0.728525562368728,0.0,0.0,0.0,1.0,0.1317010264430434,0.0016537950797914872,0.0,0.0,0.0,0.0
677,1786799208,895408781,1786799208.895409,-8.229873276694924,-1.9791351481355606,0.728525562368728,0.0,0.0,0.0,1.0,0.12985921779730342,0.00044418690433297727,0.0,0.0,0.0,0.0
678,1786799208,978765653,1786799208.978766,-8.216860124506841,-1.9777359203418492,0.7274829041491107,0.0,0.0,0.0,1.0,0.13034364285952124,-0.0006888243711434205,0.0,0.0,0.0,0.0
679,1786799209,112087536,1786799209.112087,-8.19812898493341,-1.9765424815952992,0.7269770271107235,0.0,0.0,0.0,1.0,0.12975713760487523,0.0007632428565078219,0.0,0.0,0.0,0.0
680,1786799209,128762304,1786799209.128762,-8.195671311056406,-1.976337993783194,0.7272474569075307,0.0,0.0,0.0,1.0,0.1307004688345869,0.0005183243557271926,0.0,0.0,0.0,0.0
681,1786799209,345381515,1786799209.345381,-8.165012587623956,-1.9742301516509786,0.7276318888508485,0.0,0.0,0.0,1.0,0.13323548857589929,0.0023249017518969187,0.0,0.0,0.0,0.0
682,1786799209,445432361,1786799209.445432,-8.151749303532629,-1.9738163623110163,0.7264690776247251,0.0,0.0,0.0,1.0,0.1222581879480176,0.0003954493991920613,0.0,0.0,0.0,0.0
683,1786799209,478711093,1786799209.478711,-8.147641897685023,-1.9737382869865052,0.7251223018381135,0.0,0.0,0.0,1.0,0.1249870258841029,0.0012531631108989296,0.0,0.0,0.0,0.0
684,1786799209,512071491,1786799209.512072,-8.142995457039317,-1.9734290948185091,0.7251223018381135,0.0,0.0,0.0,1.0,0.13813991410275456,0.0012364276957100484,0.0,0.0,0.0,0.0
685,1786799209,528818189,1786799209.528818,-8.140279138949474,-1.9731883100867864,0.7264594261967328,0.0,0.0,0.0,1.0,0.12408855474886607,0.0012987086696802674,0.0,0.0,0.0,0.0
686,1786799209,645406189,1786799209.645406,-8.124063619596084,-1.9708660729594034,0.726566077406309,0.0,0.0,0.0,1.0,0.12713107313330463,-2.769623252493053e-05,0.0,0.0,0.0,0.0
687,1786799209,662075884,1786799209.662076,-8.118339762665519,-1.9708330021429306,0.7235712077016738,0.0,0.0,0.0,1.0,0.1220545359046642,0.001468607404808788,0.0,0.0,0.0,0.0
688,1786799209,695415372,1786799209.695415,-8.111139171892841,-1.96960488456009,0.7271556476250685,0.0,0.0,0.0,1.0,0.12207233896566241,-0.003006488461316608,0.0,0.0,0.0,0.0
689,1786799209,878733894,1786799209.878734,-8.089922088697277,-1.9658109593842716,0.7264217328279656,0.0,0.0,0.0,1.0,0.13010230321938937,-0.0012485069346464261,0.0,0.0,0.0,0.0
690,1786799209,895435953,1786799209.895436,-8.087165779927492,-1.9651510579043994,0.7264217328279656,0.0,0.0,0.0,1.0,0.129964934762391,-0.00030319573530248245,0.0,0.0,0.0,0.0
691,1786799210,145418782,1786799210.145419,-8.053688406626282,-1.9645221448481123,0.7276609876049165,0.0,0.0,0.0,1.0,0.1301588005102876,-0.0006610261651440227,0.0,0.0,0.0,0.0
692,1786799210,162091747,1786799210.162092,-8.051529086806358,-1.9645224367286107,0.7276609876049165,0.0,0.0,0.0,1.0,0.12999621073468962,-0.0004457319627581227,0.0,0.0,0.0,0.0
693,1786799210,278807001,1786799210.278807,-8.035643692209781,-1.9639831415748235,0.7269366865648752,0.0,0.0,0.0,1.0,0.13107233125475687,-0.0009579795224510933,0.0,0.0,0.0,0.0
694,1786799210,545393616,1786799210.545394,-8.01255881713359,-1.9666120312659787,0.7262151272180827,0.0,0.0,0.0,1.0,0.1303669892057111,-0.0014791365977662725,0.0,0.0,0.0,0.0
695,1786799210,595501276,1786799210.595501,-8.007204341293654,-1.9664094368869092,0.7244440265342708,0.0,0.0,0.0,1.0,0.13276785437478666,-0.0007449111731677664,0.0,0.0,0.0,0.0
696,1786799210,678774061,1786799210.678774,-7.9978248802850525,-1.9665817792461646,0.7246497321014971,0.0,0.0,0.0,1.0,0.12773278791380538,-0.00016030580903319907,0.0,0.0,0.0,0.0
697,1786799210,945387742,1786799210.945388,-7.96774227110764,-1.9668446986860875,0.7262522528463699,0.0,0.0,0.0,1.0,0.12331448521555079,0.0009816845318200268,0.0,0.0,0.0,0.0
698,1786799211,78760664,1786799211.078761,-7.952583477043965,-1.9666398473925282,0.7276665641733975,0.0,0.0,0.0,1.0,0.1286433336555131,0.001499537934932581,0.0,0.0,0.0,0.0
699,1786799211,378743084,1786799211.378743,-7.929145728038401,-1.9604006654468602,0.725235770015713,0.0,0.0,0.0,1.0,0.1343441842356063,-0.00038698079401303727,0.0,0.0,0.0,0.0
700,1786799211,395474872,1786799211.395475,-7.922406967065662,-1.9604096328096299,0.7267166896466248,0.0,0.0,0.0,1.0,0.13066294744008733,-0.00012869178652560377,0.0,0.0,0.0,0.0
701,1786799211,662128795,1786799211.662129,-7.899064417517954,-1.9561568980668285,0.7256658824770413,0.0,0.0,0.0,1.0,0.13063610830281486,-0.0005156556806327704,0.0,0.0,0.0,0.0
702,1786799211,695433095,1786799211.695433,-7.894817421608979,-1.9559760441628349,0.7249191474905579,0.0,0.0,0.0,1.0,0.12948811759137413,0.0004021280900589004,0.0,0.0,0.0,0.0
703,1786799212,112119174,1786799212.112119,-7.847544911681979,-1.9523099852364945,0.7242198841551297,0.0,0.0,0.0,1.0,0.12216958529996114,0.0002611907949344414,0.0,0.0,0.0,0.0
704,1786799212,128811951,1786799212.128812,-7.844908502868979,-1.9523011226847478,0.7231986569789098,0.0,0.0,0.0,1.0,0.12485144829269822,-0.0009819213666626457,0.0,0.0,0.0,0.0
705,1786799212,162141289,1786799212.162141,-7.841803433039965,-1.9517270635525985,0.7231986569789098,0.0,0.0,0.0,1.0,0.11836848939638644,-0.0005351311947907724,0.0,0.0,0.0,0.0
706,1786799212,195459355,1786799212.195459,-7.837842848063497,-1.95157218772612,0.7224275676509707,0.0,0.0,0.0,1.0,0.13121873545812796,0.0008158275323212477,0.0,0.0,0.0,0.0
707,1786799212,228782148,1786799212.228782,-7.833825981512922,-1.951425109726373,0.7235013972493602,0.0,0.0,0.0,1.0,0.14295924952904077,0.0008526616245496467,0.0,0.0,0.0,0.0
708,1786799212,428867919,1786799212.428868,-7.818707501223758,-1.9511015411465333,0.7255310987091017,0.0,0.0,0.0,1.0,0.12748782997197783,-0.0010224764517761213,0.0,0.0,0.0,0.0
709,1786799212,462135626,1786799212.462136,-7.813455039051586,-1.9507665357930994,0.7255310987091017,0.0,0.0,0.0,1.0,0.1437498229688385,-0.0009693898827125631,0.0,0.0,0.0,0.0
710,1786799212,628920435,1786799212.628920,-7.7900159903866175,-1.9476552605162107,0.7257022159118,0.0,0.0,0.0,1.0,0.1307562596857397,-0.000362420451702517,0.0,0.0,0.0,0.0
711,1786799212,728773521,1786799212.728774,-7.77679427842968,-1.9469951239145842,0.7262019088540502,0.0,0.0,0.0,1.0,0.13085848268850053,-0.0007322189622843143,0.0,0.0,0.0,0.0
712,1786799212,912150777,1786799212.912151,-7.753305376795071,-1.946914821739007,0.7249023988361196,0.0,0.0,0.0,1.0,0.12950991456842412,-0.0004010690887751661,0.0,0.0,0.0,0.0
713,1786799212,928809085,1786799212.928809,-7.742780151700014,-1.946933725360525,0.7262306793571325,0.0,0.0,0.0,1.0,0.12585235385638274,0.000893074000255118,0.0,0.0,0.0,0.0
714,1786799212,962136437,1786799212.962137,-7.742110944267935,-1.9470466965039586,0.7254334736180126,0.0,0.0,0.0,1.0,0.12442307254299569,-0.0005133303941274808,0.0,0.0,0.0,0.0
715,1786799212,995457009,1786799212.995457,-7.741008069271821,-1.9466817955082065,0.7254334736180126,0.0,0.0,0.0,1.0,0.1181710031292831,-0.0008778969938217231,0.0,0.0,0.0,0.0
716,1786799213,62157135,1786799213.062157,-7.736705917534031,-1.9470780852879002,0.7260891414767044,0.0,0.0,0.0,1.0,0.12723625919744128,-0.0006890457620763657,0.0,0.0,0.0,0.0
717,1786799213,95480355,1786799213.095480,-7.732979535841085,-1.9476166662459322,0.7243900569973243,0.0,0.0,0.0,1.0,0.12305564022511961,-0.001956631412846529,0.0,0.0,0.0,0.0
718,1786799213,128810861,1786799213.128811,-7.7289183302158495,-1.9477992879088184,0.7251983603548086,0.0,0.0,0.0,1.0,0.12409727366368116,0.00017460038003286522,0.0,0.0,0.0,0.0
719,1786799213,162186488,1786799213.162186,-7.72561860356132,-1.947948934661724,0.7251983603548086,0.0,0.0,0.0,1.0,0.10943347765199328,-0.0004724328978914973,0.0,0.0,0.0,0.0
720,1786799213,195537936,1786799213.195538,-7.721967988998895,-1.948047047358766,0.7270053002542033,0.0,0.0,0.0,1.0,0.13807320718459476,-0.00029833820758425446,0.0,0.0,0.0,0.0
721,1786799213,228853015,1786799213.228853,-7.71790920584158,-1.948284504792245,0.7252191906791222,0.0,0.0,0.0,1.0,0.11956811650771995,0.0002953161867214144,0.0,0.0,0.0,0.0
722,1786799213,328831510,1786799213.328831,-7.70692548278241,-1.9480159346287969,0.7284339076695955,0.0,0.0,0.0,1.0,0.1237891916025273,0.0009035045765054747,0.0,0.0,0.0,0.0
723,1786799213,395512340,1786799213.395512,-7.69967006778556,-1.9474242966697783,0.7260105582674465,0.0,0.0,0.0,1.0,0.11856669707019935,0.0005456680594472822,0.0,0.0,0.0,0.0
724,1786799213,428810460,1786799213.428810,-7.694755579238938,-1.9466284716487066,0.7256216052503678,0.0,0.0,0.0,1.0,0.13318302762247156,0.0014452265401124996,0.0,0.0,0.0,0.0
725,1786799213,462164415,1786799213.462164,-7.69164779168105,-1.9460703177342864,0.7256216052503678,0.0,0.0,0.0,1.0,0.11550028027743303,-0.0001154742235220461,0.0,0.0,0.0,0.0
726,1786799213,545523208,1786799213.545523,-7.67837130478556,-1.9464198147676668,0.725185639599902,0.0,0.0,0.0,1.0,0.13285367747607768,0.0004963457169025742,0.0,0.0,0.0,0.0
727,1786799213,595556086,1786799213.595556,-7.670661866088153,-1.9458822569131722,0.7258204593988932,0.0,0.0,0.0,1.0,0.12810569891687512,0.0009554054634838896,0.0,0.0,0.0,0.0
728,1786799213,662237548,1786799213.662238,-7.660696109137555,-1.9442234019076383,0.7261613846752445,0.0,0.0,0.0,1.0,0.12107951368709083,0.00039012165794389403,0.0,0.0,0.0,0.0
729,1786799213,778844365,1786799213.778844,-7.647273376328846,-1.9426656234446336,0.7278037895661799,0.0,0.0,0.0,1.0,0.1275998474288065,0.0004302699143005906,0.0,0.0,0.0,0.0
730,1786799213,828962295,1786799213.828962,-7.6402729450049875,-1.9418704161924996,0.7305836505679238,0.0,0.0,0.0,1.0,0.1340058579021099,0.0004008880900976926,0.0,0.0,0.0,0.0
731,1786799213,862212823,1786799213.862213,-7.635769766253418,-1.9414324800130387,0.7305836505679238,0.0,0.0,0.0,1.0,0.11904383918878242,0.00043561472616189637,0.0,0.0,0.0,0.0
732,1786799213,912160033,1786799213.912160,-7.628904104538293,-1.9415317833847672,0.7285300188984355,0.0,0.0,0.0,1.0,0.13645974991189955,-0.0011400761787626894,0.0,0.0,0.0,0.0
733,1786799214,178841405,1786799214.178841,-7.610782278447824,-1.9305527126266877,0.7287554457107248,0.0,0.0,0.0,1.0,0.12872736112281916,0.0016971665273121384,0.0,0.0,0.0,0.0
734,1786799214,228914456,1786799214.228914,-7.600151112611973,-1.9311591474907819,0.7299660152741957,0.0,0.0,0.0,1.0,0.12369049154600191,0.0003380350856636784,0.0,0.0,0.0,0.0
735,1786799214,262206763,1786799214.262207,-7.600555811986257,-1.9329671669107604,0.7299660152741957,0.0,0.0,0.0,1.0,0.11704040108968633,0.0006244988385263532,0.0,0.0,0.0,0.0
736,1786799214,295493812,1786799214.295494,-7.5986821432883085,-1.9333278453443081,0.7295241475056065,0.0,0.0,0.0,1.0,0.13583459666848066,0.000425909686260907,0.0,0.0,0.0,0.0
737,1786799214,395513005,1786799214.395513,-7.583242214005165,-1.9319783365076175,0.728000695974997,0.0,0.0,0.0,1.0,0.11779521290138431,-0.0005082364262053198,0.0,0.0,0.0,0.0
738,1786799214,828865364,1786799214.828865,-7.5268629831603215,-1.9284269450934544,0.7286679449038413,0.0,0.0,0.0,1.0,0.13134077325713722,-0.0025132095359922963,0.0,0.0,0.0,0.0
739,1786799214,962203242,1786799214.962203,-7.508118603887053,-1.9286404221777935,0.7271112221483439,0.0,0.0,0.0,1.0,0.13282667560667524,-0.001888886409141882,0.0,0.0,0.0,0.0
740,1786799215,12164776,1786799215.012165,-7.501008162182793,-1.9290346886935177,0.727180728290154,0.0,0.0,0.0,1.0,0.12367876118659064,6.214726329795378e-05,0.0,0.0,0.0,0.0
741,1786799215,45541695,1786799215.045542,-7.496472787296473,-1.9284098113491197,0.7271517062812167,0.0,0.0,0.0,1.0,0.142053716491161,-0.0009234563932126018,0.0,0.0,0.0,0.0
742,1786799215,95518830,1786799215.095519,-7.489788925823816,-1.928618759406229,0.7282946025736446,0.0,0.0,0.0,1.0,0.13153072040930763,-0.0008712714902557921,0.0,0.0,0.0,0.0
743,1786799215,128880209,1786799215.128880,-7.485087217835872,-1.9289415877066654,0.7284456539308,0.0,0.0,0.0,1.0,0.11907379675907669,0.000378991882296959,0.0,0.0,0.0,0.0
744,1786799215,328844325,1786799215.328844,-7.455185944054716,-1.9307212644784344,0.726482254176367,0.0,0.0,0.0,1.0,0.13338471281040556,-0.0008104646813978655,0.0,0.0,0.0,0.0
745,1786799215,462227305,1786799215.462227,-7.43819751885185,-1.9337638075239043,0.7262036667405977,0.0,0.0,0.0,1.0,0.12384272739784272,0.0005150159573124686,0.0,0.0,0.0,0.0
746,1786799215,495569220,1786799215.495569,-7.4335597023014515,-1.9347369456033394,0.7265090467011779,0.0,0.0,0.0,1.0,0.1247498853041202,0.00024343852430003504,0.0,0.0,0.0,0.0
747,1786799215,528890743,1786799215.528891,-7.42941424121119,-1.9350911090929939,0.7270822717870157,0.0,0.0,0.0,1.0,0.11574659344537253,0.00015456638280398057,0.0,0.0,0.0,0.0
748,1786799215,645532838,1786799215.645533,-7.416722964600385,-1.9388794189566592,0.7236584317590598,0.0,0.0,0.0,1.0,0.12318961460689243,-0.0012908257260429712,0.0,0.0,0.0,0.0
749,1786799215,812184719,1786799215.812185,-7.400919297547772,-1.9367105213782696,0.7240988972962633,0.0,0.0,0.0,1.0,0.13181995385816925,6.050195984981174e-05,0.0,0.0,0.0,0.0
750,1786799215,862201798,1786799215.862202,-7.392440568463185,-1.9374168492586006,0.7240741585999491,0.0,0.0,0.0,1.0,0.11983575598815696,0.00015530205046139403,0.0,0.0,0.0,0.0
751,1786799216,178889744,1786799216.178890,-7.354896885240482,-1.9335233879638238,0.7234826968864029,0.0,0.0,0.0,1.0,0.13177600854118474,0.0009939779900095154,0.0,0.0,0.0,0.0
752,1786799216,312218982,1786799216.312219,-7.33755274747444,-1.9323022240334158,0.7242591090160615,0.0,0.0,0.0,1.0,0.13543544502228022,-0.0017013932238789326,0.0,0.0,0.0,0.0
753,1786799216,895585523,1786799216.895586,-7.2639972140138855,-1.9328184655100924,0.7243941434716554,0.0,0.0,0.0,1.0,0.11996962744634124,0.001219770830555085,0.0,0.0,0.0,0.0
754,1786799216,945514082,1786799216.945514,-7.258366426479377,-1.9329573779947573,0.7270911265157136,0.0,0.0,0.0,1.0,0.11573523107854718,2.731257591270537e-06,0.0,0.0,0.0,0.0
755,1786799216,978831513,1786799216.978832,-7.2536569187576845,-1.933245058833608,0.7261467254082914,0.0,0.0,0.0,1.0,0.13256325232157182,-0.001940707633185872,0.0,0.0,0.0,0.0
756,1786799217,128941393,1786799217.128941,-7.233858111499868,-1.9345584829949913,0.7284416194537899,0.0,0.0,0.0,1.0,0.1301786436463382,0.0003825411101833001,0.0,0.0,0.0,0.0
757,1786799217,162339082,1786799217.162339,-7.229249633486409,-1.9347386854149016,0.7284416194537899,0.0,0.0,0.0,1.0,0.12697200272654488,-0.00039222671375450994,0.0,0.0,0.0,0.0
758,1786799217,528959805,1786799217.528960,-7.175688947398436,-1.9412790809787182,0.7277460164817932,0.0,0.0,0.0,1.0,0.13015248119390097,2.07161769657958e-05,0.0,0.0,0.0,0.0
759,1786799217,562234781,1786799217.562235,-7.169179596010175,-1.9412265707389977,0.7287191974284561,0.0,0.0,0.0,1.0,0.1293096353042056,0.001038889050784076,0.0,0.0,0.0,0.0
760,1786799217,995650265,1786799217.995650,-7.1169579886295065,-1.948438952193936,0.7256710650030361,0.0,0.0,0.0,1.0,0.12182937448002162,-0.0006485107862304483,0.0,0.0,0.0,0.0
761,1786799218,28918033,1786799218.028918,-7.112566201310564,-1.9486126435784383,0.7299347558818436,0.0,0.0,0.0,1.0,0.1268403326867625,-0.0009829248925242655,0.0,0.0,0.0,0.0
762,1786799218,62223380,1786799218.062223,-7.1083499541561945,-1.9488105510142715,0.7299347558818436,0.0,0.0,0.0,1.0,0.1249375904886257,0.001411266125742328,0.0,0.0,0.0,0.0
763,1786799218,262299358,1786799218.262299,-7.083474803542673,-1.9486362138434832,0.7248519477951753,0.0,0.0,0.0,1.0,0.12620880929712508,-0.0005136130870617781,0.0,0.0,0.0,0.0
764,1786799218,495765280,1786799218.495765,-7.052449056555951,-1.9483319894449977,0.7287853021644627,0.0,0.0,0.0,1.0,0.13081305094847467,0.0024948579919024955,0.0,0.0,0.0,0.0
765,1786799218,528907337,1786799218.528907,-7.048064270326189,-1.9480117328333522,0.7270708290531015,0.0,0.0,0.0,1.0,0.1319362913627504,-0.0005113666024672589,0.0,0.0,0.0,0.0
766,1786799218,729012916,1786799218.729013,-7.021458537284321,-1.9469279407030662,0.7255552277813789,0.0,0.0,0.0,1.0,0.1308417707518336,0.0002698226478468533,0.0,0.0,0.0,0.0
767,1786799218,762291297,1786799218.762291,-7.0177775085271765,-1.9460020685434787,0.7255552277813789,0.0,0.0,0.0,1.0,0.1390267295674145,-0.0006839027573659158,0.0,0.0,0.0,0.0
768,1786799219,62368928,1786799219.062369,-6.99670443347731,-1.9359421492769042,0.726187254889604,0.0,0.0,0.0,1.0,0.1234943332201184,0.0020272484657821027,0.0,0.0,0.0,0.0
769,1786799219,262290403,1786799219.262290,-6.969750001811874,-1.9348855132864329,0.7274455828081469,0.0,0.0,0.0,1.0,0.1288613758951212,0.000880211494294394,0.0,0.0,0.0,0.0
770,1786799219,362282291,1786799219.362282,-6.957952576486705,-1.9345979476037258,0.7252908756753871,0.0,0.0,0.0,1.0,0.1295065122160071,-0.0007399272719959146,0.0,0.0,0.0,0.0
771,1786799219,529024737,1786799219.529025,-6.9349392110540515,-1.934815070522839,0.7251878266573033,0.0,0.0,0.0,1.0,0.13040631155102586,-0.0018052500931381942,0.0,0.0,0.0,0.0
772,1786799219,745619997,1786799219.745620,-6.906812852400875,-1.9363053247807174,0.726879559213315,0.0,0.0,0.0,1.0,0.13311244516637072,-0.0008184674778197614,0.0,0.0,0.0,0.0
773,1786799220,62332421,1786799220.062332,-6.8626994449277126,-1.9384973230169908,0.7261839866462464,0.0,0.0,0.0,1.0,0.1325327964555361,-0.0010382356969400645,0.0,0.0,0.0,0.0
774,1786799220,229010708,1786799220.229011,-6.840170321216838,-1.9413574067313473,0.7270199202105829,0.0,0.0,0.0,1.0,0.12487837320255653,-0.00017752330891177253,0.0,0.0,0.0,0.0
775,1786799220,528956584,1786799220.528957,-6.803159228596937,-1.943281897908975,0.7257051271893633,0.0,0.0,0.0,1.0,0.12481463229649378,-0.0006614748773709656,0.0,0.0,0.0,0.0
776,1786799220,595610609,1786799220.595611,-6.7947411439385625,-1.9432778731574185,0.7260760937616272,0.0,0.0,0.0,1.0,0.1269117276842994,-0.0009570837660269274,0.0,0.0,0.0,0.0
777,1786799220,628993243,1786799220.628993,-6.790670912537577,-1.9433720592084405,0.7255186974330575,0.0,0.0,0.0,1.0,0.11750838806219076,-0.0008521148694736088,0.0,0.0,0.0,0.0
778,1786799220,662311059,1786799220.662311,-6.786607443269703,-1.9431291367032546,0.7255186974330575,0.0,0.0,0.0,1.0,0.1434969940565638,0.0011572629523384221,0.0,0.0,0.0,0.0
779,1786799220,728961311,1786799220.728961,-6.777434674652812,-1.943117121325615,0.7266426401025501,0.0,0.0,0.0,1.0,0.12912004749863962,0.0010283780668960895,0.0,0.0,0.0,0.0
780,1786799220,762342506,1786799220.762342,-6.772496925759704,-1.9429149490701507,0.7266426401025501,0.0,0.0,0.0,1.0,0.13020769467846738,0.0001539189548564043,0.0,0.0,0.0,0.0
781,1786799220,895811509,1786799220.895812,-6.756619921349705,-1.9400035457726488,0.726402081672369,0.0,0.0,0.0,1.0,0.13101669061359367,0.0001465826209030366,0.0,0.0,0.0,0.0
782,1786799220,928946074,1786799220.928946,-6.752030402174268,-1.9400433829162316,0.7252562148256059,0.0,0.0,0.0,1.0,0.13181522897992146,-0.00096688935549241,0.0,0.0,0.0,0.0
783,1786799220,962334969,1786799220.962335,-6.7477310424235,-1.9387204113863372,0.7252562148256059,0.0,0.0,0.0,1.0,0.11759494737151586,9.101814118767267e-06,0.0,0.0,0.0,0.0
784,1786799220,995735380,1786799220.995735,-6.743987749890326,-1.9382086490898953,0.7252625425572927,0.0,0.0,0.0,1.0,0.13005438327288565,0.00028903424535048437,0.0,0.0,0.0,0.0
785,1786799221,28931946,1786799221.028932,-6.7401701644957495,-1.938080536140525,0.7268353338094252,0.0,0.0,0.0,1.0,0.144182718221348,0.0021065283687274625,0.0,0.0,0.0,0.0
786,1786799221,128963899,1786799221.128964,-6.72718392841466,-1.9380586821037635,0.7286997338573631,0.0,0.0,0.0,1.0,0.1328948691339676,0.0006326727257336317,0.0,0.0,0.0,0.0
787,1786799221,162322965,1786799221.162323,-6.723397034269768,-1.9377486480175494,0.7286997338573631,0.0,0.0,0.0,1.0,0.12457828844712912,-0.0015949785477101701,0.0,0.0,0.0,0.0
788,1786799221,229017398,1786799221.229017,-6.7159221517801075,-1.937898822259737,0.7255967072789125,0.0,0.0,0.0,1.0,0.12598512300861636,0.000704655245809334,0.0,0.0,0.0,0.0
789,1786799221,429035940,1786799221.429036,-6.697638527901379,-1.9337854231225164,0.7266579851487938,0.0,0.0,0.0,1.0,0.12412807464559875,-0.000742442588646676,0.0,0.0,0.0,0.0
790,1786799221,462340517,1786799221.462341,-6.69223126498013,-1.9337859207682824,0.7266579851487938,0.0,0.0,0.0,1.0,0.1263639709717261,-0.00040702119904646814,0.0,0.0,0.0,0.0
791,1786799221,528991891,1786799221.528992,-6.682571192155051,-1.9342489127768978,0.7270283366134919,0.0,0.0,0.0,1.0,0.12639252486325883,-0.0006459213407380619,0.0,0.0,0.0,0.0
792,1786799221,662390045,1786799221.662390,-6.666212478670699,-1.9337578552849863,0.7248514712473776,0.0,0.0,0.0,1.0,0.12662837818380343,-0.006116925107464394,0.0,0.0,0.0,0.0
793,1786799221,728964703,1786799221.728965,-6.658292459429647,-1.9330832401943847,0.7239699427684047,0.0,0.0,0.0,1.0,0.12682929411217334,-0.004121354912697607,0.0,0.0,0.0,0.0
794,1786799221,762345686,1786799221.762346,-6.654425856789338,-1.9322300165250677,0.7239699427684047,0.0,0.0,0.0,1.0,0.12899932801277894,-0.0030235338186528943,0.0,0.0,0.0,0.0
795,1786799221,795701130,1786799221.795701,-6.650370264644811,-1.9316670348500298,0.7233743473415714,0.0,0.0,0.0,1.0,0.13034568024662263,-0.002355508349627749,0.0,0.0,0.0,0.0
796,1786799222,129020763,1786799222.129021,-6.610942012230466,-1.929260734828004,0.7260337338819397,0.0,0.0,0.0,1.0,0.11360907798761308,0.007779460177228437,0.0,0.0,0.0,0.0
797,1786799222,295787782,1786799222.295788,-6.593641640288964,-1.9239820737455906,0.7240729845849642,0.0,0.0,0.0,1.0,0.11955728259789752,0.00739926645842769,0.0,0.0,0.0,0.0
798,1786799222,329028589,1786799222.329029,-6.589804279014902,-1.9228814739012348,0.7294079658333719,0.0,0.0,0.0,1.0,0.13637650285833516,0.011489537139682975,0.0,0.0,0.0,0.0
799,1786799222,395681983,1786799222.395682,-6.5812020483001055,-1.92153882020136,0.7285686199652032,0.0,0.0,0.0,1.0,0.1316973819910304,0.010247578978575962,0.0,0.0,0.0,0.0
800,1786799222,462321255,1786799222.462321,-6.572618889225799,-1.9202329883949092,0.72741253512643,0.0,0.0,0.0,1.0,0.13316334779247851,0.01543024046739696,0.0,0.0,0.0,0.0
801,1786799222,529004301,1786799222.529004,-6.564022124672072,-1.918958975674213,0.7255401189807552,0.0,0.0,0.0,1.0,0.13034509672193131,0.011252105275025886,0.0,0.0,0.0,0.0
802,1786799222,595753429,1786799222.595753,-6.5555230767975,-1.9175529463983854,0.7260871382961032,0.0,0.0,0.0,1.0,0.1311889140048849,0.013745616791201965,0.0,0.0,0.0,0.0
803,1786799222,629031154,1786799222.629031,-6.5508438542199,-1.916975708683261,0.7257848511790266,0.0,0.0,0.0,1.0,0.13490946684914165,0.01264509176379252,0.0,0.0,0.0,0.0
804,1786799222,795738539,1786799222.795738,-6.529396340811587,-1.9137245841646062,0.7247890809257612,0.0,0.0,0.0,1.0,0.13094842494831915,0.0161229001700804,0.0,0.0,0.0,0.0
805,1786799223,29100181,1786799223.029100,-6.500047176669002,-1.9075699395103385,0.7272079503863048,0.0,0.0,0.0,1.0,0.12780830428366122,0.02191154385824038,0.0,0.0,0.0,0.0
806,1786799223,179009726,1786799223.179010,-6.481215693327348,-1.9023590534037567,0.7275989557949495,0.0,0.0,0.0,1.0,0.12905705155024358,0.02495134428075138,0.0,0.0,0.0,0.0
807,1786799223,212963468,1786799223.212964,-6.476659450624286,-1.900902411174859,0.7275989557949495,0.0,0.0,0.0,1.0,0.13132088337835784,0.025668402953083053,0.0,0.0,0.0,0.0
808,1786799223,279019022,1786799223.279019,-6.451078536902571,-1.944896761600399,0.7259826179963985,0.0,0.0,0.0,1.0,0.1322271047263718,0.026830151356975824,0.0,0.0,0.0,0.0
809,1786799223,312370723,1786799223.312371,-6.441605000842017,-1.9430323986981568,0.7271875921709511,0.0,0.0,0.0,1.0,0.13344333712541526,0.026902108698643533,0.0,0.0,0.0,0.0
810,1786799223,512439944,1786799223.512440,-6.415250328150274,-1.9289194915855565,0.7265423511670464,0.0,0.0,0.0,1.0,0.1301026523715818,0.02943130599064151,0.0,0.0,0.0,0.0
811,1786799223,845797438,1786799223.845798,-6.375874704044791,-1.91932100537056,0.7254991273935508,0.0,0.0,0.0,1.0,0.11547356916386267,0.02910947299729972,0.0,0.0,0.0,0.0
812,1786799223,879074998,1786799223.879075,-6.371503503859559,-1.9181590150045722,0.7258461093672205,0.0,0.0,0.0,1.0,0.13833556209252207,0.038339601585376096,0.0,0.0,0.0,0.0
813,1786799223,912382622,1786799223.912383,-6.3670424336930935,-1.9169498611053168,0.7258461093672205,0.0,0.0,0.0,1.0,0.13849618560432742,0.036701566707329394,0.0,0.0,0.0,0.0
814,1786799223,945694961,1786799223.945695,-6.362401814707867,-1.9157820474402028,0.7246993653880791,0.0,0.0,0.0,1.0,0.14011115894403592,0.03341810050622768,0.0,0.0,0.0,0.0
815,1786799223,979042938,1786799223.979043,-6.357648267669214,-1.9146185157774054,0.7258254830295506,0.0,0.0,0.0,1.0,0.1378980693784892,0.03462689706911409,0.0,0.0,0.0,0.0
816,1786799224,312409856,1786799224.312410,-6.348089384789346,-1.8671420451391383,0.7269409472587313,0.0,0.0,0.0,1.0,0.10786739117932179,0.061196148887948915,0.0,0.0,0.0,0.0
817,1786799224,379018066,1786799224.379018,-6.348837738197014,-1.852893807965586,0.7250398583618674,0.0,0.0,0.0,1.0,0.12322365205785851,0.06552273291561786,0.0,0.0,0.0,0.0
818,1786799224,412413369,1786799224.412413,-6.351117858642467,-1.8478634712772648,0.7255663891325476,0.0,0.0,0.0,1.0,0.11618631497734848,0.0643032510706262,0.0,0.0,0.0,0.0
819,1786799224,478986601,1786799224.478987,-6.342230462802281,-1.8463061546024775,0.7257639526623682,0.0,0.0,0.0,1.0,0.11729785977578285,0.06430636874049879,0.0,0.0,0.0,0.0
820,1786799224,779015962,1786799224.779016,-6.344505524748662,-1.786498967215644,0.7242387763196227,0.0,0.0,0.0,1.0,0.10551582097043938,0.05771833236815699,0.0,0.0,0.0,0.0
821,1786799224,879115832,1786799224.879116,-6.341017771612757,-1.7718492859436052,0.7245244172806244,0.0,0.0,0.0,1.0,0.10993168321670327,0.06207584412469027,0.0,0.0,0.0,0.0
822,1786799224,979047755,1786799224.979048,-6.32203884222225,-1.7788059050005953,0.7258274545962872,0.0,0.0,0.0,1.0,0.11474925671067915,0.06522052805301376,0.0,0.0,0.0,0.0
823,1786799225,179085223,1786799225.179085,-6.2978858480245945,-1.7787202303898286,0.7257160024864632,0.0,0.0,0.0,1.0,0.11287395959507203,0.062146739131578345,0.0,0.0,0.0,0.0
824,1786799225,212402036,1786799225.212402,-6.293566523943632,-1.777915979657233,0.7257160024864632,0.0,0.0,0.0,1.0,0.11367665020287242,0.06686818875991744,0.0,0.0,0.0,0.0
825,1786799225,345824160,1786799225.345824,-6.273754435748273,-1.7721109341570178,0.7292448323348132,0.0,0.0,0.0,1.0,0.11654180806408738,0.06638025917752809,0.0,0.0,0.0,0.0
826,1786799225,445742979,1786799225.445743,-6.218560799685437,-1.7317770254896054,0.7271140925472186,0.0,0.0,0.0,1.0,0.10758290874563646,0.06338561379457351,0.0,0.0,0.0,0.0
827,1786799225,845776974,1786799225.845777,-6.1370401603523925,-1.6869173852727999,0.7254823627019366,0.0,0.0,0.0,1.0,0.11280827444106545,0.06324538407286417,0.0,0.0,0.0,0.0
828,1786799225,879063920,1786799225.879064,-6.130584430141314,-1.684658135680488,0.7254823627019366,0.0,0.0,0.0,1.0,0.11357257584518708,0.06440945922312183,0.0,0.0,0.0,0.0
829,1786799226,45760726,1786799226.045761,-6.104090703447252,-1.6730419262754335,0.7232082318649727,0.0,0.0,0.0,1.0,0.10515191562451745,0.06364518208550744,0.0,0.0,0.0,0.0
830,1786799226,79213086,1786799226.079213,-6.098717350317908,-1.6715037557051313,0.7257933234433437,0.0,0.0,0.0,1.0,0.10520643938267303,0.059778513954589926,0.0,0.0,0.0,0.0
831,1786799226,145793534,1786799226.145793,-6.091216077394034,-1.667266322469465,0.7231893945704568,0.0,0.0,0.0,1.0,0.10608577681521719,0.05997361495167339,0.0,0.0,0.0,0.0
832,1786799226,312390564,1786799226.312391,-6.069603887677137,-1.6561452045526628,0.7260495286074493,0.0,0.0,0.0,1.0,0.10426281838986667,0.06407422726236298,0.0,0.0,0.0,0.0
833,1786799226,379072146,1786799226.379072,-6.059626951316792,-1.6519647325051339,0.7249535937294715,0.0,0.0,0.0,1.0,0.10285106588653099,0.05794801537081605,0.0,0.0,0.0,0.0
834,1786799226,579089460,1786799226.579089,-6.038381212659762,-1.6427321661386587,0.7237659827858561,0.0,0.0,0.0,1.0,0.1025087606206586,0.06160994546535562,0.0,0.0,0.0,0.0
835,1786799226,912422274,1786799226.912422,-6.003860116070552,-1.6242337180441515,0.7236556744326114,0.0,0.0,0.0,1.0,0.10725754102963626,0.060516722252793746,0.0,0.0,0.0,0.0
836,1786799227,12386864,1786799227.012387,-5.993047741908968,-1.62166917403467,0.7280697261752477,0.0,0.0,0.0,1.0,0.10642317100944337,0.05822991202167843,0.0,0.0,0.0,0.0
837,1786799227,145842300,1786799227.145842,-5.979812337498693,-1.6150450973637298,0.7253014055033484,0.0,0.0,0.0,1.0,0.10213948398330161,0.0526537404885381,0.0,0.0,0.0,0.0
838,1786799227,612572283,1786799227.612572,-5.9347451317315905,-1.5963684151324222,0.7257426326190033,0.0,0.0,0.0,1.0,0.09292163438560705,0.03869073598411356,0.0,0.0,0.0,0.0
839,1786799227,979092229,1786799227.979092,-5.894091017022778,-1.5832810319910062,0.7302206898808133,0.0,0.0,0.0,1.0,0.11208870262755737,0.04696706641326441,0.0,0.0,0.0,0.0
840,1786799228,412490168,1786799228.412490,-5.832337480621623,-1.595231099365097,0.726830046121889,0.0,0.0,0.0,1.0,0.11916082093602823,0.0503097016212013,0.0,0.0,0.0,0.0
841,1786799228,512560521,1786799228.512561,-5.819758472109989,-1.590121653502906,0.7258289345119734,0.0,0.0,0.0,1.0,0.11384438828040896,0.045073506965074055,0.0,0.0,0.0,0.0
842,1786799228,545918762,1786799228.545919,-5.81571543411294,-1.588632963611204,0.7256740321367898,0.0,0.0,0.0,1.0,0.11437453690235605,0.04478191869722503,0.0,0.0,0.0,0.0
843,1786799228,779170206,1786799228.779170,-5.787148638184247,-1.5771250668083612,0.7246465817182917,0.0,0.0,0.0,1.0,0.11582182801069639,0.048046867149581146,0.0,0.0,0.0,0.0
844,1786799228,812511372,1786799228.812511,-5.781784912178336,-1.5755347403334454,0.7258794773187939,0.0,0.0,0.0,1.0,0.11908346500071214,0.048316249947891604,0.0,0.0,0.0,0.0
845,1786799228,945755441,1786799228.945755,-5.7619560497276225,-1.567515328929813,0.7251421821983358,0.0,0.0,0.0,1.0,0.11928545702108861,0.04933697940451943,0.0,0.0,0.0,0.0
846,1786799228,979126616,1786799228.979127,-5.75797782050762,-1.5668165220499968,0.7257920854131803,0.0,0.0,0.0,1.0,0.1200201904390159,0.04820873066338405,0.0,0.0,0.0,0.0
847,1786799229,12469299,1786799229.012469,-5.75160660100148,-1.564571898245595,0.7257920854131803,0.0,0.0,0.0,1.0,0.1282804094134789,0.0518520832351061,0.0,0.0,0.0,0.0
848,1786799229,145759472,1786799229.145760,-5.733373546213299,-1.5580915255937167,0.7233701823868541,0.0,0.0,0.0,1.0,0.1181449865355785,0.045213607175454196,0.0,0.0,0.0,0.0
849,1786799229,279152355,1786799229.279152,-5.71942623496468,-1.5439944437832507,0.7266302290976491,0.0,0.0,0.0,1.0,0.12030128725423762,0.04795878274830799,0.0,0.0,0.0,0.0
850,1786799229,445863001,1786799229.445863,-5.707192985553151,-1.5334859808734955,0.7273344976913202,0.0,0.0,0.0,1.0,0.12138063760583928,0.04447456105208599,0.0,0.0,0.0,0.0
851,1786799229,479091858,1786799229.479092,-5.702977642180841,-1.5325902424055218,0.7273344976913202,0.0,0.0,0.0,1.0,0.12280214339404516,0.044825352127747096,0.0,0.0,0.0,0.0
852,1786799229,545811537,1786799229.545812,-5.697925486283191,-1.5299222767654026,0.7258773940884528,0.0,0.0,0.0,1.0,0.11731097403566829,0.04379869340945003,0.0,0.0,0.0,0.0
853,1786799229,645874902,1786799229.645875,-5.690309107633741,-1.5273209904807472,0.7261309751941628,0.0,0.0,0.0,1.0,0.11052492350418419,0.04318193237017733,0.0,0.0,0.0,0.0
854,1786799230,79107060,1786799230.079107,-5.627774369766431,-1.5043836845793008,0.726870644909526,0.0,0.0,0.0,1.0,0.10869821392643951,0.0330377021723594,0.0,0.0,0.0,0.0
855,1786799230,145801309,1786799230.145801,-5.61981163549762,-1.5022901607500336,0.72737719522585,0.0,0.0,0.0,1.0,0.11638281950744225,0.041531907505520396,0.0,0.0,0.0,0.0
856,1786799230,179146248,1786799230.179146,-5.615893604377556,-1.5014130014748386,0.7286778876230957,0.0,0.0,0.0,1.0,0.11788915194955542,0.04396730032446166,0.0,0.0,0.0,0.0
857,1786799230,245840259,1786799230.245840,-5.607988106550155,-1.4989634614901908,0.7262498446351324,0.0,0.0,0.0,1.0,0.11888019404086501,0.04317172019235324,0.0,0.0,0.0,0.0
858,1786799230,312488731,1786799230.312489,-5.597017846689725,-1.4945478129254646,0.7262152359183341,0.0,0.0,0.0,1.0,0.12138206391258982,0.04308991706214338,0.0,0.0,0.0,0.0
859,1786799230,345783151,1786799230.345783,-5.594334198767434,-1.4936576491034494,0.7278646160716441,0.0,0.0,0.0,1.0,0.1312092950660748,0.047701176774995344,0.0,0.0,0.0,0.0
860,1786799230,412446743,1786799230.412447,-5.585273415529136,-1.4902980196713602,0.7271393496358297,0.0,0.0,0.0,1.0,0.1127745932863519,0.03907827265606962,0.0,0.0,0.0,0.0
861,1786799230,445849049,1786799230.445849,-5.581669529270586,-1.489373944393531,0.7266094522714395,0.0,0.0,0.0,1.0,0.11669996229794338,0.041781139031041886,0.0,0.0,0.0,0.0
862,1786799230,479194052,1786799230.479194,-5.575801686849122,-1.4892459726718603,0.7259244860686367,0.0,0.0,0.0,1.0,0.118518823537587,0.04229206925684508,0.0,0.0,0.0,0.0
863,1786799230,612489714,1786799230.612490,-5.555458576647264,-1.4842780097563026,0.727511599167464,0.0,0.0,0.0,1.0,0.1241615754936186,0.04466367083430275,0.0,0.0,0.0,0.0
864,1786799230,812551534,1786799230.812551,-5.5308940085285325,-1.4757559033592673,0.7267617815860057,0.0,0.0,0.0,1.0,0.12154235131502121,0.04347455724193617,0.0,0.0,0.0,0.0
865,1786799230,845791148,1786799230.845791,-5.520330726310802,-1.4720995662263707,0.7269918492537002,0.0,0.0,0.0,1.0,0.122494467502784,0.04158058336215635,0.0,0.0,0.0,0.0
866,1786799230,912474234,1786799230.912474,-5.519142783510584,-1.4715911385033213,0.7246757200984536,0.0,0.0,0.0,1.0,0.11202619674420057,0.038711539472224166,0.0,0.0,0.0,0.0
867,1786799231,45793942,1786799231.045794,-5.502117597538879,-1.468371377515822,0.7248653678728355,0.0,0.0,0.0,1.0,0.11430114980809317,0.040127465159514146,0.0,0.0,0.0,0.0
868,1786799231,79192566,1786799231.079193,-5.494458033656903,-1.4717008686454731,0.7233531524091489,0.0,0.0,0.0,1.0,0.11348332669972677,0.042222846523832715,0.0,0.0,0.0,0.0
869,1786799231,145779461,1786799231.145779,-5.486832541888908,-1.4689590169487228,0.7259058752066919,0.0,0.0,0.0,1.0,0.11697024361157765,0.039114670008129036,0.0,0.0,0.0,0.0
870,1786799231,345853068,1786799231.345853,-5.468172802621104,-1.4752116282579928,0.7279548044452309,0.0,0.0,0.0,1.0,0.11921997579792516,0.04490064422169322,0.0,0.0,0.0,0.0
871,1786799231,612512696,1786799231.612513,-5.43409382926725,-1.4591008506034249,0.7284403946655397,0.0,0.0,0.0,1.0,0.11845920845148016,0.04406386704519449,0.0,0.0,0.0,0.0
872,1786799232,112507664,1786799232.112508,-5.377665884981309,-1.4371558714966566,0.7279632235412115,0.0,0.0,0.0,1.0,0.11912415316661396,0.043879882573762755,0.0,0.0,0.0,0.0
873,1786799232,345883880,1786799232.345884,-5.3509870912663065,-1.428528776655141,0.7252231834958399,0.0,0.0,0.0,1.0,0.1127876238937338,0.04021631500988549,0.0,0.0,0.0,0.0
874,1786799232,379193002,1786799232.379193,-5.335333392391468,-1.4230744158103306,0.7243799917557622,0.0,0.0,0.0,1.0,0.10425044649162445,0.0387844733630585,0.0,0.0,0.0,0.0
875,1786799232,445884382,1786799232.445884,-5.334400112096458,-1.4234787772499202,0.7241288246440625,0.0,0.0,0.0,1.0,0.1128936722127535,0.04177117977069878,0.0,0.0,0.0,0.0
876,1786799232,479251714,1786799232.479252,-5.3345607717645525,-1.4240295050711087,0.7245491461732994,0.0,0.0,0.0,1.0,0.11021267783225859,0.041975150021887675,0.0,0.0,0.0,0.0
877,1786799232,645863987,1786799232.645864,-5.319531189375652,-1.4129982119286304,0.7258612058122089,0.0,0.0,0.0,1.0,0.12010800472501844,0.04553448010306216,0.0,0.0,0.0,0.0
878,1786799232,679179541,1786799232.679179,-5.315198401256499,-1.4115892218852542,0.7250435332890556,0.0,0.0,0.0,1.0,0.13473467493191152,0.050241558045867184,0.0,0.0,0.0,0.0
879,1786799232,845828871,1786799232.845829,-5.29090625541971,-1.4073955840343677,0.7282330368311367,0.0,0.0,0.0,1.0,0.1178830452437092,0.0460235092719726,0.0,0.0,0.0,0.0
880,1786799232,879253824,1786799232.879254,-5.287764770665628,-1.4050701047045933,0.726442271396701,0.0,0.0,0.0,1.0,0.1310811825417944,0.05055090194581693,0.0,0.0,0.0,0.0
881,1786799232,912523187,1786799232.912523,-5.28297422167745,-1.4035750775000055,0.726442271396701,0.0,0.0,0.0,1.0,0.12191194976050754,0.047614505817793445,0.0,0.0,0.0,0.0
882,1786799232,979232320,1786799232.979232,-5.274731026978744,-1.4018262512809117,0.7250745224632439,0.0,0.0,0.0,1.0,0.11313327915215839,0.04545716621021538,0.0,0.0,0.0,0.0
883,1786799233,12578038,1786799233.012578,-5.2698499253365485,-1.4017693595575862,0.7250745224632439,0.0,0.0,0.0,1.0,0.13067251783850858,0.051010336931950506,0.0,0.0,0.0,0.0
884,1786799233,45816304,1786799233.045816,-5.2645681451082424,-1.399743694528529,0.7258550796867871,0.0,0.0,0.0,1.0,0.11951602553533439,0.04860958957926772,0.0,0.0,0.0,0.0
885,1786799233,212562114,1786799233.212562,-5.242958181141877,-1.3916611542957469,0.7266915451447576,0.0,0.0,0.0,1.0,0.12112862228142685,0.046813547214261654,0.0,0.0,0.0,0.0
886,1786799233,312554662,1786799233.312555,-5.231183226854995,-1.3871231640449593,0.7260579385557341,0.0,0.0,0.0,1.0,0.11449176884349813,0.045032765961812465,0.0,0.0,0.0,0.0
887,1786799233,345861372,1786799233.345861,-5.227204175880511,-1.3853761875921113,0.7264095826198133,0.0,0.0,0.0,1.0,0.1193179975235982,0.04828719367529815,0.0,0.0,0.0,0.0
888,1786799233,912586135,1786799233.912586,-5.159388275256397,-1.3691814166241325,0.7261319496229786,0.0,0.0,0.0,1.0,0.10789643251403189,0.04811043165373533,0.0,0.0,0.0,0.0
889,1786799234,12532870,1786799234.012533,-5.150604424461906,-1.3652360482173367,0.724521064976294,0.0,0.0,0.0,1.0,0.1181181340969166,0.04999315006763202,0.0,0.0,0.0,0.0
890,1786799234,145954986,1786799234.145955,-5.140372941587256,-1.3606116859205706,0.7268504567034791,0.0,0.0,0.0,1.0,0.1202857297860164,0.04938855900878461,0.0,0.0,0.0,0.0
891,1786799234,179243937,1786799234.179244,-5.130904287480901,-1.3566595677783075,0.7277345696962816,0.0,0.0,0.0,1.0,0.12946201275505548,0.05362819677841028,0.0,0.0,0.0,0.0
892,1786799234,195884509,1786799234.195884,-5.128301039856462,-1.3557749475734,0.7265063413757474,0.0,0.0,0.0,1.0,0.12170328748299586,0.04787029412111146,0.0,0.0,0.0,0.0
893,1786799234,329280543,1786799234.329281,-5.126020083600794,-1.3517269517421278,0.7264514255892207,0.0,0.0,0.0,1.0,0.12125591633133215,0.05004537195756065,0.0,0.0,0.0,0.0
894,1786799234,579254251,1786799234.579254,-5.1044422527592985,-1.334902352530309,0.7242797076394961,0.0,0.0,0.0,1.0,0.11359283433924304,0.048353122546332665,0.0,0.0,0.0,0.0
895,1786799234,645839756,1786799234.645840,-5.106979179872899,-1.32733741056455,0.7265634274771082,0.0,0.0,0.0,1.0,0.11542377255832699,0.0455514752870317,0.0,0.0,0.0,0.0
896,1786799235,12683528,1786799235.012684,-5.06666218265733,-1.3137336612619417,0.728325227026402,0.0,0.0,0.0,1.0,0.11374610483286125,0.047255890199262615,0.0,0.0,0.0,0.0
897,1786799235,29305621,1786799235.029306,-5.064368193253566,-1.3127651669998068,0.725383985262262,0.0,0.0,0.0,1.0,0.11629518541143861,0.04854899136753619,0.0,0.0,0.0,0.0
898,1786799235,145890772,1786799235.145891,-5.048409959361095,-1.312916270751177,0.7253571202100049,0.0,0.0,0.0,1.0,0.11938260269799836,0.04867478370129965,0.0,0.0,0.0,0.0
899,1786799235,245896055,1786799235.245896,-5.0388821793418455,-1.3071132496675353,0.725049717302019,0.0,0.0,0.0,1.0,0.12023127071757718,0.0503629058335061,0.0,0.0,0.0,0.0
900,1786799235,345873139,1786799235.345873,-5.02818968445347,-1.3013765583380064,0.7285897629345427,0.0,0.0,0.0,1.0,0.11827362467895504,0.04910253003724908,0.0,0.0,0.0,0.0
901,1786799235,379266414,1786799235.379267,-5.023537930096064,-1.300173978442745,0.7244959809389419,0.0,0.0,0.0,1.0,0.13131923109184412,0.052787611994121894,0.0,0.0,0.0,0.0
902,1786799235,395919901,1786799235.395920,-5.021282200579276,-1.3001447604041179,0.7244959809389419,0.0,0.0,0.0,1.0,0.12127612904329056,0.05051020082851512,0.0,0.0,0.0,0.0
903,1786799235,429293626,1786799235.429294,-5.018393388993079,-1.2999939846591642,0.7249176304568363,0.0,0.0,0.0,1.0,0.1072111417436688,0.046023021660983356,0.0,0.0,0.0,0.0
904,1786799235,479238035,1786799235.479238,-5.012889261565844,-1.298173882258061,0.7259106706111786,0.0,0.0,0.0,1.0,0.12125347504466467,0.05207747582532386,0.0,0.0,0.0,0.0
905,1786799235,545874264,1786799235.545874,-5.006526467289342,-1.2970819475092723,0.7258649363166874,0.0,0.0,0.0,1.0,0.12217651028065805,0.051467027854519495,0.0,0.0,0.0,0.0
906,1786799235,745947148,1786799235.745947,-4.982784856341909,-1.3015254694231122,0.7238431685392722,0.0,0.0,0.0,1.0,0.12069089695300499,0.04835816675563148,0.0,0.0,0.0,0.0
907,1786799235,779237528,1786799235.779238,-4.973712515238613,-1.298347427624205,0.7238989335516222,0.0,0.0,0.0,1.0,0.12277654173066334,0.04856734609061981,0.0,0.0,0.0,0.0
908,1786799235,795945063,1786799235.795945,-4.9727696745755,-1.2974651426457293,0.7253278335898534,0.0,0.0,0.0,1.0,0.1182410120808953,0.04703596109053302,0.0,0.0,0.0,0.0
909,1786799235,912558947,1786799235.912559,-4.9696982532447755,-1.3005404523251782,0.7272559074245774,0.0,0.0,0.0,1.0,0.1089256276093637,0.04509896727042328,0.0,0.0,0.0,0.0
910,1786799235,945912465,1786799235.945912,-4.9674506585433935,-1.3000739891845199,0.7281219746883504,0.0,0.0,0.0,1.0,0.1267795121798906,0.05215051889756986,0.0,0.0,0.0,0.0
911,1786799236,196003521,1786799236.196003,-4.9408773856955275,-1.2882377752712366,0.7280482382828255,0.0,0.0,0.0,1.0,0.11400152941474623,0.049393082763718316,0.0,0.0,0.0,0.0
912,1786799236,295924710,1786799236.295925,-4.931271754818407,-1.2865265945275661,0.7280895467935518,0.0,0.0,0.0,1.0,0.11834714711903371,0.0494701614687389,0.0,0.0,0.0,0.0
913,1786799236,712655378,1786799236.712655,-4.889133813274637,-1.2681522769737472,0.7278999829354262,0.0,0.0,0.0,1.0,0.12126191524144357,0.05082654646884766,0.0,0.0,0.0,0.0
914,1786799236,829303760,1786799236.829304,-4.878472122292692,-1.264903657529135,0.7268707691802485,0.0,0.0,0.0,1.0,0.12193903313938051,0.04910403476240323,0.0,0.0,0.0,0.0
915,1786799236,945980410,1786799236.945980,-4.865691736748417,-1.2604244548813663,0.7267168064350736,0.0,0.0,0.0,1.0,0.11689715511264477,0.04715053316134013,0.0,0.0,0.0,0.0
916,1786799236,962657503,1786799236.962657,-4.864142286358318,-1.2598019114459875,0.7267168064350736,0.0,0.0,0.0,1.0,0.1170286950181629,0.04681905718546734,0.0,0.0,0.0,0.0
917,1786799237,79308749,1786799237.079309,-4.850434004457379,-1.2552198006613677,0.7251986546982752,0.0,0.0,0.0,1.0,0.11568172801693528,0.04793564997421201,0.0,0.0,0.0,0.0
918,1786799237,95986469,1786799237.095986,-4.848515776015344,-1.2544387750926482,0.7251986546982752,0.0,0.0,0.0,1.0,0.1169826060634133,0.048323792551496984,0.0,0.0,0.0,0.0
919,1786799237,145939465,1786799237.145939,-4.8427683238349335,-1.2532591595436915,0.7256946049416425,0.0,0.0,0.0,1.0,0.11254975361501146,0.045833683203126196,0.0,0.0,0.0,0.0
920,1786799237,896127647,1786799237.896128,-4.723296802843936,-1.1797176459404621,0.7213886551825452,0.0,0.0,0.0,1.0,0.11317886883055449,0.046159568263453986,0.0,0.0,0.0,0.0
921,1786799238,212673480,1786799238.212673,-4.6849883748907075,-1.1632407076057927,0.725970605154627,0.0,0.0,0.0,1.0,0.11956653468941802,0.049586890247818344,0.0,0.0,0.0,0.0
922,1786799238,412634544,1786799238.412635,-4.661277495089843,-1.1539201275988153,0.7246531340045396,0.0,0.0,0.0,1.0,0.1182866346237925,0.04542998167239906,0.0,0.0,0.0,0.0
923,1786799238,512674629,1786799238.512675,-4.649941569575155,-1.149463886793302,0.724962776865304,0.0,0.0,0.0,1.0,0.11156751918452759,0.04425367786144479,0.0,0.0,0.0,0.0
924,1786799238,579312874,1786799238.579313,-4.642280541469465,-1.1471738878321227,0.7236803177894583,0.0,0.0,0.0,1.0,0.11758771885724113,0.04666041486345409,0.0,0.0,0.0,0.0
925,1786799238,779342956,1786799238.779343,-4.620009855443222,-1.137922034874482,0.7272065722111253,0.0,0.0,0.0,1.0,0.1134739183349344,0.047073878746259804,0.0,0.0,0.0,0.0
926,1786799238,979389818,1786799238.979390,-4.597014472278375,-1.1283791462147181,0.7271997855121146,0.0,0.0,0.0,1.0,0.11620990766062109,0.04775759647425398,0.0,0.0,0.0,0.0
927,1786799239,279400876,1786799239.279401,-4.5631785924583035,-1.114444346136449,0.7272341639797062,0.0,0.0,0.0,1.0,0.11715231807619747,0.049558201134353164,0.0,0.0,0.0,0.0
928,1786799239,329448346,1786799239.329448,-4.556661676840315,-1.1125193946331495,0.7275379897808067,0.0,0.0,0.0,1.0,0.12366185847972803,0.04937950324598609,0.0,0.0,0.0,0.0
929,1786799239,579470477,1786799239.579470,-4.526374618570409,-1.1005269635662365,0.7283887044537435,0.0,0.0,0.0,1.0,0.11903937520831323,0.04800014773987336,0.0,0.0,0.0,0.0
930,1786799239,796091909,1786799239.796092,-4.502063084763438,-1.0902410574599086,0.7258459684392681,0.0,0.0,0.0,1.0,0.1116813201671603,0.045891514135190235,0.0,0.0,0.0,0.0
931,1786799239,962861868,1786799239.962862,-4.483279399450903,-1.0828930902603995,0.7254021504997991,0.0,0.0,0.0,1.0,0.11281600623195077,0.04655646559629952,0.0,0.0,0.0,0.0
932,1786799240,112695186,1786799240.112695,-4.466576330395465,-1.0756764272825357,0.7256776818557684,0.0,0.0,0.0,1.0,0.11922238867036408,0.046360274997233164,0.0,0.0,0.0,0.0
933,1786799240,229384069,1786799240.229384,-4.452396781893361,-1.0702743514990287,0.7279887286764668,0.0,0.0,0.0,1.0,0.1195976347987747,0.047797147563388,0.0,0.0,0.0,0.0
934,1786799240,329348524,1786799240.329349,-4.4400689834438465,-1.0654265174059874,0.7282271353374418,0.0,0.0,0.0,1.0,0.12550892702066205,0.050140302575250144,0.0,0.0,0.0,0.0
935,1786799240,412759570,1786799240.412760,-4.430686837671599,-1.0619488492489846,0.7288369136541393,0.0,0.0,0.0,1.0,0.12192594232207325,0.04933627756320142,0.0,0.0,0.0,0.0
936,1786799240,512679022,1786799240.512679,-4.418690349970887,-1.0573061290897288,0.7263788308926873,0.0,0.0,0.0,1.0,0.12324254915674228,0.04879846985210678,0.0,0.0,0.0,0.0
937,1786799240,529374381,1786799240.529374,-4.416682741713464,-1.0566388656416572,0.7284631562907912,0.0,0.0,0.0,1.0,0.12381730881670135,0.047848465954210044,0.0,0.0,0.0,0.0
938,1786799240,562740867,1786799240.562741,-4.41312657499302,-1.0556354045513774,0.7284631562907912,0.0,0.0,0.0,1.0,0.12105073946175468,0.04902889767908118,0.0,0.0,0.0,0.0
939,1786799240,612734856,1786799240.612735,-4.407684882555456,-1.0539004269206926,0.7276474437014129,0.0,0.0,0.0,1.0,0.11446696025943653,0.04764873888295232,0.0,0.0,0.0,0.0
940,1786799240,746005080,1786799240.746005,-4.391757813010283,-1.0476717583044484,0.7262906249729779,0.0,0.0,0.0,1.0,0.12289878136956851,0.049308020601711154,0.0,0.0,0.0,0.0
941,1786799241,79461442,1786799241.079461,-4.35207847772805,-1.0317801206792039,0.7244957107344029,0.0,0.0,0.0,1.0,0.11538386413565856,0.04685159597527856,0.0,0.0,0.0,0.0
942,1786799241,246086943,1786799241.246087,-4.332450078404687,-1.0246996809297149,0.7255602037387845,0.0,0.0,0.0,1.0,0.11879566718578351,0.049780157593856574,0.0,0.0,0.0,0.0
943,1786799241,296028835,1786799241.296029,-4.32703080193803,-1.0228195597725767,0.7260095979883738,0.0,0.0,0.0,1.0,0.12028890684921865,0.049132878764205294,0.0,0.0,0.0,0.0
944,1786799241,329502409,1786799241.329502,-4.323274486738496,-1.021372664350908,0.7271232620457679,0.0,0.0,0.0,1.0,0.10933793246892666,0.044820487176781686,0.0,0.0,0.0,0.0
945,1786799241,429409010,1786799241.429409,-4.3129261123374,-1.017338800271479,0.7269649222473364,0.0,0.0,0.0,1.0,0.12568031385199974,0.05192582100874034,0.0,0.0,0.0,0.0
946,1786799241,479362371,1786799241.479362,-4.307173167992063,-1.0158867280048551,0.7254742776906243,0.0,0.0,0.0,1.0,0.11340893732770381,0.04555940266632455,0.0,0.0,0.0,0.0
947,1786799241,529446150,1786799241.529446,-4.302495645210802,-1.0136886935413874,0.7263809862789026,0.0,0.0,0.0,1.0,0.12971350935521792,0.0509629194402078,0.0,0.0,0.0,0.0
948,1786799241,796051646,1786799241.796052,-4.273724008407855,-0.9998913045372584,0.7278712421195244,0.0,0.0,0.0,1.0,0.12273855683180654,0.05139658382209382,0.0,0.0,0.0,0.0
949,1786799241,829463964,1786799241.829464,-4.269742386583041,-0.9989367219982062,0.7257194828525564,0.0,0.0,0.0,1.0,0.12348742244768546,0.04953148643362555,0.0,0.0,0.0,0.0
950,1786799241,929407007,1786799241.929407,-4.231278695183901,-0.9702321486384302,0.7246762255264924,0.0,0.0,0.0,1.0,0.12254172110979393,0.04961847269926397,0.0,0.0,0.0,0.0
951,1786799242,29360430,1786799242.029361,-4.220570773495646,-0.9660482344516159,0.7281164155041843,0.0,0.0,0.0,1.0,0.1226999200294608,0.0498418795847668,0.0,0.0,0.0,0.0
952,1786799242,146081615,1786799242.146082,-4.206587674148504,-0.9607049952377908,0.7275202019242943,0.0,0.0,0.0,1.0,0.11737260043454056,0.04851316180198159,0.0,0.0,0.0,0.0
953,1786799242,162779483,1786799242.162780,-4.204667364474837,-0.9598876036940927,0.7275202019242943,0.0,0.0,0.0,1.0,0.11645394876955467,0.04906886527427635,0.0,0.0,0.0,0.0
954,1786799242,296074744,1786799242.296075,-4.192961438710867,-0.957999119942776,0.7241606257273703,0.0,0.0,0.0,1.0,0.11551610474990207,0.04673122650799852,0.0,0.0,0.0,0.0
955,1786799242,329444964,1786799242.329445,-4.189606627297018,-0.9573961817480505,0.7233503053098845,0.0,0.0,0.0,1.0,0.11395897330000569,0.04770943646558246,0.0,0.0,0.0,0.0
956,1786799242,379345622,1786799242.379346,-4.184739399323829,-0.9563354970229481,0.7240599002150954,0.0,0.0,0.0,1.0,0.10900887477853953,0.04488549691871411,0.0,0.0,0.0,0.0
957,1786799242,412781294,1786799242.412781,-4.1811598645423755,-0.9559447645517078,0.7240599002150954,0.0,0.0,0.0,1.0,0.12078663692321506,0.050188387855860564,0.0,0.0,0.0,0.0
958,1786799242,929373522,1786799242.929374,-4.136065568322028,-0.9533194755562255,0.7283915836223562,0.0,0.0,0.0,1.0,0.12238581306559328,0.0521236275347583,0.0,0.0,0.0,0.0
959,1786799243,146057380,1786799243.146057,-4.11947544109161,-0.9451677899703255,0.7250953662300099,0.0,0.0,0.0,1.0,0.11356900692190049,0.04808291928614942,0.0,0.0,0.0,0.0
960,1786799243,412722664,1786799243.412723,-4.097571355462911,-0.9404657593570585,0.7278593538555092,0.0,0.0,0.0,1.0,0.11939641192902123,0.048508770838451724,0.0,0.0,0.0,0.0
961,1786799243,562792527,1786799243.562793,-4.079717591126596,-0.9303096826151898,0.7277513802674259,0.0,0.0,0.0,1.0,0.12025671853193168,0.0511783795925165,0.0,0.0,0.0,0.0
962,1786799243,862837921,1786799243.862838,-4.044378819919469,-0.9167180770763399,0.7286139890125607,0.0,0.0,0.0,1.0,0.12071694306758571,0.04931203558482741,0.0,0.0,0.0,0.0
963,1786799243,896115125,1786799243.896115,-4.040732966950413,-0.9156358440451935,0.7293786897167441,0.0,0.0,0.0,1.0,0.12027833424117394,0.050105587941537244,0.0,0.0,0.0,0.0
964,1786799243,929443025,1786799243.929443,-4.037070780344925,-0.9137785127876037,0.7270218032659255,0.0,0.0,0.0,1.0,0.11214953499254526,0.04686140231667725,0.0,0.0,0.0,0.0
965,1786799244,62775413,1786799244.062775,-4.020964705296378,-0.911666511682161,0.7262747044038862,0.0,0.0,0.0,1.0,0.12496736132393474,0.05061144679966942,0.0,0.0,0.0,0.0
966,1786799244,596108315,1786799244.596108,-3.9643049165560704,-0.8902281749440368,0.7245204690258744,0.0,0.0,0.0,1.0,0.11431191599999503,0.04758218696838521,0.0,0.0,0.0,0.0
967,1786799244,679376516,1786799244.679377,-3.9547569647871654,-0.8858482914831112,0.7257693176332262,0.0,0.0,0.0,1.0,0.11498843262258526,0.04630964900306707,0.0,0.0,0.0,0.0
968,1786799244,712831356,1786799244.712831,-3.950235802498958,-0.88342387990558,0.7257693176332262,0.0,0.0,0.0,1.0,0.1293897433571387,0.051943293674851815,0.0,0.0,0.0,0.0
969,1786799244,862820430,1786799244.862820,-3.9336077639782348,-0.8774016078339786,0.7274511330600367,0.0,0.0,0.0,1.0,0.1189754934076253,0.04830346580098448,0.0,0.0,0.0,0.0
970,1786799244,929463598,1786799244.929464,-3.925895508177714,-0.8741880508875903,0.7261513742924037,0.0,0.0,0.0,1.0,0.11247444823783619,0.04813813321098889,0.0,0.0,0.0,0.0
971,1786799245,529584993,1786799245.529585,-3.8583507068271317,-0.8397043200628087,0.7243515701238458,0.0,0.0,0.0,1.0,0.1225870053206966,0.052513173991493994,0.0,0.0,0.0,0.0
972,1786799245,562857549,1786799245.562858,-3.8549659357325448,-0.8384939491201848,0.7243515701238458,0.0,0.0,0.0,1.0,0.11763966893369202,0.050144034003078014,0.0,0.0,0.0,0.0
973,1786799245,596135425,1786799245.596135,-3.852109997946105,-0.8387437909646789,0.724446261297331,0.0,0.0,0.0,1.0,0.10419439040545761,0.04180552453592265,0.0,0.0,0.0,0.0
974,1786799245,696127332,1786799245.696127,-3.8439158550603407,-0.8351979706418615,0.7253904387259981,0.0,0.0,0.0,1.0,0.12073256435218412,0.04901227096256284,0.0,0.0,0.0,0.0
975,1786799245,879515902,1786799245.879516,-3.8234540681190925,-0.8267965244728264,0.724144793477631,0.0,0.0,0.0,1.0,0.11780689872901504,0.04732851044870244,0.0,0.0,0.0,0.0
976,1786799246,396242197,1786799246.396242,-3.7584229731919443,-0.8017808637398478,0.7285425601607317,0.0,0.0,0.0,1.0,0.12062088346488502,0.04439296278753913,0.0,0.0,0.0,0.0
977,1786799246,430651009,1786799246.430651,-3.7542249822321683,-0.800060235264755,0.7272424162416528,0.0,0.0,0.0,1.0,0.12046425237052535,0.04791061499048747,0.0,0.0,0.0,0.0
978,1786799247,629528820,1786799247.629529,-3.6181038208148886,-0.7523706337102292,0.7269095580267586,0.0,0.0,0.0,1.0,0.11479240852124613,0.04991399422669563,0.0,0.0,0.0,0.0
979,1786799248,229561405,1786799248.229561,-3.534632377764874,-0.7103831536333882,0.7267228386724874,0.0,0.0,0.0,1.0,0.10133705592214984,0.0456110867646575,0.0,0.0,0.0,0.0
980,1786799248,362851885,1786799248.362852,-3.5192069490160343,-0.7050453126244545,0.7281143723575219,0.0,0.0,0.0,1.0,0.11754212263484404,0.04896049779573808,0.0,0.0,0.0,0.0
981,1786799248,462835462,1786799248.462836,-3.5063513640242014,-0.7017824082465052,0.7268353959164762,0.0,0.0,0.0,1.0,0.11986762787761926,0.048921914537820674,0.0,0.0,0.0,0.0
982,1786799249,162843304,1786799249.162843,-3.4228338050043057,-0.6762688457702162,0.7247121471071716,0.0,0.0,0.0,1.0,0.12496126061358043,0.054135686278073726,0.0,0.0,0.0,0.0
983,1786799249,196227206,1786799249.196227,-3.4193477062439452,-0.6745739564957232,0.7253606989684556,0.0,0.0,0.0,1.0,0.11870984258266568,0.04874202744304706,0.0,0.0,0.0,0.0
984,1786799249,396214610,1786799249.396215,-3.397795181223289,-0.6661184425622562,0.7270925295868887,0.0,0.0,0.0,1.0,0.11717472368466049,0.04728771490409921,0.0,0.0,0.0,0.0
985,1786799249,462867731,1786799249.462868,-3.389919129228346,-0.6656385861475564,0.723981509687995,0.0,0.0,0.0,1.0,0.11804904187064932,0.045868831689618375,0.0,0.0,0.0,0.0
986,1786799249,729639189,1786799249.729639,-3.3582483730136286,-0.6563058814357337,0.7243706058807097,0.0,0.0,0.0,1.0,0.1179605451851019,0.049677848258070055,0.0,0.0,0.0,0.0
987,1786799249,796251055,1786799249.796251,-3.3505749456616734,-0.6529635496974064,0.7264478660581485,0.0,0.0,0.0,1.0,0.12022349231199539,0.04882522674168121,0.0,0.0,0.0,0.0
988,1786799249,829575046,1786799249.829575,-3.3463343314776957,-0.6512515033002853,0.7259829541751753,0.0,0.0,0.0,1.0,0.11934770302307196,0.04830485834036813,0.0,0.0,0.0,0.0
989,1786799249,862919275,1786799249.862919,-3.3420747617725883,-0.6499056415581095,0.7259829541751753,0.0,0.0,0.0,1.0,0.12008337448642895,0.0489985801264317,0.0,0.0,0.0,0.0
990,1786799249,929590883,1786799249.929591,-3.3343639031739,-0.6472634913942363,0.7274500055129021,0.0,0.0,0.0,1.0,0.11997970223695979,0.049588634128916564,0.0,0.0,0.0,0.0
991,1786799250,96242428,1786799250.096242,-3.3151028308515667,-0.6400919704179389,0.7263294268287537,0.0,0.0,0.0,1.0,0.11981726153491129,0.048932038418816944,0.0,0.0,0.0,0.0
992,1786799250,162920537,1786799250.162920,-3.3000591771075314,-0.6339670479015158,0.7233845021210064,0.0,0.0,0.0,1.0,0.12273754222623573,0.04987992101922589,0.0,0.0,0.0,0.0
993,1786799250,196253361,1786799250.196253,-3.292760185700713,-0.6313655610730045,0.7248172788188529,0.0,0.0,0.0,1.0,0.12235752875192403,0.049729988738144944,0.0,0.0,0.0,0.0
994,1786799250,262979215,1786799250.262979,-3.292353252671134,-0.632148841929931,0.7244912090336819,0.0,0.0,0.0,1.0,0.11887739966886463,0.04726270450695854,0.0,0.0,0.0,0.0
995,1786799250,296252025,1786799250.296252,-3.291014883124074,-0.6322956778151083,0.7257362577410762,0.0,0.0,0.0,1.0,0.12924978128521797,0.049388753179630394,0.0,0.0,0.0,0.0
996,1786799251,62890782,1786799251.062891,-3.2097220330124827,-0.5888707234675072,0.7269409790824721,0.0,0.0,0.0,1.0,0.12226813269951628,0.05200646770409839,0.0,0.0,0.0,0.0
997,1786799251,96238212,1786799251.096238,-3.207687184095077,-0.5893902257123631,0.7259886359346648,0.0,0.0,0.0,1.0,0.11720943044025219,0.04800148514230574,0.0,0.0,0.0,0.0
998,1786799251,162901043,1786799251.162901,-3.197066170352201,-0.5842709941861564,0.7250460718021559,0.0,0.0,0.0,1.0,0.12140967012154898,0.048756981300071445,0.0,0.0,0.0,0.0
999,1786799251,379663671,1786799251.379664,-3.168682848195507,-0.5732153676839935,0.726196601093341,0.0,0.0,0.0,1.0,0.12080739957478087,0.04844188214849013,0.0,0.0,0.0,0.0
1000,1786799251,412944987,1786799251.412945,-3.164761265046897,-0.5713030395391383,0.726196601093341,0.0,0.0,0.0,1.0,0.12057372277398287,0.04970077792559057,0.0,0.0,0.0,0.0
1001,1786799251,496243377,1786799251.496243,-3.154569182426222,-0.5674799160657855,0.7257698342515693,0.0,0.0,0.0,1.0,0.12120861205018352,0.04989617000405886,0.0,0.0,0.0,0.0
1002,1786799251,529562475,1786799251.529562,-3.1505646181902964,-0.5657002088200891,0.725895318151063,0.0,0.0,0.0,1.0,0.12164537498667655,0.04993529552055929,0.0,0.0,0.0,0.0
1003,1786799251,729655095,1786799251.729655,-3.126204325456806,-0.5565201405371389,0.7248534242583997,0.0,0.0,0.0,1.0,0.11684435005819502,0.043789986818373046,0.0,0.0,0.0,0.0
1004,1786799252,96293054,1786799252.096293,-3.0826727145992354,-0.5382457586417053,0.7288127568416106,0.0,0.0,0.0,1.0,0.11396084717726836,0.04804411445321013,0.0,0.0,0.0,0.0
1005,1786799252,129666081,1786799252.129666,-3.0694424877392272,-0.5328168348362052,0.7273713188623129,0.0,0.0,0.0,1.0,0.11815698839413025,0.048415450012349,0.0,0.0,0.0,0.0
1006,1786799252,262948827,1786799252.262949,-3.0631816314058113,-0.5299298444847735,0.7263305724679701,0.0,0.0,0.0,1.0,0.12099208175349663,0.048219958534401884,0.0,0.0,0.0,0.0
1007,1786799252,596322418,1786799252.596323,-3.022126431229193,-0.511641984809813,0.7246349548787494,0.0,0.0,0.0,1.0,0.12060583333278449,0.050304585312957485,0.0,0.0,0.0,0.0
1008,1786799252,629570538,1786799252.629570,-3.0172131080202096,-0.5101148897820496,0.7244179743647846,0.0,0.0,0.0,1.0,0.12993198240078396,0.052320615176181993,0.0,0.0,0.0,0.0
1009,1786799252,662932085,1786799252.662932,-3.0130137288509875,-0.5087420724760772,0.7244179743647846,0.0,0.0,0.0,1.0,0.11175611315256352,0.04557787797292599,0.0,0.0,0.0,0.0
1010,1786799253,29649928,1786799253.029650,-2.979644546727995,-0.4839877719451544,0.726937623479862,0.0,0.0,0.0,1.0,0.11637972625225762,0.050123207639851945,0.0,0.0,0.0,0.0
1011,1786799253,62975464,1786799253.062975,-2.975546012316764,-0.4832063371090207,0.726937623479862,0.0,0.0,0.0,1.0,0.11573886744598968,0.048072387837842886,0.0,0.0,0.0,0.0
1012,1786799253,96318717,1786799253.096319,-2.9743822961915516,-0.48224861428640886,0.7278275217887542,0.0,0.0,0.0,1.0,0.11384113935996833,0.04622190784699984,0.0,0.0,0.0,0.0
1013,1786799253,162932726,1786799253.162933,-2.9672349027314766,-0.4795758285978926,0.7259553023606684,0.0,0.0,0.0,1.0,0.11554467306707457,0.0474221286767732,0.0,0.0,0.0,0.0
1014,1786799253,196318788,1786799253.196319,-2.963383845598793,-0.4777652261545857,0.7262750068559672,0.0,0.0,0.0,1.0,0.11654807117784238,0.04645201466016022,0.0,0.0,0.0,0.0
1015,1786799253,462969942,1786799253.462970,-2.935720475179439,-0.4632075540053451,0.7240759744126605,0.0,0.0,0.0,1.0,0.12083214067787522,0.045772698149724116,0.0,0.0,0.0,0.0
1016,1786799253,596288403,1786799253.596288,-2.9193806474614394,-0.4587560423466708,0.7269149148129092,0.0,0.0,0.0,1.0,0.11844808726599754,0.043407538336296105,0.0,0.0,0.0,0.0
1017,1786799253,629708976,1786799253.629709,-2.916678418883791,-0.45653553882035536,0.7287027133874793,0.0,0.0,0.0,1.0,0.1165001623643055,0.04583081862580681,0.0,0.0,0.0,0.0
1018,1786799253,663070937,1786799253.663071,-2.912953139356466,-0.45432580542730494,0.7287027133874793,0.0,0.0,0.0,1.0,0.1174104598352587,0.04633486802928419,0.0,0.0,0.0,0.0
1019,1786799253,696338151,1786799253.696338,-2.9087518498471336,-0.4530346828463534,0.726924336660492,0.0,0.0,0.0,1.0,0.11771655450861802,0.04700920158140952,0.0,0.0,0.0,0.0
1020,1786799253,762950147,1786799253.762950,-2.900108068925894,-0.45039241597527946,0.7245879002018472,0.0,0.0,0.0,1.0,0.12074797859153252,0.047792869030946566,0.0,0.0,0.0,0.0
1021,1786799253,796310879,1786799253.796311,-2.895639702958462,-0.4489761645129333,0.724679730398786,0.0,0.0,0.0,1.0,0.12184205829818426,0.0499644510912969,0.0,0.0,0.0,0.0
1022,1786799254,196313196,1786799254.196313,-2.805922511677453,-0.3979014733092747,0.727176882291987,0.0,0.0,0.0,1.0,0.10487887274627747,0.022840818904928284,0.0,0.0,0.0,0.0
1023,1786799254,229694541,1786799254.229695,-2.7918905648200845,-0.3939355805935352,0.7263881420716918,0.0,0.0,0.0,1.0,0.12610576832390966,0.042432421851579735,0.0,0.0,0.0,0.0
1024,1786799254,263058323,1786799254.263058,-2.754962676301158,-0.3493682097646733,0.7281357878618924,0.0,0.0,0.0,1.0,0.12951428376424579,0.04409982622428249,0.0,0.0,0.0,0.0
1025,1786799254,296415042,1786799254.296415,-2.7545870137195294,-0.35114659196083586,0.7266945592847599,0.0,0.0,0.0,1.0,0.1274137419368878,0.04252865715962968,0.0,0.0,0.0,0.0
1026,1786799254,529647280,1786799254.529647,-2.734750805919562,-0.3474231123823961,0.7270272863729055,0.0,0.0,0.0,1.0,0.12878620209810623,0.03343536236437013,0.0,0.0,0.0,0.0
1027,1786799254,629642565,1786799254.629642,-2.7219894757196244,-0.34365574246502395,0.7251947890879571,0.0,0.0,0.0,1.0,0.12845884331152832,0.03393065759697913,0.0,0.0,0.0,0.0
1028,1786799255,296413124,1786799255.296413,-2.6583760864324226,-0.35817091892495556,0.7280382554984304,0.0,0.0,0.0,1.0,0.07030146688912857,-0.0220895020934102,0.0,0.0,0.0,0.0
1029,1786799255,663094391,1786799255.663094,-2.6123046987816156,-0.34571253305033856,0.7236649260690768,0.0,0.0,0.0,1.0,0.11032998492932142,-0.003786350410249273,0.0,0.0,0.0,0.0
1030,1786799255,729715708,1786799255.729716,-2.5945137585518214,-0.347619968177602,0.7236852156512844,0.0,0.0,0.0,1.0,0.14198403409516586,0.005533582012119655,0.0,0.0,0.0,0.0
1031,1786799255,862952581,1786799255.862952,-2.573844642123591,-0.3469741138314175,0.7258974970356099,0.0,0.0,0.0,1.0,0.14709686198729477,-0.000505361290974048,0.0,0.0,0.0,0.0
1032,1786799255,896381311,1786799255.896381,-2.569218371939055,-0.3465431804038066,0.7260216514932644,0.0,0.0,0.0,1.0,0.144845523645574,-0.003990446395134599,0.0,0.0,0.0,0.0
1033,1786799255,929681581,1786799255.929682,-2.5581049145406975,-0.3591279677982062,0.7255984771064821,0.0,0.0,0.0,1.0,0.15051764032475284,-0.007802161432624516,0.0,0.0,0.0,0.0
1034,1786799256,63055036,1786799256.063055,-2.523961821324887,-0.3842820666360587,0.7215526730177556,0.0,0.0,0.0,1.0,0.14699304557276358,-0.01630045651082824,0.0,0.0,0.0,0.0
1035,1786799256,229784712,1786799256.229785,-2.4995789452417156,-0.38643729251740755,0.7254662576269129,0.0,0.0,0.0,1.0,0.14591897352071553,-0.020308259294684994,0.0,0.0,0.0,0.0
1036,1786799256,263132897,1786799256.263133,-2.4759395014126397,-0.3902519793876178,0.7234813895072437,0.0,0.0,0.0,1.0,0.13553035636079389,-0.02357625032831471,0.0,0.0,0.0,0.0
1037,1786799256,396379978,1786799256.396380,-2.474597090600817,-0.3905237246611277,0.7239282219533809,0.0,0.0,0.0,1.0,0.13516520512271296,-0.024541159731582243,0.0,0.0,0.0,0.0
1038,1786799256,429811252,1786799256.429811,-2.4718208328301614,-0.39106352964555313,0.7228286082516442,0.0,0.0,0.0,1.0,0.13551339964553658,-0.026045891514692207,0.0,0.0,0.0,0.0
1039,1786799256,512964554,1786799256.512964,-2.4600078838949138,-0.3848403570147745,0.7207925340023628,0.0,0.0,0.0,1.0,0.13515845307858912,-0.029436674278822583,0.0,0.0,0.0,0.0
1040,1786799256,613012736,1786799256.613013,-2.4462785898848143,-0.38405511442014384,0.7218585598680498,0.0,0.0,0.0,1.0,0.13481626644392297,-0.029493455134014312,0.0,0.0,0.0,0.0
1041,1786799256,746477101,1786799256.746477,-2.4279181525131612,-0.3848884918887636,0.7209723611392922,0.0,0.0,0.0,1.0,0.1358458056614625,-0.0301332786094966,0.0,0.0,0.0,0.0
1042,1786799256,779740837,1786799256.779741,-2.4230471091486177,-0.38271902909881605,0.7209723611392922,0.0,0.0,0.0,1.0,0.13670154138718416,-0.03155625095603595,0.0,0.0,0.0,0.0
1043,1786799256,913042642,1786799256.913043,-2.404689549493863,-0.38302845229421756,0.7220294498512062,0.0,0.0,0.0,1.0,0.13612777684831368,-0.029634505046713132,0.0,0.0,0.0,0.0
1044,1786799256,946390896,1786799256.946391,-2.400268306967954,-0.3812111837426988,0.7239547554335227,0.0,0.0,0.0,1.0,0.1343445405360817,-0.032009987932968394,0.0,0.0,0.0,0.0
1045,1786799257,79805234,1786799257.079805,-2.3833680601164513,-0.38149752904303513,0.7218236422887008,0.0,0.0,0.0,1.0,0.1274193310233425,-0.03136902609189379,0.0,0.0,0.0,0.0
1046,1786799257,213000226,1786799257.213000,-2.3669443197596696,-0.38350849284876865,0.7223688702964335,0.0,0.0,0.0,1.0,0.12391205959918031,-0.027940858164112937,0.0,0.0,0.0,0.0
1047,1786799257,379797407,1786799257.379797,-2.346703177236579,-0.3869554259648955,0.7255642765190554,0.0,0.0,0.0,1.0,0.12075164017888405,-0.025313372031321297,0.0,0.0,0.0,0.0
1048,1786799257,446353108,1786799257.446353,-2.3384161543968744,-0.3879957096838096,0.7259499087229213,0.0,0.0,0.0,1.0,0.12319166658769483,-0.025972713271792576,0.0,0.0,0.0,0.0
1049,1786799257,846428933,1786799257.846429,-2.294191764552121,-0.41039063834196154,0.7297116019828641,0.0,0.0,0.0,1.0,0.10899346000836706,-0.020968519275158283,0.0,0.0,0.0,0.0
1050,1786799257,913027801,1786799257.913028,-2.2870962705685915,-0.4122380013660756,0.7280240994874462,0.0,0.0,0.0,1.0,0.10841430672829641,-0.020629921014343626,0.0,0.0,0.0,0.0
1051,1786799257,946441243,1786799257.946441,-2.283380252830062,-0.41314828410106874,0.7326758709752892,0.0,0.0,0.0,1.0,0.10907649455249474,-0.022778836854853116,0.0,0.0,0.0,0.0
1052,1786799258,13441388,1786799258.013441,-2.2761538736002933,-0.41483008456732184,0.7292407471881666,0.0,0.0,0.0,1.0,0.10874348491640991,-0.02126188315992662,0.0,0.0,0.0,0.0
1053,1786799258,146366860,1786799258.146367,-2.255809429574418,-0.41259056935856675,0.7307557299771871,0.0,0.0,0.0,1.0,0.110698088046965,-0.023364222742210356,0.0,0.0,0.0,0.0
1054,1786799258,246373807,1786799258.246374,-2.2416033110571387,-0.4146851766387989,0.7291608388901896,0.0,0.0,0.0,1.0,0.11189924933131588,-0.022207737396638796,0.0,0.0,0.0,0.0
1055,1786799258,646413701,1786799258.646414,-2.1903714009519497,-0.4257516773455374,0.7287906767119312,0.0,0.0,0.0,1.0,0.11759063841089629,-0.025687124319436348,0.0,0.0,0.0,0.0
1056,1786799258,713790441,1786799258.713790,-2.174958438971851,-0.4289817439044368,0.7266793363175845,0.0,0.0,0.0,1.0,0.12219337655606026,-0.026082214049448636,0.0,0.0,0.0,0.0
1057,1786799258,746461907,1786799258.746462,-2.167053445723095,-0.4317283867923227,0.7275209360412308,0.0,0.0,0.0,1.0,0.13140108761827388,-0.0236896280827412,0.0,0.0,0.0,0.0
1058,1786799258,813092224,1786799258.813092,-2.1657989115843677,-0.4316384938499944,0.7283096273306968,0.0,0.0,0.0,1.0,0.1140042980233007,-0.02009336018136941,0.0,0.0,0.0,0.0
1059,1786799258,846394249,1786799258.846394,-2.1654065412194203,-0.4319891304927965,0.7290760696646741,0.0,0.0,0.0,1.0,0.11657435205969444,-0.01881815007716938,0.0,0.0,0.0,0.0
1060,1786799258,896466052,1786799258.896466,-2.1602870889602155,-0.43527978045808724,0.7274189894954367,0.0,0.0,0.0,1.0,0.11909145490040254,-0.020583114753043072,0.0,0.0,0.0,0.0
1061,1786799259,79823300,1786799259.079823,-2.1380594412809533,-0.441259813607191,0.7244596657169072,0.0,0.0,0.0,1.0,0.11065603404874692,-0.01736897842559569,0.0,0.0,0.0,0.0
1062,1786799259,279891198,1786799259.279891,-2.1143161590394026,-0.44561953553782896,0.7235046738475316,0.0,0.0,0.0,1.0,0.11916457632164515,-0.016293263633793686,0.0,0.0,0.0,0.0
1063,1786799259,346393439,1786799259.346393,-2.099091327171932,-0.4639909985225734,0.7248873159125857,0.0,0.0,0.0,1.0,0.1250548823835023,-0.018856650996421424,0.0,0.0,0.0,0.0
1064,1786799259,479825727,1786799259.479826,-2.077653602748475,-0.46624843530049587,0.7255128548501545,0.0,0.0,0.0,1.0,0.12219043038667018,-0.01596122343533507,0.0,0.0,0.0,0.0
1065,1786799259,546466152,1786799259.546466,-2.065479068926683,-0.4647884278320409,0.7241996542184415,0.0,0.0,0.0,1.0,0.11736907321628029,-0.014785782672803761,0.0,0.0,0.0,0.0
1066,1786799259,579743698,1786799259.579744,-2.061242917066741,-0.46565981060908324,0.7226185338172496,0.0,0.0,0.0,1.0,0.12096302238421588,-0.01537530088992388,0.0,0.0,0.0,0.0
1067,1786799259,746523238,1786799259.746523,-2.0408119605625696,-0.4690286722081891,0.7229635214928666,0.0,0.0,0.0,1.0,0.12227186883032147,-0.012505933944918859,0.0,0.0,0.0,0.0
1068,1786799259,913028725,1786799259.913029,-2.0099276571212084,-0.46284826900059595,0.7244402779313582,0.0,0.0,0.0,1.0,0.12687374327596762,-0.010204622280364731,0.0,0.0,0.0,0.0
1069,1786799260,79774953,1786799260.079775,-1.9841460309728625,-0.46194820190545793,0.7244748374968154,0.0,0.0,0.0,1.0,0.13152626650727073,-0.011164697420562586,0.0,0.0,0.0,0.0
1070,1786799260,179853378,1786799260.179853,-1.9716834777776047,-0.4631875515158552,0.7259710411212422,0.0,0.0,0.0,1.0,0.11880484502264729,-0.006247110147703339,0.0,0.0,0.0,0.0
1071,1786799260,213091365,1786799260.213091,-1.9673915952126357,-0.4627856034271427,0.7259710411212422,0.0,0.0,0.0,1.0,0.12705970855115878,-0.006240467151947426,0.0,0.0,0.0,0.0
1072,1786799260,413019044,1786799260.413019,-1.9436432735082416,-0.44919539150666576,0.726780867006265,0.0,0.0,0.0,1.0,0.1152242257468101,-0.005655167470107941,0.0,0.0,0.0,0.0
1073,1786799260,646390104,1786799260.646390,-1.9276345231746888,-0.4419118159044153,0.7265265212600137,0.0,0.0,0.0,1.0,0.12623190476777324,-0.005651955320908203,0.0,0.0,0.0,0.0
1074,1786799261,563144465,1786799261.563144,-1.8167517046054424,-0.4648545870476064,0.728212418458665,0.0,0.0,0.0,1.0,0.12560114983754503,-0.01427430442985146,0.0,0.0,0.0,0.0
1075,1786799261,596458191,1786799261.596458,-1.8154861776348987,-0.4610568129894499,0.7282427604245706,0.0,0.0,0.0,1.0,0.11951553035555218,-0.000822091270036086,0.0,0.0,0.0,0.0
1076,1786799261,913260526,1786799261.913260,-1.7754651306335116,-0.46412275683493265,0.726501917260557,0.0,0.0,0.0,1.0,0.12036056302301672,0.0008883356649831346,0.0,0.0,0.0,0.0
1077,1786799261,946581557,1786799261.946582,-1.7700946463175384,-0.46436496810758987,0.7273922961674306,0.0,0.0,0.0,1.0,0.13150829571793468,0.00043787712682871114,0.0,0.0,0.0,0.0
1078,1786799261,963140527,1786799261.963140,-1.7679333174940606,-0.464484767418599,0.7273922961674306,0.0,0.0,0.0,1.0,0.1299457105559151,0.0010574929483829465,0.0,0.0,0.0,0.0
1079,1786799262,63064367,1786799262.063064,-1.7530616135260129,-0.4629852126208922,0.7257785929800549,0.0,0.0,0.0,1.0,0.12590068041586092,0.00028964125297523124,0.0,0.0,0.0,0.0
1080,1786799262,279752905,1786799262.279753,-1.725569046922411,-0.4636145020281459,0.7265982345414672,0.0,0.0,0.0,1.0,0.12461153320638982,0.0014517419038479911,0.0,0.0,0.0,0.0
1081,1786799262,313096145,1786799262.313096,-1.7210060292933722,-0.4639943190025777,0.7265982345414672,0.0,0.0,0.0,1.0,0.14140245866563922,0.0018817520923066016,0.0,0.0,0.0,0.0
1082,1786799262,563183708,1786799262.563184,-1.6883107508990918,-0.4656203000874213,0.7251624689618396,0.0,0.0,0.0,1.0,0.12818373216883608,-0.002073707215691026,0.0,0.0,0.0,0.0
1083,1786799262,613145957,1786799262.613146,-1.6686996651033663,-0.4653470315037824,0.7242142146697157,0.0,0.0,0.0,1.0,0.12179230562452942,0.004048412094880999,0.0,0.0,0.0,0.0
1084,1786799262,646494622,1786799262.646495,-1.6724573827958888,-0.4400413735383579,0.7215838005078621,0.0,0.0,0.0,1.0,0.12731829812728207,0.006441092817292021,0.0,0.0,0.0,0.0
1085,1786799262,663126253,1786799262.663126,-1.6731382390713065,-0.4425977090836324,0.7235029556495147,0.0,0.0,0.0,1.0,0.1172948558900339,0.00107138686596942,0.0,0.0,0.0,0.0
1086,1786799262,879820288,1786799262.879820,-1.678273921045978,-0.44555679520157154,0.7274608971712223,0.0,0.0,0.0,1.0,0.11432467048746027,0.0003792373186551066,0.0,0.0,0.0,0.0
1087,1786799262,979794038,1786799262.979794,-1.6655782953624119,-0.446010404041393,0.7256628880606282,0.0,0.0,0.0,1.0,0.11916547458457986,0.0005237845356730162,0.0,0.0,0.0,0.0
1088,1786799263,379841943,1786799263.379842,-1.6148067930917591,-0.4466888144046306,0.7282017434559329,0.0,0.0,0.0,1.0,0.12362777303087828,-0.0035529103008501654,0.0,0.0,0.0,0.0
1089,1786799263,546506657,1786799263.546507,-1.5937956377481566,-0.4469395715932549,0.7269400766310544,0.0,0.0,0.0,1.0,0.12322358154613829,-0.0004922723232626894,0.0,0.0,0.0,0.0
1090,1786799263,563275238,1786799263.563275,-1.5921609620665151,-0.4469105175422634,0.7269400766310544,0.0,0.0,0.0,1.0,0.12370649678113788,5.7034963384685255e-05,0.0,0.0,0.0,0.0
1091,1786799263,729983953,1786799263.729984,-1.5706231214012067,-0.4478764738238332,0.7286569909490604,0.0,0.0,0.0,1.0,0.12412840435976023,-0.00035531804682124987,0.0,0.0,0.0,0.0
1092,1786799263,879977463,1786799263.879977,-1.5523634067494836,-0.4481502325240718,0.7284043369471552,0.0,0.0,0.0,1.0,0.12172566337415175,-0.0008498883068637094,0.0,0.0,0.0,0.0
1093,1786799264,79786240,1786799264.079786,-1.5282474077436632,-0.44921740623300255,0.7273590182723524,0.0,0.0,0.0,1.0,0.11567935020865851,-0.0014225953230345807,0.0,0.0,0.0,0.0
1094,1786799264,213153888,1786799264.213154,-1.512517845499799,-0.44939528041366006,0.727453474237238,0.0,0.0,0.0,1.0,0.11902326936912719,-0.0012718637696234117,0.0,0.0,0.0,0.0
1095,1786799264,429916842,1786799264.429917,-1.486186724086295,-0.45143874211506096,0.7262113297439082,0.0,0.0,0.0,1.0,0.12294175950304466,-0.0033477661506497412,0.0,0.0,0.0,0.0
1096,1786799264,496562285,1786799264.496562,-1.4784890215294926,-0.4518189687421159,0.7277220022127642,0.0,0.0,0.0,1.0,0.11896900752198246,-0.005267714176891621,0.0,0.0,0.0,0.0
1097,1786799264,579862650,1786799264.579863,-1.4682445616365989,-0.4526246648713592,0.7243986975150608,0.0,0.0,0.0,1.0,0.12719891667374614,-0.006635753800382695,0.0,0.0,0.0,0.0
1098,1786799264,613144923,1786799264.613145,-1.4634294073827956,-0.4530533245035351,0.7243986975150608,0.0,0.0,0.0,1.0,0.1379892323654392,-0.006596592018697843,0.0,0.0,0.0,0.0
1099,1786799264,863278825,1786799264.863279,-1.4337806199095375,-0.4536123932559155,0.7221067903921369,0.0,0.0,0.0,1.0,0.13068817910345049,-0.005162502746304865,0.0,0.0,0.0,0.0
1100,1786799264,946497080,1786799264.946497,-1.4252864651799086,-0.45462853281815674,0.7237528374127726,0.0,0.0,0.0,1.0,0.12437186591724222,-0.0028883844146667193,0.0,0.0,0.0,0.0
1101,1786799265,13173730,1786799265.013174,-1.4157763540577832,-0.45656672609937865,0.7260938925601633,0.0,0.0,0.0,1.0,0.12804739845589969,-0.004102346393265639,0.0,0.0,0.0,0.0
1102,1786799265,96553626,1786799265.096554,-1.4065106964982732,-0.4540136269659474,0.7244758134608448,0.0,0.0,0.0,1.0,0.1291491031452308,-0.0031123854599723532,0.0,0.0,0.0,0.0
1103,1786799265,246570610,1786799265.246571,-1.3865138133669017,-0.45644651432000494,0.7253256050414207,0.0,0.0,0.0,1.0,0.11886930325568937,-0.002166706022487205,0.0,0.0,0.0,0.0
1104,1786799265,279788070,1786799265.279788,-1.3811499164057022,-0.4576390586559087,0.7244857449780567,0.0,0.0,0.0,1.0,0.12982822354808665,-0.0024487031921439453,0.0,0.0,0.0,0.0
1105,1786799265,313159336,1786799265.313159,-1.376163171014884,-0.45875122018369296,0.7244857449780567,0.0,0.0,0.0,1.0,0.12399537395146588,-0.002857845996805068,0.0,0.0,0.0,0.0
1106,1786799265,329862766,1786799265.329863,-1.3733285526700278,-0.45962232539567394,0.7251641521619973,0.0,0.0,0.0,1.0,0.12659142709490018,-0.004496171146622596,0.0,0.0,0.0,0.0
1107,1786799265,363220416,1786799265.363220,-1.3678772252325864,-0.4571003146544541,0.7251641521619973,0.0,0.0,0.0,1.0,0.11221160585291547,-0.0033976908284327305,0.0,0.0,0.0,0.0
1108,1786799265,779778175,1786799265.779778,-1.323339115208773,-0.46699912568349267,0.7263856004769125,0.0,0.0,0.0,1.0,0.12640599253513932,-0.008166022665016334,0.0,0.0,0.0,0.0
1109,1786799266,96541265,1786799266.096541,-1.2797698684413525,-0.4747800076135009,0.726282351209627,0.0,0.0,0.0,1.0,0.1274953781671042,-0.008595667418835565,0.0,0.0,0.0,0.0
1110,1786799266,129915412,1786799266.129915,-1.2745095004909217,-0.4754995851827166,0.7246849677930683,0.0,0.0,0.0,1.0,0.12899326460353144,-0.005374626997033685,0.0,0.0,0.0,0.0
1111,1786799266,163212650,1786799266.163213,-1.268647227884383,-0.47627332482250195,0.7246849677930683,0.0,0.0,0.0,1.0,0.12895429881395176,-0.005827164530962656,0.0,0.0,0.0,0.0
1112,1786799266,196546972,1786799266.196547,-1.2638529887036025,-0.4764838284750885,0.725601786266601,0.0,0.0,0.0,1.0,0.1369332816482049,-0.004632259435998057,0.0,0.0,0.0,0.0
1113,1786799266,513278243,1786799266.513278,-1.2197474600508524,-0.4924789772754572,0.7270474957082637,0.0,0.0,0.0,1.0,0.12126757576474181,-0.00825779587711005,0.0,0.0,0.0,0.0
1114,1786799266,596644558,1786799266.596645,-1.200272650082118,-0.4895182538568936,0.7241280476960417,0.0,0.0,0.0,1.0,0.11625285311387575,-0.00635469807568584,0.0,0.0,0.0,0.0
1115,1786799267,96621686,1786799267.096622,-1.1321611910490788,-0.48886431848379885,0.7245498109082218,0.0,0.0,0.0,1.0,0.12456643756820175,-0.0033699734058723306,0.0,0.0,0.0,0.0
1116,1786799267,163264446,1786799267.163265,-1.119401536076225,-0.49057020257238193,0.727611960263704,0.0,0.0,0.0,1.0,0.13035266904110704,-0.004250108932252907,0.0,0.0,0.0,0.0
1117,1786799267,196704965,1786799267.196705,-1.113602684020739,-0.49208289854180887,0.728033723479062,0.0,0.0,0.0,1.0,0.11948500166824344,-0.007319023334432437,0.0,0.0,0.0,0.0
1118,1786799267,279958737,1786799267.279959,-1.1025728925580918,-0.4933273458813119,0.7266833436412338,0.0,0.0,0.0,1.0,0.12972457421104103,-0.007643038664968628,0.0,0.0,0.0,0.0
1119,1786799267,346527442,1786799267.346527,-1.0944646191458318,-0.49360903038261705,0.7271553620604767,0.0,0.0,0.0,1.0,0.11856127175756423,-0.004531664428531333,0.0,0.0,0.0,0.0
1120,1786799267,513264733,1786799267.513265,-1.073458473058329,-0.4946824476955729,0.7293524344450732,0.0,0.0,0.0,1.0,0.13077330342132468,-0.005738947240598786,0.0,0.0,0.0,0.0
1121,1786799267,530130609,1786799267.530131,-1.071172478829217,-0.4947692630249698,0.7287717241162002,0.0,0.0,0.0,1.0,0.12374356398309469,-0.003931773548618001,0.0,0.0,0.0,0.0
1122,1786799267,630111236,1786799267.630111,-1.0600135947895009,-0.4835078881134416,0.7275591212874734,0.0,0.0,0.0,1.0,0.1220967153520258,-0.006021900176718915,0.0,0.0,0.0,0.0
1123,1786799267,929904809,1786799267.929905,-1.0256482643963931,-0.4880716157553775,0.7263726992066724,0.0,0.0,0.0,1.0,0.11773743736100094,-0.007993066540561616,0.0,0.0,0.0,0.0
1124,1786799267,996668673,1786799267.996669,-1.0171136456908751,-0.48832694600117743,0.7271336102248271,0.0,0.0,0.0,1.0,0.1194245762527297,-0.0046693908837033594,0.0,0.0,0.0,0.0
1125,1786799268,129944021,1786799268.129944,-1.001763106592847,-0.4884385966243179,0.7274048678625092,0.0,0.0,0.0,1.0,0.12743388468883055,-0.005759486518626388,0.0,0.0,0.0,0.0
1126,1786799268,579918834,1786799268.579919,-0.9451136810547229,-0.49319186132987825,0.7262886285573612,0.0,0.0,0.0,1.0,0.13257212816049316,-0.007326306557710646,0.0,0.0,0.0,0.0
1127,1786799268,596745322,1786799268.596745,-0.9427232105959256,-0.4931161244719986,0.7262886285573612,0.0,0.0,0.0,1.0,0.13260879424527194,-0.005819384180736182,0.0,0.0,0.0,0.0
1128,1786799268,996715781,1786799268.996716,-0.888186089108018,-0.4977181323465465,0.7265961644208737,0.0,0.0,0.0,1.0,0.1297308139792725,-0.005145253706975519,0.0,0.0,0.0,0.0
1129,1786799269,63271376,1786799269.063271,-0.8810922335025637,-0.4982017389473161,0.7258656374689237,0.0,0.0,0.0,1.0,0.12067769578710938,-0.005826885952002909,0.0,0.0,0.0,0.0
1130,1786799269,129949575,1786799269.129950,-0.8732105567758275,-0.4984101101848528,0.7251378189469079,0.0,0.0,0.0,1.0,0.13246203055712621,-0.007048309007472934,0.0,0.0,0.0,0.0
1131,1786799269,630044369,1786799269.630044,-0.8101347529848884,-0.5020766400115189,0.7269122797399109,0.0,0.0,0.0,1.0,0.1291855806497711,-0.005260792113869154,0.0,0.0,0.0,0.0
1132,1786799269,813299332,1786799269.813299,-0.8004775475566817,-0.49108181305963017,0.7255818258888145,0.0,0.0,0.0,1.0,0.11244626741080795,-0.007853888229530061,0.0,0.0,0.0,0.0
1133,1786799269,929966856,1786799269.929967,-0.7833505227569031,-0.48967590649268566,0.7261018502328002,0.0,0.0,0.0,1.0,0.09858022920268192,-0.006895889274131678,0.0,0.0,0.0,0.0
1134,1786799270,79952909,1786799270.079953,-0.7682813057989186,-0.49146538820473396,0.7262281662284825,0.0,0.0,0.0,1.0,0.09134982473659325,-0.005605264340663704,0.0,0.0,0.0,0.0
1135,1786799270,329961786,1786799270.329962,-0.7367395510450123,-0.49655621623824486,0.7241913891025727,0.0,0.0,0.0,1.0,0.12167498737210711,-0.005331030933016024,0.0,0.0,0.0,0.0
1136,1786799270,446655161,1786799270.446655,-0.7169001166434654,-0.4999590145598307,0.7228313629245139,0.0,0.0,0.0,1.0,0.12807438003220076,-0.005165088855761179,0.0,0.0,0.0,0.0
1137,1786799270,530015587,1786799270.530015,-0.7031447350940407,-0.5010854868425676,0.7248685096486346,0.0,0.0,0.0,1.0,0.12427602670184447,-0.005773167198888037,0.0,0.0,0.0,0.0
1138,1786799270,596714152,1786799270.596714,-0.692555715590748,-0.5019080850132351,0.7244774621477191,0.0,0.0,0.0,1.0,0.1352624840697627,-0.005897975044672093,0.0,0.0,0.0,0.0
1139,1786799270,629994657,1786799270.629995,-0.6868040103293005,-0.5020740995935467,0.7234258951662045,0.0,0.0,0.0,1.0,0.13142596559616723,-0.005427007803699972,0.0,0.0,0.0,0.0
1140,1786799270,963750251,1786799270.963750,-0.6373824066075411,-0.5094190701289227,0.7279006552997526,0.0,0.0,0.0,1.0,0.13186942051931383,-0.006953726743556522,0.0,0.0,0.0,0.0
1141,1786799271,46622971,1786799271.046623,-0.6260052815792445,-0.510113487837826,0.7267996382467156,0.0,0.0,0.0,1.0,0.1360376938675057,-0.006634016892900563,0.0,0.0,0.0,0.0
1142,1786799271,96778865,1786799271.096779,-0.6186669347523868,-0.5126285759017268,0.7252300868571339,0.0,0.0,0.0,1.0,0.1325261654851615,-0.005623320607587856,0.0,0.0,0.0,0.0
1143,1786799271,129934152,1786799271.129934,-0.6149296712696675,-0.5126657705527593,0.7260863311246948,0.0,0.0,0.0,1.0,0.12199256905737595,-0.0047043347853913805,0.0,0.0,0.0,0.0
1144,1786799271,163304623,1786799271.163305,-0.6109735694587091,-0.5137251697200496,0.7260863311246948,0.0,0.0,0.0,1.0,0.13326611306167924,-0.005513930907715235,0.0,0.0,0.0,0.0
1145,1786799271,363449977,1786799271.363450,-0.5846133970457537,-0.514946319138917,0.7252366453820493,0.0,0.0,0.0,1.0,0.11946803391168531,-0.006738307235978689,0.0,0.0,0.0,0.0
1146,1786799271,396664060,1786799271.396664,-0.580347930156714,-0.5151601333638363,0.7263244820655973,0.0,0.0,0.0,1.0,0.13736210896771758,-0.006136996162318378,0.0,0.0,0.0,0.0
1147,1786799271,431386870,1786799271.431387,-0.5750602582025905,-0.5231581868043504,0.7250772110669376,0.0,0.0,0.0,1.0,0.11782641921995037,-0.00566488234704513,0.0,0.0,0.0,0.0
1148,1786799271,496693046,1786799271.496693,-0.5611583247432979,-0.523915625388301,0.7247687355384823,0.0,0.0,0.0,1.0,0.12532309333986033,-0.005448720810675317,0.0,0.0,0.0,0.0
1149,1786799271,529993064,1786799271.529993,-0.5578754634049901,-0.5235590787103561,0.7274494546953907,0.0,0.0,0.0,1.0,0.12445609856511536,-0.005308549284080179,0.0,0.0,0.0,0.0
1150,1786799271,596684911,1786799271.596685,-0.5473050178431169,-0.5229519284894144,0.728427313937937,0.0,0.0,0.0,1.0,0.1260466556124426,-0.005321023658553098,0.0,0.0,0.0,0.0
1151,1786799271,629962582,1786799271.629963,-0.5435043661955419,-0.5229369791381051,0.7271134709935401,0.0,0.0,0.0,1.0,0.1254437745179592,-0.005401814600946084,0.0,0.0,0.0,0.0
1152,1786799271,696716383,1786799271.696716,-0.531622461825771,-0.5237157233657896,0.7242422774395677,0.0,0.0,0.0,1.0,0.12636461871725474,-0.007817321558973127,0.0,0.0,0.0,0.0
1153,1786799271,830022845,1786799271.830023,-0.5149563045201315,-0.5246442248007306,0.7293994055120142,0.0,0.0,0.0,1.0,0.12777088352652965,-0.004969072216442966,0.0,0.0,0.0,0.0
1154,1786799272,96699467,1786799272.096699,-0.48314074406745533,-0.5236029617001503,0.729455260762853,0.0,0.0,0.0,1.0,0.12773031882848337,-0.0034422319440957066,0.0,0.0,0.0,0.0
1155,1786799272,130043848,1786799272.130044,-0.4787684817555906,-0.5238482838126772,0.7299422308109668,0.0,0.0,0.0,1.0,0.12912906694198753,-0.005348274517621184,0.0,0.0,0.0,0.0
1156,1786799272,196739696,1786799272.196740,-0.4709938654195174,-0.5231504585641062,0.730947936394486,0.0,0.0,0.0,1.0,0.12954799235930592,-0.005151472874969897,0.0,0.0,0.0,0.0
1157,1786799272,480032742,1786799272.480033,-0.433785777268616,-0.524479662196889,0.7273065710294798,0.0,0.0,0.0,1.0,0.1302378070804798,-0.006789108343424586,0.0,0.0,0.0,0.0
1158,1786799272,513334949,1786799272.513335,-0.42916689446008505,-0.5249554231149787,0.7273065710294798,0.0,0.0,0.0,1.0,0.13368812769048852,-0.00994045748621698,0.0,0.0,0.0,0.0
1159,1786799272,530009165,1786799272.530009,-0.4271472480061682,-0.5250975763738,0.7285967367650003,0.0,0.0,0.0,1.0,0.12844347143817866,-0.008699997962509155,0.0,0.0,0.0,0.0
1160,1786799272,596947356,1786799272.596947,-0.4186715224700812,-0.5242396198667765,0.7285131286859844,0.0,0.0,0.0,1.0,0.11580538270745472,-0.007473895522939519,0.0,0.0,0.0,0.0
1161,1786799272,963442120,1786799272.963442,-0.38426992341015165,-0.5230427614379334,0.7262687612681561,0.0,0.0,0.0,1.0,0.12447586496595883,-0.004727833020630987,0.0,0.0,0.0,0.0
1162,1786799272,996706864,1786799272.996707,-0.3791823252064024,-0.5227843270582528,0.7264247212322275,0.0,0.0,0.0,1.0,0.13749389087099445,-0.003955174042516694,0.0,0.0,0.0,0.0
1163,1786799273,30036188,1786799273.030036,-0.374150351615711,-0.5235701068158427,0.7250046438060552,0.0,0.0,0.0,1.0,0.12982400322760163,-0.005426627226858343,0.0,0.0,0.0,0.0
1164,1786799273,263415587,1786799273.263416,-0.3466023423981657,-0.5270320258390069,0.7240146104032129,0.0,0.0,0.0,1.0,0.13013936670047502,-0.005249945546410048,0.0,0.0,0.0,0.0
1165,1786799274,430083690,1786799274.430084,-0.16448201060751622,-0.5408878506488888,0.7296549506303829,0.0,0.0,0.0,1.0,0.16190922351088874,-0.010880837925169097,0.0,0.0,0.0,0.0
1166,1786799274,530128844,1786799274.530129,-0.1753497617316171,-0.5358515724215518,0.7276295618007232,0.0,0.0,0.0,1.0,0.12222199551814057,-0.005425395403614133,0.0,0.0,0.0,0.0
1167,1786799274,963393785,1786799274.963394,-0.11898286466868768,-0.5363475681993783,0.7288898423304472,0.0,0.0,0.0,1.0,0.13185943246354556,-0.005120144146902975,0.0,0.0,0.0,0.0
1168,1786799275,230021724,1786799275.230022,-0.08758983572757728,-0.5379461401093399,0.726867440714863,0.0,0.0,0.0,1.0,0.12442168914062848,-0.008217978053690088,0.0,0.0,0.0,0.0
1169,1786799275,263389591,1786799275.263390,-0.0828623766284835,-0.5383798988881585,0.726867440714863,0.0,0.0,0.0,1.0,0.12729169317011568,-0.0065098041845255954,0.0,0.0,0.0,0.0
1170,1786799275,396724035,1786799275.396724,-0.06438997704400862,-0.5401070351672654,0.7266352466276106,0.0,0.0,0.0,1.0,0.12924961057796502,-0.006395902940778044,0.0,0.0,0.0,0.0
1171,1786799275,696764338,1786799275.696764,-0.027074161170277833,-0.5419129976102224,0.7280498637181683,0.0,0.0,0.0,1.0,0.13016633609604372,-0.006181238806245131,0.0,0.0,0.0,0.0
1172,1786799276,63414201,1786799276.063414,0.020871749980242882,-0.5433715373523134,0.7294192420794817,0.0,0.0,0.0,1.0,0.1341879147091296,-0.005211285383832013,0.0,0.0,0.0,0.0
1173,1786799276,296787733,1786799276.296788,0.04981927966776212,-0.5460706900318761,0.7273251420225382,0.0,0.0,0.0,1.0,0.11974158196439241,-0.008362439420754621,0.0,0.0,0.0,0.0
1174,1786799276,330070658,1786799276.330071,0.05436586380886865,-0.5464072380136766,0.7270069099863697,0.0,0.0,0.0,1.0,0.13183457573613636,-0.007010111333401507,0.0,0.0,0.0,0.0
1175,1786799276,396772771,1786799276.396773,0.06223734290459504,-0.5479508027496431,0.7264059913256427,0.0,0.0,0.0,1.0,0.1188954494972028,-0.006161203819853224,0.0,0.0,0.0,0.0
1176,1786799276,730070664,1786799276.730071,0.11201507306085468,-0.5544445088883372,0.7273858217559314,0.0,0.0,0.0,1.0,0.12840661076876309,-0.005092756136182609,0.0,0.0,0.0,0.0
1177,1786799276,930094900,1786799276.930095,0.13860786465772357,-0.5548026483925819,0.7275623948860626,0.0,0.0,0.0,1.0,0.13298673516250112,-0.0054316021195673905,0.0,0.0,0.0,0.0
1178,1786799277,163440307,1786799277.163440,0.1698529464430969,-0.5559145626532547,0.7255261213365918,0.0,0.0,0.0,1.0,0.13275585315515565,-0.007275901766389828,0.0,0.0,0.0,0.0
1179,1786799277,196811696,1786799277.196812,0.17334049059857115,-0.5562774187753241,0.7286381894704079,0.0,0.0,0.0,1.0,0.12725312364844651,-0.005028017622941714,0.0,0.0,0.0,0.0
1180,1786799277,396835139,1786799277.396835,0.2029607909976523,-0.5527907304442106,0.7270376505468084,0.0,0.0,0.0,1.0,0.12149066522746696,-0.006064108818780686,0.0,0.0,0.0,0.0
1181,1786799277,463518642,1786799277.463519,0.20945722004052492,-0.5523098508013684,0.7257524221894948,0.0,0.0,0.0,1.0,0.13278286430515113,-0.004069989711772545,0.0,0.0,0.0,0.0
1182,1786799277,663518803,1786799277.663519,0.2333678842811473,-0.5534836113995225,0.7285342751493583,0.0,0.0,0.0,1.0,0.13003997507819548,-0.008976279394116249,0.0,0.0,0.0,0.0
1183,1786799277,830140144,1786799277.830140,0.2522651846084596,-0.5595997143773035,0.72776789340656,0.0,0.0,0.0,1.0,0.13145949854787503,-0.022349570470284495,0.0,0.0,0.0,0.0
1184,1786799278,30156672,1786799278.030157,0.2755373891979538,-0.5734820206183235,0.7260644576631673,0.0,0.0,0.0,1.0,0.13048908955878574,-0.04536185693694078,0.0,0.0,0.0,0.0
1185,1786799278,130171951,1786799278.130172,0.28269002641950003,-0.5800802012636634,0.7251079721631742,0.0,0.0,0.0,1.0,0.12892195325432304,-0.06008615365923342,0.0,0.0,0.0,0.0
1186,1786799278,163465215,1786799278.163465,0.28778975474368274,-0.582850126128664,0.7251079721631742,0.0,0.0,0.0,1.0,0.12565375954326588,-0.06709795174426253,0.0,0.0,0.0,0.0
1187,1786799278,230200910,1786799278.230201,0.2979032538090678,-0.5876101651457204,0.7281912347030712,0.0,0.0,0.0,1.0,0.12443703931646831,-0.07054517123432633,0.0,0.0,0.0,0.0
1188,1786799278,330126768,1786799278.330127,0.31017544950797493,-0.5949502096600281,0.7265643740561344,0.0,0.0,0.0,1.0,0.12246058045822796,-0.07556677216933719,0.0,0.0,0.0,0.0
1189,1786799278,563509617,1786799278.563510,0.33929225081537595,-0.6136566182950829,0.7268191349673865,0.0,0.0,0.0,1.0,0.11412988824441514,-0.07949276025890153,0.0,0.0,0.0,0.0
1190,1786799278,930186068,1786799278.930186,0.3813288306726381,-0.6461116294096259,0.7279576320857478,0.0,0.0,0.0,1.0,0.10966271835768024,-0.0870900411892581,0.0,0.0,0.0,0.0
1191,1786799278,996867064,1786799278.996867,0.3899460719668095,-0.6528106356256651,0.7259382606019251,0.0,0.0,0.0,1.0,0.10770874588528512,-0.09074288310319703,0.0,0.0,0.0,0.0
1192,1786799279,96804042,1786799279.096804,0.40194165899860046,-0.6624906784602489,0.728454043484474,0.0,0.0,0.0,1.0,0.11233641585251272,-0.09882822650594428,0.0,0.0,0.0,0.0
1193,1786799279,296842748,1786799279.296843,0.42884276757302153,-0.6843903765907309,0.7280172078291132,0.0,0.0,0.0,1.0,0.11523769372437313,-0.10294643662219943,0.0,0.0,0.0,0.0
1194,1786799279,330131716,1786799279.330132,0.4325810136783481,-0.6878123213551195,0.7268541752415905,0.0,0.0,0.0,1.0,0.11471292170507022,-0.10179192694606966,0.0,0.0,0.0,0.0
1195,1786799279,463566367,1786799279.463566,0.4483766673786942,-0.7013885399851967,0.727641209376395,0.0,0.0,0.0,1.0,0.11312686074204434,-0.10265038891415694,0.0,0.0,0.0,0.0
1196,1786799279,496795698,1786799279.496796,0.452594764788687,-0.7049403834656955,0.7267626034592827,0.0,0.0,0.0,1.0,0.1133689041264549,-0.1038065460243504,0.0,0.0,0.0,0.0
1197,1786799279,730225457,1786799279.730226,0.4786883068394836,-0.7285806138559496,0.7260527227370493,0.0,0.0,0.0,1.0,0.11149521284838722,-0.10138928858371833,0.0,0.0,0.0,0.0
1198,1786799279,930162418,1786799279.930162,0.5002712918019743,-0.7501957342666075,0.7246678538139505,0.0,0.0,0.0,1.0,0.11199933112710647,-0.10744559800296813,0.0,0.0,0.0,0.0
1199,1786799279,963476293,1786799279.963476,0.5035870135788478,-0.7542339212644087,0.7246678538139505,0.0,0.0,0.0,1.0,0.11216747850890339,-0.11207324945703999,0.0,0.0,0.0,0.0
1200,1786799280,30197772,1786799280.030198,0.5108991160415126,-0.7627114222424356,0.7234108709350451,0.0,0.0,0.0,1.0,0.115285359983129,-0.1141022964369857,0.0,0.0,0.0,0.0
1201,1786799280,230144286,1786799280.230144,0.5329542333494537,-0.7861111645812873,0.7241158230532035,0.0,0.0,0.0,1.0,0.1158964356923199,-0.11874633257706696,0.0,0.0,0.0,0.0
1202,1786799280,330177741,1786799280.330178,0.5428997462651424,-0.7981931934989441,0.725525432659155,0.0,0.0,0.0,1.0,0.11700997471385632,-0.12008835149535513,0.0,0.0,0.0,0.0
1203,1786799280,730179527,1786799280.730180,0.5886116129539243,-0.8475218750456273,0.7265536974881857,0.0,0.0,0.0,1.0,0.11800838717542861,-0.12289736401933239,0.0,0.0,0.0,0.0
1204,1786799280,896886061,1786799280.896886,0.6080654564063703,-0.8675845293917213,0.7256990692743619,0.0,0.0,0.0,1.0,0.11683521644732471,-0.11986427067243836,0.0,0.0,0.0,0.0
1205,1786799281,263538351,1786799281.263538,0.6536127003451053,-0.9144695079699463,0.7276880688655208,0.0,0.0,0.0,1.0,0.11833112398202761,-0.12411387734443548,0.0,0.0,0.0,0.0
1206,1786799281,330247558,1786799281.330248,0.6622559742391694,-0.9237933649287688,0.7282990446276789,0.0,0.0,0.0,1.0,0.11968908146698422,-0.12854504333664968,0.0,0.0,0.0,0.0
1207,1786799281,363623967,1786799281.363624,0.6660817033340063,-0.9277991424613297,0.7282990446276789,0.0,0.0,0.0,1.0,0.12326207042513265,-0.13062971947581478,0.0,0.0,0.0,0.0
1208,1786799281,496844061,1786799281.496844,0.6830718414786059,-0.9457371505515533,0.7278444081603102,0.0,0.0,0.0,1.0,0.12479007911059795,-0.13248222816927027,0.0,0.0,0.0,0.0
1209,1786799281,663580494,1786799281.663580,0.704161620781937,-0.9682032622356727,0.7292953656094207,0.0,0.0,0.0,1.0,0.12758398655764505,-0.13710335421174802,0.0,0.0,0.0,0.0
1210,1786799282,163552689,1786799282.163553,0.76883122939714,-1.0370480933598987,0.726665527324168,0.0,0.0,0.0,1.0,0.1319776663912985,-0.14144390830544876,0.0,0.0,0.0,0.0
1211,1786799282,896852046,1786799282.896852,0.8659012683471126,-1.1482832580599718,0.7277805046382851,0.0,0.0,0.0,1.0,0.12880090987578788,-0.1507789386247541,0.0,0.0,0.0,0.0
1212,1786799283,63615852,1786799283.063616,0.8939354113794895,-1.1771842366967256,0.7283362339722436,0.0,0.0,0.0,1.0,0.1429990720744199,-0.15861740671181995,0.0,0.0,0.0,0.0
1213,1786799283,730202030,1786799283.730202,0.989393342207336,-1.284707601023233,0.7243816574283969,0.0,0.0,0.0,1.0,0.14248199236641962,-0.16090745981813315,0.0,0.0,0.0,0.0
1214,1786799283,896869674,1786799283.896870,1.007998078793042,-1.3044204187541042,0.7252671912722772,0.0,0.0,0.0,1.0,0.12719263061724354,-0.1389955979005249,0.0,0.0,0.0,0.0
1215,1786799283,930269724,1786799283.930270,1.0128979630585118,-1.3090417708399764,0.7238148236753892,0.0,0.0,0.0,1.0,0.1321265625219317,-0.13944093793702236,0.0,0.0,0.0,0.0
1216,1786799283,996906640,1786799283.996907,1.0207226213529683,-1.3166956589817782,0.7231632759557624,0.0,0.0,0.0,1.0,0.11572393545730014,-0.11826834175259893,0.0,0.0,0.0,0.0
1217,1786799284,130242239,1786799284.130242,1.036895640315798,-1.3308580568428696,0.7262649621185243,0.0,0.0,0.0,1.0,0.11520791591861902,-0.11016308697495722,0.0,0.0,0.0,0.0
1218,1786799284,196938352,1786799284.196938,1.0447802739187502,-1.3376091087511877,0.7259203440991492,0.0,0.0,0.0,1.0,0.11369543096556886,-0.10602518268914753,0.0,0.0,0.0,0.0
1219,1786799284,230239193,1786799284.230239,1.048128158099864,-1.3403788792957523,0.723961362513904,0.0,0.0,0.0,1.0,0.10156166037078074,-0.09280306358138754,0.0,0.0,0.0,0.0
1220,1786799284,430238260,1786799284.430238,1.0685805915114415,-1.3574621731141634,0.7263150253360346,0.0,0.0,0.0,1.0,0.10450184889318102,-0.08387566025497743,0.0,0.0,0.0,0.0
1221,1786799284,563701788,1786799284.563702,1.0821169040416905,-1.3668976281297527,0.7267149103483678,0.0,0.0,0.0,1.0,0.0958660829141876,-0.06772104605306045,0.0,0.0,0.0,0.0
1222,1786799285,30232160,1786799285.030232,1.1195378548165316,-1.3922035784967726,0.7260697711729249,0.0,0.0,0.0,1.0,0.09228099131644038,-0.05142650113712052,0.0,0.0,0.0,0.0
1223,1786799285,130256757,1786799285.130257,1.1295775508394232,-1.3963335015380975,0.7252557152596574,0.0,0.0,0.0,1.0,0.09499678107792693,-0.03973117636184125,0.0,0.0,0.0,0.0
1224,1786799285,396937066,1786799285.396937,1.1581539687374356,-1.4105146825503043,0.7273212837198688,0.0,0.0,0.0,1.0,0.10013356321213451,-0.0315534395987252,0.0,0.0,0.0,0.0
1225,1786799285,663688390,1786799285.663688,1.1889096453848786,-1.4197596216235244,0.7267768890267992,0.0,0.0,0.0,1.0,0.1042579959684991,-0.01942564166361864,0.0,0.0,0.0,0.0
1226,1786799285,730334719,1786799285.730335,1.1955507041542042,-1.4193889600660274,0.7262790593351653,0.0,0.0,0.0,1.0,0.10587376567311836,-0.013239729720467192,0.0,0.0,0.0,0.0
1227,1786799285,863683570,1786799285.863683,1.2091583810847712,-1.420453718924958,0.7259792720967028,0.0,0.0,0.0,1.0,0.10554563748921883,-0.008196590498174415,0.0,0.0,0.0,0.0
1228,1786799285,963596815,1786799285.963597,1.2205985472877448,-1.419687139187298,0.7274021412627599,0.0,0.0,0.0,1.0,0.11181676442080737,-0.006096202297769114,0.0,0.0,0.0,0.0
1229,1786799286,297143414,1786799286.297143,1.2631197933414366,-1.4160027816998897,0.7279242899045348,0.0,0.0,0.0,1.0,0.11631254772938365,0.007330647723768259,0.0,0.0,0.0,0.0
1230,1786799286,330814331,1786799286.330814,1.2667890088010072,-1.4152767876889238,0.7276553216889804,0.0,0.0,0.0,1.0,0.118045979955703,0.011086745460238374,0.0,0.0,0.0,0.0
1231,1786799286,430221724,1786799286.430222,1.2805576040447857,-1.4127365815014512,0.7246544705459556,0.0,0.0,0.0,1.0,0.1191280535414982,0.0150582463739783,0.0,0.0,0.0,0.0
1232,1786799286,996918484,1786799286.996918,1.351130770148366,-1.3988499731096105,0.727457892360948,0.0,0.0,0.0,1.0,0.12296865526339308,0.026944849126036646,0.0,0.0,0.0,0.0
1233,1786799287,430420669,1786799287.430421,1.4033935113252447,-1.3833266542761047,0.7268246297036023,0.0,0.0,0.0,1.0,0.11185086129756705,0.033161269180428166,0.0,0.0,0.0,0.0
1234,1786799287,466496359,1786799287.466496,1.4068697888887218,-1.3823374074987207,0.7268246297036023,0.0,0.0,0.0,1.0,0.10644459771106499,0.030597269263009774,0.0,0.0,0.0,0.0
1235,1786799287,563648839,1786799287.563649,1.4175608872811178,-1.3785682029127408,0.7247808549278254,0.0,0.0,0.0,1.0,0.1135363953229104,0.03983213191740731,0.0,0.0,0.0,0.0
1236,1786799287,663737869,1786799287.663738,1.4273875280878716,-1.3793217316058524,0.7258750561874544,0.0,0.0,0.0,1.0,0.11077038585677998,0.038721255395888506,0.0,0.0,0.0,0.0
1237,1786799288,196972219,1786799288.196972,1.4928402032483685,-1.3585472341971827,0.7252653530288982,0.0,0.0,0.0,1.0,0.1092738990423034,0.039081483278611516,0.0,0.0,0.0,0.0
1238,1786799288,230304217,1786799288.230304,1.4940948654749722,-1.3573100696563007,0.7250352995360225,0.0,0.0,0.0,1.0,0.09558756650844379,0.034248909397165204,0.0,0.0,0.0,0.0
1239,1786799288,263705340,1786799288.263705,1.4968396313893066,-1.3558613191127846,0.7250352995360225,0.0,0.0,0.0,1.0,0.1009917387365673,0.03827559681917933,0.0,0.0,0.0,0.0
1240,1786799288,396974994,1786799288.396975,1.5109584506453988,-1.3515378388417054,0.7279439195662721,0.0,0.0,0.0,1.0,0.10231565923443953,0.04074074717001942,0.0,0.0,0.0,0.0
1241,1786799288,463683870,1786799288.463684,1.5184065225554004,-1.3498218898671355,0.7274276286732417,0.0,0.0,0.0,1.0,0.10937582277245757,0.04082350316917344,0.0,0.0,0.0,0.0
1242,1786799288,697040676,1786799288.697041,1.5407041686955552,-1.338267970713502,0.728101632916918,0.0,0.0,0.0,1.0,0.10311524076559304,0.04141526912353594,0.0,0.0,0.0,0.0
1243,1786799289,97018543,1786799289.097018,1.5796261424726232,-1.3192090696663978,0.7275896032216764,0.0,0.0,0.0,1.0,0.1040917582898967,0.0381945077041472,0.0,0.0,0.0,0.0
1244,1786799289,163716483,1786799289.163717,1.5859377920462254,-1.3162078083000557,0.7268189353559296,0.0,0.0,0.0,1.0,0.10265832398816305,0.036484105543902315,0.0,0.0,0.0,0.0
1245,1786799289,197004810,1786799289.197005,1.5888869813509476,-1.3143827723425137,0.7257668306219358,0.0,0.0,0.0,1.0,0.10214945489458348,0.0353735389798388,0.0,0.0,0.0,0.0
1246,1786799289,330368228,1786799289.330368,1.6016421723076792,-1.3094314458132463,0.7241882658612498,0.0,0.0,0.0,1.0,0.09928876562958354,0.03342464189892151,0.0,0.0,0.0,0.0
1247,1786799289,596971750,1786799289.596972,1.6273232179585886,-1.2994494328092612,0.7275344586200252,0.0,0.0,0.0,1.0,0.10231358192313632,0.033975823948311085,0.0,0.0,0.0,0.0
1248,1786799289,963857523,1786799289.963857,1.6643993175815037,-1.2866898716748332,0.7276385173267155,0.0,0.0,0.0,1.0,0.10273935013488464,0.03275537695179371,0.0,0.0,0.0,0.0
1249,1786799290,280405013,1786799290.280405,1.6959109946156499,-1.2761499458350667,0.7271130931792193,0.0,0.0,0.0,1.0,0.10392719084991463,0.03029540847803679,0.0,0.0,0.0,0.0
1250,1786799290,330378026,1786799290.330378,1.7010422787707355,-1.274363503343401,0.7249993318412465,0.0,0.0,0.0,1.0,0.1090568141582369,0.029247381941870144,0.0,0.0,0.0,0.0
1251,1786799290,646987580,1786799290.646988,1.732909724510936,-1.2653441513889216,0.7272044202461961,0.0,0.0,0.0,1.0,0.1012428059965264,0.024109371033800994,0.0,0.0,0.0,0.0
1252,1786799290,663850234,1786799290.663850,1.7346087488315582,-1.2648905823777947,0.7272044202461961,0.0,0.0,0.0,1.0,0.10086627156244451,0.02488581783308835,0.0,0.0,0.0,0.0
1253,1786799290,747119210,1786799290.747119,1.7424617318523694,-1.2623299430074997,0.7296773019958703,0.0,0.0,0.0,1.0,0.10040468477934004,0.02464070998320821,0.0,0.0,0.0,0.0
1254,1786799290,813642076,1786799290.813642,1.748710853970401,-1.260976781126565,0.7257558275289356,0.0,0.0,0.0,1.0,0.10097234614652618,0.023253512487197526,0.0,0.0,0.0,0.0
1255,1786799290,847024185,1786799290.847024,1.7518140243910487,-1.2599903158181978,0.7253704629785632,0.0,0.0,0.0,1.0,0.1038756829198116,0.02429220536438969,0.0,0.0,0.0,0.0
1256,1786799291,80378014,1786799291.080378,1.776214582890896,-1.2536901010521913,0.7246574840377145,0.0,0.0,0.0,1.0,0.10803319952005173,0.024314676666629148,0.0,0.0,0.0,0.0
1257,1786799291,163710995,1786799291.163711,1.7839700607214208,-1.2511485994383695,0.7265864462663376,0.0,0.0,0.0,1.0,0.104575429271858,0.023174440344960495,0.0,0.0,0.0,0.0
1258,1786799291,230421299,1786799291.230421,1.7909975805932277,-1.2494841066632767,0.7254239129189258,0.0,0.0,0.0,1.0,0.11201205292630113,0.02183060373465279,0.0,0.0,0.0,0.0
1259,1786799291,313735843,1786799291.313736,1.799334986209379,-1.2476383781999685,0.7253196132306848,0.0,0.0,0.0,1.0,0.10420857804050958,0.02251305486632378,0.0,0.0,0.0,0.0
1260,1786799291,447024288,1786799291.447024,1.8132682134827753,-1.2447430515192217,0.7279117202904747,0.0,0.0,0.0,1.0,0.11051798918445471,0.019867720363838322,0.0,0.0,0.0,0.0
1261,1786799291,480398718,1786799291.480399,1.8170470169199398,-1.2438055101013803,0.7259829106159468,0.0,0.0,0.0,1.0,0.11645618517629551,0.019965324676722067,0.0,0.0,0.0,0.0
1262,1786799291,914301746,1786799291.914302,1.85973126109573,-1.2295988072528823,0.7266072419794812,0.0,0.0,0.0,1.0,0.10475051875525279,0.017294414797712807,0.0,0.0,0.0,0.0
1263,1786799291,931273761,1786799291.931274,1.8615934495185336,-1.2269052588639355,0.7246492006387965,0.0,0.0,0.0,1.0,0.11685286015209323,0.01887654848324965,0.0,0.0,0.0,0.0
1264,1786799292,47172303,1786799292.047172,1.871716274936091,-1.2200966641904845,0.7250957059665392,0.0,0.0,0.0,1.0,0.11045210524411403,0.01562286444911097,0.0,0.0,0.0,0.0
1265,1786799292,97111183,1786799292.097111,1.8760445043863747,-1.2173833512143015,0.7263776277946566,0.0,0.0,0.0,1.0,0.1086567057904941,0.014496704340470675,0.0,0.0,0.0,0.0
1266,1786799292,230382112,1786799292.230382,1.8923601088133957,-1.2154747929450043,0.7253127318367895,0.0,0.0,0.0,1.0,0.11263659331016034,0.01367782676416226,0.0,0.0,0.0,0.0
1267,1786799292,313709508,1786799292.313709,1.901403860827882,-1.214172419984645,0.7268131940309013,0.0,0.0,0.0,1.0,0.11373863888560691,0.012419274474922313,0.0,0.0,0.0,0.0
1268,1786799292,347075230,1786799292.347075,1.9060670873050505,-1.213228084940477,0.7258992625998975,0.0,0.0,0.0,1.0,0.11522078289346997,0.013685209033718466,0.0,0.0,0.0,0.0
1269,1786799292,447068390,1786799292.447068,1.9171766130205388,-1.2117443112323363,0.7266426488884838,0.0,0.0,0.0,1.0,0.11412245579810404,0.01097433001421511,0.0,0.0,0.0,0.0
1270,1786799292,497068630,1786799292.497069,1.922596898932884,-1.2108339830869612,0.728021735901517,0.0,0.0,0.0,1.0,0.11341387715838988,0.011575656604043425,0.0,0.0,0.0,0.0
1271,1786799292,597130877,1786799292.597131,1.931785019151425,-1.2107425292752105,0.7295897902982846,0.0,0.0,0.0,1.0,0.1126733970502024,0.008847594498721188,0.0,0.0,0.0,0.0
1272,1786799292,630453954,1786799292.630454,1.9356582736783743,-1.2098711189034455,0.7280580014554263,0.0,0.0,0.0,1.0,0.11514971932605983,0.008796131904005477,0.0,0.0,0.0,0.0
1273,1786799292,847098105,1786799292.847098,1.9623409075014848,-1.2075542776158121,0.7302275986295066,0.0,0.0,0.0,1.0,0.11413187649764953,0.00817215038217833,0.0,0.0,0.0,0.0
1274,1786799292,880475729,1786799292.880476,1.9662599395408602,-1.206892978397898,0.727049709348457,0.0,0.0,0.0,1.0,0.11866879073696009,0.008442009004090069,0.0,0.0,0.0,0.0
1275,1786799292,963772768,1786799292.963773,1.9772298908898236,-1.2045422488798896,0.7280533840790118,0.0,0.0,0.0,1.0,0.10948929656710277,0.0056975810831670255,0.0,0.0,0.0,0.0
1276,1786799293,380412610,1786799293.380413,2.031863776923018,-1.2052921077202159,0.726118221115865,0.0,0.0,0.0,1.0,0.11451620853543197,0.005400276976127237,0.0,0.0,0.0,0.0
1277,1786799293,530575574,1786799293.530576,2.0495322827952513,-1.2041668235410432,0.7258183928257024,0.0,0.0,0.0,1.0,0.12133092836927645,0.003178249970059495,0.0,0.0,0.0,0.0
1278,1786799293,880486925,1786799293.880487,2.0915165965154667,-1.20197624095112,0.7266522034804883,0.0,0.0,0.0,1.0,0.12343956310253439,0.001970047104604612,0.0,0.0,0.0,0.0
1279,1786799293,913838839,1786799293.913839,2.0954509742867486,-1.2020680224379443,0.7266522034804883,0.0,0.0,0.0,1.0,0.12213711869838001,0.002024800969603675,0.0,0.0,0.0,0.0
1280,1786799293,947117698,1786799293.947118,2.0996435911366653,-1.201860114521991,0.7246194436235633,0.0,0.0,0.0,1.0,0.1281232488940715,9.974161456498352e-05,0.0,0.0,0.0,0.0
1281,1786799294,30429356,1786799294.030429,2.1093363801069103,-1.2012044960566908,0.7262099998929332,0.0,0.0,0.0,1.0,0.11700038241278228,-0.0020426554138860673,0.0,0.0,0.0,0.0
1282,1786799294,180413973,1786799294.180414,2.1256904857657,-1.1977109913542212,0.7254858569140171,0.0,0.0,0.0,1.0,0.11907684207393829,-0.0009233191355396235,0.0,0.0,0.0,0.0
1283,1786799294,197202913,1786799294.197203,2.127586359057295,-1.1977142361105377,0.7254858569140171,0.0,0.0,0.0,1.0,0.12221589290696122,0.0004946993938086202,0.0,0.0,0.0,0.0
1284,1786799294,297175708,1786799294.297176,2.139579536420964,-1.197480076850422,0.7264030792728225,0.0,0.0,0.0,1.0,0.12170648559893232,-0.0014449298391433765,0.0,0.0,0.0,0.0
1285,1786799294,330557578,1786799294.330558,2.1419225383379636,-1.1918691009194569,0.7257871894569606,0.0,0.0,0.0,1.0,0.12266994234957493,-0.003872532718054272,0.0,0.0,0.0,0.0
1286,1786799294,363744957,1786799294.363745,2.1475767998737254,-1.1931179637095655,0.7257871894569606,0.0,0.0,0.0,1.0,0.11026184323731532,-0.0014605335206477393,0.0,0.0,0.0,0.0
1287,1786799294,397119222,1786799294.397119,2.1514758959773665,-1.1944358319913388,0.7279922964285463,0.0,0.0,0.0,1.0,0.11868646539664311,-0.0008700192967013394,0.0,0.0,0.0,0.0
1288,1786799294,430523318,1786799294.430523,2.156877897630187,-1.1943415311305694,0.7259231411734348,0.0,0.0,0.0,1.0,0.14123033757483422,-0.0031384816637844482,0.0,0.0,0.0,0.0
1289,1786799294,513786733,1786799294.513787,2.1706268576718966,-1.1932719123452011,0.7272327919812505,0.0,0.0,0.0,1.0,0.11787580505498582,-0.0017887320680000105,0.0,0.0,0.0,0.0
1290,1786799294,563793077,1786799294.563793,2.1785790012613475,-1.1919527633722664,0.7243701600252458,0.0,0.0,0.0,1.0,0.13819303324966337,-0.003934393801390007,0.0,0.0,0.0,0.0
1291,1786799294,747089955,1786799294.747090,2.2023663359653085,-1.19170949960676,0.7263574652227833,0.0,0.0,0.0,1.0,0.12636910953132707,-0.002035502444049532,0.0,0.0,0.0,0.0
1292,1786799295,13756634,1786799295.013757,2.23511696439188,-1.1958732496852118,0.7261787202204367,0.0,0.0,0.0,1.0,0.12982211313133424,-0.005754042328070131,0.0,0.0,0.0,0.0
1293,1786799295,198286565,1786799295.198287,2.2584901375601945,-1.1965069042671286,0.7260769836102704,0.0,0.0,0.0,1.0,0.12366576192018877,-0.005946164370660017,0.0,0.0,0.0,0.0
1294,1786799295,297078133,1786799295.297078,2.273055467773567,-1.1943523546752415,0.727939107040955,0.0,0.0,0.0,1.0,0.12134756528535029,-0.007050109529668951,0.0,0.0,0.0,0.0
1295,1786799295,413866421,1786799295.413867,2.285564597274295,-1.195679590579864,0.7276283174663178,0.0,0.0,0.0,1.0,0.12289632343475064,-0.005540438688379673,0.0,0.0,0.0,0.0
1296,1786799295,530487488,1786799295.530488,2.3000802903860382,-1.196374407735175,0.7293725527958589,0.0,0.0,0.0,1.0,0.12439271259071868,-0.006082777379715082,0.0,0.0,0.0,0.0
1297,1786799295,563836434,1786799295.563836,2.3041412957335634,-1.1965385412307241,0.7293725527958589,0.0,0.0,0.0,1.0,0.12504780977784025,-0.006954484931743506,0.0,0.0,0.0,0.0
1298,1786799295,597156940,1786799295.597157,2.308302876378214,-1.196633729269254,0.7278576405412003,0.0,0.0,0.0,1.0,0.11636162713873713,-0.006031430093231423,0.0,0.0,0.0,0.0
1299,1786799295,663788426,1786799295.663788,2.316059602205014,-1.1970514366591969,0.7272691355863335,0.0,0.0,0.0,1.0,0.13027188871437942,-0.009185432261695586,0.0,0.0,0.0,0.0
1300,1786799295,813701742,1786799295.813702,2.3355718010749875,-1.1988647677118174,0.7247858756530227,0.0,0.0,0.0,1.0,0.12918707904487403,-0.013824235991146377,0.0,0.0,0.0,0.0
1301,1786799295,963853828,1786799295.963854,2.3552119111925425,-1.2021088737538368,0.7247858137025127,0.0,0.0,0.0,1.0,0.1323244233219589,-0.02926059884520499,0.0,0.0,0.0,0.0
1302,1786799295,997155939,1786799295.997156,2.359596933418567,-1.2032977134444578,0.7273772069714389,0.0,0.0,0.0,1.0,0.12979677054780958,-0.040443197110195755,0.0,0.0,0.0,0.0
1303,1786799296,314272726,1786799296.314273,2.4000304315251455,-1.218434860744836,0.7270150625961141,0.0,0.0,0.0,1.0,0.12641565861128118,-0.05552259768303864,0.0,0.0,0.0,0.0
1304,1786799296,980566908,1786799296.980567,2.483271586714636,-1.254119913568926,0.7266267064079514,0.0,0.0,0.0,1.0,0.12639936190272957,-0.055575374235661716,0.0,0.0,0.0,0.0
1305,1786799297,30568282,1786799297.030568,2.493741732879746,-1.275412981245664,0.7258068830037948,0.0,0.0,0.0,1.0,0.14045968702309614,-0.11095630822842881,0.0,0.0,0.0,0.0
1306,1786799297,197259080,1786799297.197259,2.5145803425430007,-1.292460833042274,0.7293420097227005,0.0,0.0,0.0,1.0,0.1139473730902557,-0.09865520766131312,0.0,0.0,0.0,0.0
1307,1786799297,297238288,1786799297.297238,2.526049477582619,-1.3026336264153437,0.7289918882319832,0.0,0.0,0.0,1.0,0.11100065822058368,-0.09960371635891731,0.0,0.0,0.0,0.0
1308,1786799297,330535280,1786799297.330535,2.5300077171101076,-1.306160233338225,0.7261924669620121,0.0,0.0,0.0,1.0,0.11271804185614218,-0.09773339453736074,0.0,0.0,0.0,0.0
1309,1786799297,463878962,1786799297.463879,2.5279433150157082,-1.2926692171705447,0.7259520831722824,0.0,0.0,0.0,1.0,0.11175591283252431,-0.10172751452438725,0.0,0.0,0.0,0.0
1310,1786799297,513790801,1786799297.513791,2.5391898732159603,-1.2965943686178458,0.7269944808406463,0.0,0.0,0.0,1.0,0.1030175700492061,-0.09606417116769657,0.0,0.0,0.0,0.0
1311,1786799297,597290062,1786799297.597290,2.5495362934810544,-1.3048459046185035,0.7260368120960313,0.0,0.0,0.0,1.0,0.10257020145401351,-0.10784815965115693,0.0,0.0,0.0,0.0
1312,1786799297,663893362,1786799297.663893,2.562402218817537,-1.3082411481044613,0.7307904240889683,0.0,0.0,0.0,1.0,0.09820648491590382,-0.09638331445020835,0.0,0.0,0.0,0.0
1313,1786799297,897257201,1786799297.897257,2.593058998276831,-1.328462557286598,0.7247046178512784,0.0,0.0,0.0,1.0,0.11507916841214418,-0.10399872821833069,0.0,0.0,0.0,0.0
1314,1786799298,63897536,1786799298.063898,2.6146341241216966,-1.3472454696604643,0.7242627714288212,0.0,0.0,0.0,1.0,0.11434544166624029,-0.11312284190145513,0.0,0.0,0.0,0.0
1315,1786799298,348762877,1786799298.348763,2.6513454258544193,-1.3766944669321564,0.725991061113783,0.0,0.0,0.0,1.0,0.10867728344456724,-0.09906666663240538,0.0,0.0,0.0,0.0
1316,1786799298,380628590,1786799298.380629,2.658496067812294,-1.377823450346766,0.7263330909905248,0.0,0.0,0.0,1.0,0.12293273138069993,-0.10865454546502279,0.0,0.0,0.0,0.0
1317,1786799298,463836519,1786799298.463836,2.6683683146216293,-1.3846489931297339,0.7262604071456648,0.0,0.0,0.0,1.0,0.09527492081381238,-0.07394675671848516,0.0,0.0,0.0,0.0
1318,1786799298,530472334,1786799298.530472,2.6778254665320578,-1.387800870360346,0.7263455337311969,0.0,0.0,0.0,1.0,0.10406444408850443,-0.07754940409810125,0.0,0.0,0.0,0.0
1319,1786799298,580445409,1786799298.580446,2.683027365131448,-1.3905724957015395,0.7259428965883967,0.0,0.0,0.0,1.0,0.09394164652065184,-0.06368687109814247,0.0,0.0,0.0,0.0
1320,1786799298,613794759,1786799298.613795,2.6862379787148356,-1.3926760743740452,0.7259428965883967,0.0,0.0,0.0,1.0,0.10570046573839913,-0.07101778578619586,0.0,0.0,0.0,0.0
1321,1786799298,663844907,1786799298.663845,2.6916120487830177,-1.3963184028049633,0.7273016649317617,0.0,0.0,0.0,1.0,0.09638101555131763,-0.05928919190265826,0.0,0.0,0.0,0.0
1322,1786799298,797149206,1786799298.797149,2.705114864103752,-1.4004392822780098,0.7248113681283115,0.0,0.0,0.0,1.0,0.09260268663918984,-0.046960274188729056,0.0,0.0,0.0,0.0
1323,1786799298,997329311,1786799298.997329,2.7185425602106985,-1.4090234303569562,0.7268681657233097,0.0,0.0,0.0,1.0,0.09525401456383682,-0.03715166531646913,0.0,0.0,0.0,0.0
1324,1786799299,80510974,1786799299.080511,2.726528141798065,-1.4098440018396325,0.7271334641096435,0.0,0.0,0.0,1.0,0.09683197388842293,-0.03081263036517931,0.0,0.0,0.0,0.0
1325,1786799299,97223888,1786799299.097224,2.728577383384579,-1.410326302342828,0.7271334641096435,0.0,0.0,0.0,1.0,0.09765665878978205,-0.030715811917707003,0.0,0.0,0.0,0.0
1326,1786799299,130512336,1786799299.130512,2.7318373600258035,-1.4111598551369933,0.725584486187804,0.0,0.0,0.0,1.0,0.09849810545988266,-0.028091312223944353,0.0,0.0,0.0,0.0
1327,1786799299,163873831,1786799299.163874,2.734815818764041,-1.4119360757522332,0.725584486187804,0.0,0.0,0.0,1.0,0.09148597649363491,-0.02473569280209898,0.0,0.0,0.0,0.0
1328,1786799299,347177337,1786799299.347177,2.757910992786595,-1.4094013090511663,0.7259785880755826,0.0,0.0,0.0,1.0,0.10188732267469497,-0.01992861478955799,0.0,0.0,0.0,0.0
1329,1786799299,397174923,1786799299.397175,2.763725821179273,-1.4108117192834178,0.726585931518286,0.0,0.0,0.0,1.0,0.11327888407863226,-0.015554287889652137,0.0,0.0,0.0,0.0
1330,1786799299,430561404,1786799299.430561,2.767469258733364,-1.4113202626046457,0.726306248636425,0.0,0.0,0.0,1.0,0.10597608087372384,-0.014091487637407304,0.0,0.0,0.0,0.0
1331,1786799299,530646476,1786799299.530647,2.778188793721535,-1.4126339884884342,0.7271691030529781,0.0,0.0,0.0,1.0,0.1094022765392901,-0.01184621498793037,0.0,0.0,0.0,0.0
1332,1786799299,613823988,1786799299.613824,2.7870617507567648,-1.4130825977529495,0.7277525879901022,0.0,0.0,0.0,1.0,0.10786097776122716,-0.006063422015330785,0.0,0.0,0.0,0.0
1333,1786799299,647201147,1786799299.647201,2.7912167889538377,-1.4132855955867811,0.7251473106549431,0.0,0.0,0.0,1.0,0.11924024818891295,-0.00470919147156303,0.0,0.0,0.0,0.0
1334,1786799299,663978825,1786799299.663979,2.7930202052745337,-1.4131828875116128,0.7251473106549431,0.0,0.0,0.0,1.0,0.11264220353828973,-0.00322271938860122,0.0,0.0,0.0,0.0
1335,1786799300,247200132,1786799300.247200,2.8613317199121955,-1.4114525768787765,0.724321295766932,0.0,0.0,0.0,1.0,0.11913460277721581,0.004896414823715002,0.0,0.0,0.0,0.0
1336,1786799300,397244535,1786799300.397244,2.8788149757936665,-1.4095150050538523,0.7246121740848815,0.0,0.0,0.0,1.0,0.1170807059252937,0.014161263411386096,0.0,0.0,0.0,0.0
1337,1786799300,547255951,1786799300.547256,2.896249094745361,-1.4069236717465077,0.7270621557363556,0.0,0.0,0.0,1.0,0.11500434947480336,0.020136978177537544,0.0,0.0,0.0,0.0
1338,1786799301,130601539,1786799301.130602,2.964092305761639,-1.394086493654644,0.7268566250378115,0.0,0.0,0.0,1.0,0.11609243697254479,0.025060109438285925,0.0,0.0,0.0,0.0
1339,1786799302,297372151,1786799302.297372,3.092795503977065,-1.3648458005688875,0.7266467887595315,0.0,0.0,0.0,1.0,0.1051802865644892,0.02441554895314966,0.0,0.0,0.0,0.0
1340,1786799302,530659987,1786799302.530660,3.1163001708078575,-1.3589954433242937,0.7269295172738662,0.0,0.0,0.0,1.0,0.10318183318459816,0.021962497518329276,0.0,0.0,0.0,0.0
1341,1786799302,563957376,1786799302.563957,3.1199882636136653,-1.3583799917397383,0.7269295172738662,0.0,0.0,0.0,1.0,0.10590651997616662,0.020908282925841258,0.0,0.0,0.0,0.0
1342,1786799302,597222947,1786799302.597223,3.1235157226983645,-1.3576849151414727,0.7255260205107787,0.0,0.0,0.0,1.0,0.10645361378229837,0.020387397531493972,0.0,0.0,0.0,0.0
1343,1786799302,764043646,1786799302.764044,3.141602252872964,-1.3544364747181439,0.7273248602089576,0.0,0.0,0.0,1.0,0.10911486050243736,0.01957885974608136,0.0,0.0,0.0,0.0
1344,1786799302,947419500,1786799302.947419,3.1617263917183642,-1.3509374023290937,0.7263291018319896,0.0,0.0,0.0,1.0,0.11009420637951323,0.01770253661524348,0.0,0.0,0.0,0.0
1345,1786799302,964046178,1786799302.964046,3.1635373839872347,-1.3506278641704277,0.7263291018319896,0.0,0.0,0.0,1.0,0.10978541676312174,0.017974630864261182,0.0,0.0,0.0,0.0
1346,1786799303,263957634,1786799303.263958,3.1966936822164396,-1.344759033969833,0.7268090210797039,0.0,0.0,0.0,1.0,0.11031849899907911,0.021444034075256038,0.0,0.0,0.0,0.0
1347,1786799303,330680056,1786799303.330680,3.2038558330517244,-1.3433542359955273,0.7235152313032313,0.0,0.0,0.0,1.0,0.11011119257032291,0.018229916995830472,0.0,0.0,0.0,0.0
1348,1786799303,363914319,1786799303.363914,3.207455607053072,-1.3426861283377751,0.7235152313032313,0.0,0.0,0.0,1.0,0.11032626070995379,0.018093154810021727,0.0,0.0,0.0,0.0
1349,1786799303,564021481,1786799303.564022,3.2292686712738483,-1.3393696223649298,0.7245782154547655,0.0,0.0,0.0,1.0,0.10807046230486697,0.015181659858820487,0.0,0.0,0.0,0.0
1350,1786799303,630689979,1786799303.630690,3.236628983086362,-1.3384758469179552,0.7244887903475327,0.0,0.0,0.0,1.0,0.11035238901296726,0.014114264586221543,0.0,0.0,0.0,0.0
1351,1786799303,730603162,1786799303.730603,3.2473422717022355,-1.3370341348071653,0.7272576727453183,0.0,0.0,0.0,1.0,0.10594832133822053,0.014196844602371061,0.0,0.0,0.0,0.0
1352,1786799303,997295785,1786799303.997296,3.2761158110944013,-1.3335286178298844,0.7240751511367275,0.0,0.0,0.0,1.0,0.10978402464104337,0.012120071291973067,0.0,0.0,0.0,0.0
1353,1786799304,30680892,1786799304.030681,3.279866098103355,-1.333095613708962,0.7250362484972896,0.0,0.0,0.0,1.0,0.11153042554609725,0.012015895013049638,0.0,0.0,0.0,0.0
1354,1786799304,63946735,1786799304.063947,3.2836586027637313,-1.3327165586123675,0.7250362484972896,0.0,0.0,0.0,1.0,0.11270779223809288,0.012177718978810845,0.0,0.0,0.0,0.0
1355,1786799304,97227287,1786799304.097227,3.2874483610916307,-1.3323330622654028,0.7256554161523817,0.0,0.0,0.0,1.0,0.11368236034010773,0.01159725204778423,0.0,0.0,0.0,0.0
1356,1786799304,130647962,1786799304.130648,3.2914359394479984,-1.3319135577853993,0.7257922884685934,0.0,0.0,0.0,1.0,0.11289534686764792,0.011906809361130217,0.0,0.0,0.0,0.0
1357,1786799304,163931528,1786799304.163932,3.2950264379277225,-1.3315555472946672,0.7257922884685934,0.0,0.0,0.0,1.0,0.11419169453790737,0.011459454771848418,0.0,0.0,0.0,0.0
1358,1786799304,230610903,1786799304.230611,3.302514637403368,-1.3308480187864986,0.7263700329616669,0.0,0.0,0.0,1.0,0.11198993079480814,0.00964095566386056,0.0,0.0,0.0,0.0
1359,1786799304,263961443,1786799304.263962,3.3062232584455273,-1.3304338129064024,0.7263700329616669,0.0,0.0,0.0,1.0,0.11367892438345377,0.010134463855109065,0.0,0.0,0.0,0.0
1360,1786799304,464007531,1786799304.464008,3.329044156977668,-1.3285245215811403,0.7243821592189663,0.0,0.0,0.0,1.0,0.11482778738483071,0.00867780033585486,0.0,0.0,0.0,0.0
1361,1786799304,832000852,1786799304.832001,3.3710668759766254,-1.3257737665052076,0.7270342433023279,0.0,0.0,0.0,1.0,0.11347981073551809,0.006640647120916328,0.0,0.0,0.0,0.0
1362,1786799304,997378139,1786799304.997378,3.38966841417742,-1.3249427067400639,0.7255396898299353,0.0,0.0,0.0,1.0,0.11263979342231108,0.0040967322462632915,0.0,0.0,0.0,0.0
1363,1786799305,63986061,1786799305.063986,3.3971801496578884,-1.3246094204454506,0.7269870743556319,0.0,0.0,0.0,1.0,0.11317663332024003,0.005535286328920368,0.0,0.0,0.0,0.0
1364,1786799305,97297662,1786799305.097298,3.40094673368586,-1.3243581420137887,0.7258112931869019,0.0,0.0,0.0,1.0,0.11424485844610346,0.006291480017740897,0.0,0.0,0.0,0.0
1365,1786799305,130660428,1786799305.130661,3.404793264413904,-1.324215082793852,0.7261111676604172,0.0,0.0,0.0,1.0,0.11480088870340913,0.0045667337956315345,0.0,0.0,0.0,0.0
1366,1786799305,163997468,1786799305.163997,3.4086205863598753,-1.3240754245562014,0.7261111676604172,0.0,0.0,0.0,1.0,0.11560514329380826,0.00346683211812617,0.0,0.0,0.0,0.0
1367,1786799305,214056627,1786799305.214057,3.414215233749564,-1.323933735876821,0.7279820733782549,0.0,0.0,0.0,1.0,0.10981268087181695,0.0032676081721138275,0.0,0.0,0.0,0.0
1368,1786799305,247319586,1786799305.247320,3.4183913343012353,-1.3238170375983411,0.7262707536511587,0.0,0.0,0.0,1.0,0.1247451939284888,0.004335883635802906,0.0,0.0,0.0,0.0
1369,1786799305,263988779,1786799305.263989,3.42040382143305,-1.3237416460021536,0.7262707536511587,0.0,0.0,0.0,1.0,0.12006366507501816,0.002175853646790638,0.0,0.0,0.0,0.0
1370,1786799305,297346905,1786799305.297347,3.424879503246826,-1.3236143748896658,0.7269449037973371,0.0,0.0,0.0,1.0,0.1165671080079533,0.0027914669838643206,0.0,0.0,0.0,0.0
1371,1786799305,497401583,1786799305.497401,3.4478901186796804,-1.323112973680054,0.7289797125681281,0.0,0.0,0.0,1.0,0.11978583649387904,0.001726709979214983,0.0,0.0,0.0,0.0
1372,1786799305,563964188,1786799305.563964,3.4557562665036876,-1.3227688952887293,0.7290949667404483,0.0,0.0,0.0,1.0,0.12009867757510359,-0.00023197308886785265,0.0,0.0,0.0,0.0
1373,1786799305,630657513,1786799305.630657,3.463807029412898,-1.3229202976398249,0.7280380149035242,0.0,0.0,0.0,1.0,0.12082695800231572,-0.00019670159445253797,0.0,0.0,0.0,0.0
1374,1786799305,664007281,1786799305.664007,3.4678507236178007,-1.322689030497214,0.7280380149035242,0.0,0.0,0.0,1.0,0.12219666185658551,0.0011175410536632935,0.0,0.0,0.0,0.0
1375,1786799305,697383484,1786799305.697383,3.472265890506316,-1.3225079897402892,0.7294936511986846,0.0,0.0,0.0,1.0,0.1286512438408621,-0.0001257140772453892,0.0,0.0,0.0,0.0
1376,1786799305,864093177,1786799305.864093,3.492747586226935,-1.3226915806249457,0.7276040172260039,0.0,0.0,0.0,1.0,0.11981302712263435,0.0014574946676918592,0.0,0.0,0.0,0.0
1377,1786799305,930698273,1786799305.930698,3.5009326705673693,-1.3179875395244214,0.7277278654992887,0.0,0.0,0.0,1.0,0.11851387906379275,-0.00029903261743123577,0.0,0.0,0.0,0.0
1378,1786799305,964007187,1786799305.964007,3.504802540693955,-1.3176978929901912,0.7277278654992887,0.0,0.0,0.0,1.0,0.11993852973935595,0.00033774197427262456,0.0,0.0,0.0,0.0
1379,1786799305,997353370,1786799305.997353,3.5087747664708306,-1.3175696130140095,0.7253528415245649,0.0,0.0,0.0,1.0,0.11896385820415502,-0.0036752259110408017,0.0,0.0,0.0,0.0
1380,1786799306,130793569,1786799306.130794,3.5248653291615923,-1.317566904228713,0.7254061873345189,0.0,0.0,0.0,1.0,0.12158094061926267,-0.0005588561797180056,0.0,0.0,0.0,0.0
1381,1786799306,297346446,1786799306.297346,3.5456340656960315,-1.314460556472477,0.7272367098072837,0.0,0.0,0.0,1.0,0.1241241690048308,-0.0025902449722928983,0.0,0.0,0.0,0.0
1382,1786799306,965819757,1786799306.965820,3.6309628309707573,-1.3191655434813012,0.7258612666426348,0.0,0.0,0.0,1.0,0.1322023930723653,-0.007284940445119943,0.0,0.0,0.0,0.0
1383,1786799307,97402836,1786799307.097403,3.6475744873308624,-1.3203895167426258,0.7251308972878577,0.0,0.0,0.0,1.0,0.1264741616921538,-0.008344839442485505,0.0,0.0,0.0,0.0
1384,1786799307,163970472,1786799307.163970,3.6555684170978946,-1.321832144919529,0.7248652030115136,0.0,0.0,0.0,1.0,0.1225322637853953,-0.007440241333852827,0.0,0.0,0.0,0.0
1385,1786799307,230788600,1786799307.230789,3.6637644497550887,-1.322382326248872,0.7255409576869729,0.0,0.0,0.0,1.0,0.12264576906781036,-0.007023630720720237,0.0,0.0,0.0,0.0
1386,1786799307,364019730,1786799307.364020,3.6797544661879336,-1.3236295346072375,0.72715102588813,0.0,0.0,0.0,1.0,0.12371935265586108,-0.00648026148180427,0.0,0.0,0.0,0.0
1387,1786799307,730717115,1786799307.730717,3.7253744583481723,-1.3265001437673216,0.7252433388225873,0.0,0.0,0.0,1.0,0.1257064067380112,-0.005864362512460917,0.0,0.0,0.0,0.0
1388,1786799307,930857873,1786799307.930858,3.7506769637007356,-1.3282268785604296,0.7242920291871463,0.0,0.0,0.0,1.0,0.12823888812729947,-0.006841279589479239,0.0,0.0,0.0,0.0
1389,1786799307,964053025,1786799307.964053,3.7550472474919285,-1.3285748924753422,0.7242920291871463,0.0,0.0,0.0,1.0,0.1300856773466167,-0.008964466269089333,0.0,0.0,0.0,0.0
1390,1786799307,997394456,1786799307.997395,3.759063706867284,-1.3294619766482771,0.7272752793809112,0.0,0.0,0.0,1.0,0.128319542066782,-0.0076985814987147695,0.0,0.0,0.0,0.0
1391,1786799308,130785928,1786799308.130786,3.7762486287177843,-1.3309469660042592,0.7290863761230668,0.0,0.0,0.0,1.0,0.12901918847837632,-0.008867902819552922,0.0,0.0,0.0,0.0
1392,1786799308,230813092,1786799308.230813,3.7885987632771396,-1.331985520491994,0.7268508758864485,0.0,0.0,0.0,1.0,0.1252274776047106,-0.007734843265252038,0.0,0.0,0.0,0.0
1393,1786799308,264068688,1786799308.264069,3.7926478925209306,-1.3325598332533568,0.7268508758864485,0.0,0.0,0.0,1.0,0.12212047866566109,-0.00710785147763432,0.0,0.0,0.0,0.0
1394,1786799308,297437816,1786799308.297438,3.7967365189324376,-1.3331985678394305,0.7268081052724208,0.0,0.0,0.0,1.0,0.12207717367971561,-0.007868915280740258,0.0,0.0,0.0,0.0
1395,1786799308,514172746,1786799308.514173,3.8229126689769455,-1.3352814832780153,0.7279143643985927,0.0,0.0,0.0,1.0,0.12007139522618392,-0.006825991430060761,0.0,0.0,0.0,0.0
1396,1786799308,564056778,1786799308.564057,3.829462119970943,-1.335955489571254,0.726588431413266,0.0,0.0,0.0,1.0,0.12921259070966665,-0.007798417089559218,0.0,0.0,0.0,0.0
1397,1786799308,597403019,1786799308.597403,3.833482551394873,-1.3361848499164641,0.728056552732121,0.0,0.0,0.0,1.0,0.1104865891638761,-0.008976689703770236,0.0,0.0,0.0,0.0
1398,1786799308,797436799,1786799308.797437,3.857164123232703,-1.3390795617903917,0.7248837760022528,0.0,0.0,0.0,1.0,0.1278913207410326,-0.009458181593467684,0.0,0.0,0.0,0.0
1399,1786799308,864026369,1786799308.864026,3.866755105640687,-1.3388919476898122,0.7256327036614404,0.0,0.0,0.0,1.0,0.12559161688564946,-0.008588467274130275,0.0,0.0,0.0,0.0
1400,1786799308,897412993,1786799308.897413,3.8709357326391345,-1.339202189313197,0.7271688263915846,0.0,0.0,0.0,1.0,0.12484523450300423,-0.009996237304473214,0.0,0.0,0.0,0.0
1401,1786799308,930740190,1786799308.930740,3.875180289992919,-1.3396943042818998,0.7266253729200456,0.0,0.0,0.0,1.0,0.12926704467344063,-0.007705765483011674,0.0,0.0,0.0,0.0
1402,1786799308,997416672,1786799308.997417,3.8837871552382133,-1.3406438667639955,0.7266705115255605,0.0,0.0,0.0,1.0,0.12860151811898043,-0.007771475509860956,0.0,0.0,0.0,0.0
1403,1786799309,97429320,1786799309.097429,3.8972946649727813,-1.3434338824660725,0.7265524291934408,0.0,0.0,0.0,1.0,0.13049141951168486,-0.008583147951601082,0.0,0.0,0.0,0.0
1404,1786799309,130736181,1786799309.130736,3.9016170668464927,-1.3438661086921955,0.7266459256471919,0.0,0.0,0.0,1.0,0.12974887754281275,-0.0081251637370609,0.0,0.0,0.0,0.0
1405,1786799309,164056150,1786799309.164056,3.905949365880314,-1.344296075657731,0.7266459256471919,0.0,0.0,0.0,1.0,0.1297997733482086,-0.008279919159011166,0.0,0.0,0.0,0.0
1406,1786799309,264079619,1786799309.264080,3.919085576994741,-1.3458301382122877,0.7265551620930503,0.0,0.0,0.0,1.0,0.1304053403259244,-0.007893107796000732,0.0,0.0,0.0,0.0
1407,1786799309,530788467,1786799309.530788,3.9560582022332174,-1.35012776094687,0.7253424453813321,0.0,0.0,0.0,1.0,0.12699858503109743,-0.008496833286573332,0.0,0.0,0.0,0.0
1408,1786799310,930895793,1786799310.930896,4.135716243421328,-1.3590317693038465,0.7254573579312885,0.0,0.0,0.0,1.0,0.12844791079082957,-0.0029025238515427198,0.0,0.0,0.0,0.0
1409,1786799310,964133966,1786799310.964134,4.1383530516274565,-1.360904697199326,0.7254573579312885,0.0,0.0,0.0,1.0,0.12645899337086405,-0.005687571228773983,0.0,0.0,0.0,0.0
1410,1786799310,997588237,1786799310.997588,4.1429432079761135,-1.3608599479166772,0.7256715181698844,0.0,0.0,0.0,1.0,0.12724311863060056,-0.003614460129953756,0.0,0.0,0.0,0.0
1411,1786799311,64113108,1786799311.064113,4.151381197398537,-1.3612678182798241,0.7269615246468648,0.0,0.0,0.0,1.0,0.12869806786677404,-0.005028347647476598,0.0,0.0,0.0,0.0
1412,1786799311,97489093,1786799311.097489,4.156144559095841,-1.361065584131091,0.7268597727994265,0.0,0.0,0.0,1.0,0.13078914090929897,-0.004960009393007402,0.0,0.0,0.0,0.0
1413,1786799311,397516410,1786799311.397516,4.1960749707281515,-1.3632188504840244,0.7248407902627918,0.0,0.0,0.0,1.0,0.13357327319616086,-0.007873115930658077,0.0,0.0,0.0,0.0
1414,1786799311,430871478,1786799311.430871,4.199855932700187,-1.3631972328251423,0.7240524903765257,0.0,0.0,0.0,1.0,0.12284328178598561,-0.006099147134672271,0.0,0.0,0.0,0.0
1415,1786799311,664199661,1786799311.664200,4.228365724675053,-1.368068772256094,0.7266271564787512,0.0,0.0,0.0,1.0,0.13659780774003308,-0.004447057287988006,0.0,0.0,0.0,0.0
1416,1786799311,697434666,1786799311.697435,4.232673693726227,-1.3682064014605815,0.724409803946368,0.0,0.0,0.0,1.0,0.1227834413494748,-0.006168288360686558,0.0,0.0,0.0,0.0
1417,1786799311,930819265,1786799311.930819,4.261256772393162,-1.3681043377470101,0.7233480332468233,0.0,0.0,0.0,1.0,0.12623779538302926,-0.005916270047781449,0.0,0.0,0.0,0.0
1418,1786799311,964120030,1786799311.964120,4.265255866673067,-1.3681309278957339,0.7233480332468233,0.0,0.0,0.0,1.0,0.12374038860063322,-0.006782814917848437,0.0,0.0,0.0,0.0
1419,1786799312,30835099,1786799312.030835,4.2729763238018705,-1.3727061203507027,0.7265905661192236,0.0,0.0,0.0,1.0,0.12486636193287638,-0.004151534718129049,0.0,0.0,0.0,0.0
1420,1786799312,230785838,1786799312.230786,4.301764468632998,-1.3748105763505625,0.7276376736075383,0.0,0.0,0.0,1.0,0.12526523209283255,-0.0038347180443768472,0.0,0.0,0.0,0.0
1421,1786799312,264115374,1786799312.264115,4.3059541553873775,-1.37483397828672,0.7276376736075383,0.0,0.0,0.0,1.0,0.12554801859866557,-0.002739469280263465,0.0,0.0,0.0,0.0
1422,1786799312,397458899,1786799312.397459,4.320624801430858,-1.375190389812357,0.7260603655370927,0.0,0.0,0.0,1.0,0.12560885153614385,-0.003424058168456164,0.0,0.0,0.0,0.0
1423,1786799312,497464388,1786799312.497464,4.33334312959405,-1.3758046032242195,0.729771494416727,0.0,0.0,0.0,1.0,0.12863362935321646,-0.0035549046833322586,0.0,0.0,0.0,0.0
1424,1786799312,530831182,1786799312.530831,4.337047270544341,-1.3761655405561397,0.7250397289266104,0.0,0.0,0.0,1.0,0.13013369388939183,-0.0050243489103500025,0.0,0.0,0.0,0.0
1425,1786799312,630797378,1786799312.630797,4.350164097870021,-1.3764673634193723,0.7275228929472469,0.0,0.0,0.0,1.0,0.12901999699420644,-0.003903394043584447,0.0,0.0,0.0,0.0
1426,1786799312,730850243,1786799312.730850,4.363562995459496,-1.3763995891000178,0.7278558535896944,0.0,0.0,0.0,1.0,0.12771508853177788,-0.003624332270558703,0.0,0.0,0.0,0.0
1427,1786799313,164163427,1786799313.164163,4.41890255886501,-1.3774203722216065,0.7278493596691832,0.0,0.0,0.0,1.0,0.13241793093511697,-0.0032979367520391597,0.0,0.0,0.0,0.0
1428,1786799313,197584748,1786799313.197585,4.423849687686502,-1.3775117403960797,0.7277120207848465,0.0,0.0,0.0,1.0,0.12756859145079802,-0.0028403976212223185,0.0,0.0,0.0,0.0
1429,1786799313,230813137,1786799313.230813,4.425873529013828,-1.3774322004832729,0.7306449391980797,0.0,0.0,0.0,1.0,0.13743446887278957,-0.0032980582329806742,0.0,0.0,0.0,0.0
1430,1786799313,264188599,1786799313.264189,4.430234551773964,-1.3773492200738175,0.7306449391980797,0.0,0.0,0.0,1.0,0.12472270235351292,-0.004904702985853772,0.0,0.0,0.0,0.0
1431,1786799313,297560440,1786799313.297560,4.434194576735784,-1.3774122301841243,0.7271471495943652,0.0,0.0,0.0,1.0,0.11293538985309072,-0.0041233414852368195,0.0,0.0,0.0,0.0
1432,1786799313,330781950,1786799313.330782,4.438239607631662,-1.377491876342821,0.7278387215448903,0.0,0.0,0.0,1.0,0.13083644699110367,-0.004785594341889097,0.0,0.0,0.0,0.0
1433,1786799313,697548100,1786799313.697548,4.484474942292309,-1.3762158532813524,0.7241767644861073,0.0,0.0,0.0,1.0,0.13197894602508795,-0.005617385578371218,0.0,0.0,0.0,0.0
1434,1786799313,730922712,1786799313.730923,4.4880950990998585,-1.3761943972246484,0.7263072099038191,0.0,0.0,0.0,1.0,0.12097719042401804,-0.005461362741917492,0.0,0.0,0.0,0.0
1435,1786799313,764145342,1786799313.764145,4.492282607691511,-1.3761831788545003,0.7263072099038191,0.0,0.0,0.0,1.0,0.1317531548906299,-0.005630569955113652,0.0,0.0,0.0,0.0
1436,1786799314,97533126,1786799314.097533,4.535843760090792,-1.3821530837671232,0.7287638094263023,0.0,0.0,0.0,1.0,0.13375674970816676,-0.004112147455701945,0.0,0.0,0.0,0.0
1437,1786799314,230809375,1786799314.230809,4.55488514878515,-1.3839883418184058,0.7247849904811766,0.0,0.0,0.0,1.0,0.12646640903857653,-0.004248128203105172,0.0,0.0,0.0,0.0
1438,1786799314,330865244,1786799314.330865,4.562452057942295,-1.3847006244555846,0.7246243565047504,0.0,0.0,0.0,1.0,0.12589716601744438,-0.00528105533548022,0.0,0.0,0.0,0.0
1439,1786799314,497629638,1786799314.497630,4.584661037170019,-1.384821262323085,0.7271119320151814,0.0,0.0,0.0,1.0,0.12513846953191265,-0.004649803334354641,0.0,0.0,0.0,0.0
1440,1786799314,530852921,1786799314.530853,4.5858498943811306,-1.38518599117421,0.7294134463741581,0.0,0.0,0.0,1.0,0.12496124807026211,-0.005098826642643479,0.0,0.0,0.0,0.0
1441,1786799314,597620579,1786799314.597620,4.595113700482152,-1.3857327870765581,0.7257600588860168,0.0,0.0,0.0,1.0,0.1280032345831512,-0.004870464024675795,0.0,0.0,0.0,0.0
1442,1786799314,764224290,1786799314.764224,4.616940701601383,-1.3867115906469567,0.7238549018700362,0.0,0.0,0.0,1.0,0.13362296677430874,-0.004021629948999396,0.0,0.0,0.0,0.0
1443,1786799314,797636141,1786799314.797636,4.620601338683123,-1.3869838652870818,0.7263163963020655,0.0,0.0,0.0,1.0,0.1191768670765833,-0.0033197183790707827,0.0,0.0,0.0,0.0
1444,1786799314,830843170,1786799314.830843,4.625249511969237,-1.3873212300639843,0.7265429915973298,0.0,0.0,0.0,1.0,0.13120418234501344,-0.004992170252182958,0.0,0.0,0.0,0.0
1445,1786799314,930806403,1786799314.930806,4.639859627335838,-1.3877799616422015,0.725103987421294,0.0,0.0,0.0,1.0,0.13332283844019208,-0.003926317311456862,0.0,0.0,0.0,0.0
1446,1786799314,964163711,1786799314.964164,4.644517246245279,-1.387957518961084,0.725103987421294,0.0,0.0,0.0,1.0,0.1457535580271414,-0.004045537868451679,0.0,0.0,0.0,0.0
1447,1786799314,997515957,1786799314.997516,4.650235945842557,-1.3874219947565831,0.7249151919967796,0.0,0.0,0.0,1.0,0.12826104010539,-0.004470644847272886,0.0,0.0,0.0,0.0
1448,1786799315,30889157,1786799315.030889,4.654330198593723,-1.3877690796285949,0.7260627495861047,0.0,0.0,0.0,1.0,0.11705790966994299,-0.005100783784808481,0.0,0.0,0.0,0.0
1449,1786799315,64192001,1786799315.064192,4.658464325822003,-1.3879378003937735,0.7260627495861047,0.0,0.0,0.0,1.0,0.13121693101887566,-0.00507521909091546,0.0,0.0,0.0,0.0
1450,1786799315,264310711,1786799315.264311,4.6848213563927885,-1.3850739750776857,0.7245125431824211,0.0,0.0,0.0,1.0,0.1336717864693103,-0.0052387245905443774,0.0,0.0,0.0,0.0
1451,1786799315,530903043,1786799315.530903,4.720983737754402,-1.3844044261619055,0.7265552911053598,0.0,0.0,0.0,1.0,0.12755238865765192,-0.0015800391334930167,0.0,0.0,0.0,0.0
1452,1786799315,730889418,1786799315.730889,4.743999929720431,-1.3850584106952741,0.7280876826773912,0.0,0.0,0.0,1.0,0.12692772987046969,-0.006364421607760738,0.0,0.0,0.0,0.0
1453,1786799316,297550711,1786799316.297551,4.818858769567424,-1.3880309510222812,0.7273796306557714,0.0,0.0,0.0,1.0,0.13629414619177366,-0.00605846312855703,0.0,0.0,0.0,0.0
1454,1786799316,330895039,1786799316.330895,4.822522286780117,-1.3880825343615968,0.7256472472658643,0.0,0.0,0.0,1.0,0.12303290422659477,-0.004296850919172921,0.0,0.0,0.0,0.0
1455,1786799316,364263813,1786799316.364264,4.826721726387756,-1.3880200497157562,0.7256472472658643,0.0,0.0,0.0,1.0,0.1295664904103336,-0.003745349645485,0.0,0.0,0.0,0.0
1456,1786799316,530918260,1786799316.530918,4.847334913675628,-1.3933691852398002,0.72625399093553,0.0,0.0,0.0,1.0,0.1342854134158349,-0.0034124205720925255,0.0,0.0,0.0,0.0
1457,1786799316,830868017,1786799316.830868,4.879106024240315,-1.393116020751156,0.7258382886614068,0.0,0.0,0.0,1.0,0.12670224845671504,-0.007094088894868452,0.0,0.0,0.0,0.0
1458,1786799316,897625063,1786799316.897625,4.894793257742961,-1.3888044248661067,0.7248495987451223,0.0,0.0,0.0,1.0,0.1430422131827753,-0.007401524172250993,0.0,0.0,0.0,0.0
1459,1786799316,997549370,1786799316.997549,4.904612724161716,-1.3900256800553046,0.725122452352015,0.0,0.0,0.0,1.0,0.1552484817109814,-0.007570609963459315,0.0,0.0,0.0,0.0
1460,1786799317,64211975,1786799317.064212,4.916614782559538,-1.3850451199957885,0.7263668446175829,0.0,0.0,0.0,1.0,0.14285183429387552,-0.007084089904797405,0.0,0.0,0.0,0.0
1461,1786799317,130889631,1786799317.130890,4.919735507718489,-1.3872053570533258,0.7245634874595298,0.0,0.0,0.0,1.0,0.12714329323200182,-0.004423396943483372,0.0,0.0,0.0,0.0
1462,1786799317,630848477,1786799317.630848,4.989593480670539,-1.4125570489689878,0.7250201157451303,0.0,0.0,0.0,1.0,0.13098455729442446,-0.0031360293816285016,0.0,0.0,0.0,0.0
1463,1786799317,664223254,1786799317.664223,4.993004962229993,-1.4120056224468376,0.7250201157451303,0.0,0.0,0.0,1.0,0.12967197500575,-0.0025790204567825367,0.0,0.0,0.0,0.0
1464,1786799317,897777100,1786799317.897777,5.023027423614341,-1.4122240963619044,0.727830031217588,0.0,0.0,0.0,1.0,0.12625512230845914,-0.0024900895920389123,0.0,0.0,0.0,0.0
1465,1786799317,930945282,1786799317.930945,5.026928474758819,-1.4120981382637194,0.7266644800835074,0.0,0.0,0.0,1.0,0.1250375606466272,-0.005609907656175498,0.0,0.0,0.0,0.0
1466,1786799317,997601359,1786799317.997601,5.035276095201258,-1.4121569158113958,0.7291282312175522,0.0,0.0,0.0,1.0,0.12555354285296003,-0.0032789976565093864,0.0,0.0,0.0,0.0
1467,1786799318,64269206,1786799318.064269,5.042420124050363,-1.4101850084851493,0.7270153157049112,0.0,0.0,0.0,1.0,0.12954486422313935,-0.006858760617700127,0.0,0.0,0.0,0.0
1468,1786799318,397686162,1786799318.397686,5.0835269350068515,-1.410862995394065,0.7268772613243698,0.0,0.0,0.0,1.0,0.1274217063369207,-0.00497851609187204,0.0,0.0,0.0,0.0
1469,1786799318,464265278,1786799318.464265,5.092657213977418,-1.4107081868937503,0.7256735793884443,0.0,0.0,0.0,1.0,0.13783856190385368,-0.0059342851312277865,0.0,0.0,0.0,0.0
1470,1786799318,597634561,1786799318.597635,5.110686788824744,-1.410522550238428,0.725818496019589,0.0,0.0,0.0,1.0,0.13314420005070163,-0.004908627280240364,0.0,0.0,0.0,0.0
1471,1786799318,697660051,1786799318.697660,5.123697591061237,-1.411239812219764,0.72498299670928,0.0,0.0,0.0,1.0,0.12735667149396399,-0.0056039736914273285,0.0,0.0,0.0,0.0
1472,1786799318,864353306,1786799318.864353,5.145598517845649,-1.4118506629758254,0.7251980902388131,0.0,0.0,0.0,1.0,0.13629269304681954,-0.005470315385782099,0.0,0.0,0.0,0.0
1473,1786799319,64399838,1786799319.064400,5.1682645405450245,-1.4173244858734,0.7259780631226436,0.0,0.0,0.0,1.0,0.12386156560461777,-0.005336727400362919,0.0,0.0,0.0,0.0
1474,1786799319,131002495,1786799319.131002,5.177170918862885,-1.4178009778077896,0.7281861259203003,0.0,0.0,0.0,1.0,0.13015412859390796,-0.005329773223141875,0.0,0.0,0.0,0.0
1475,1786799319,530933313,1786799319.530933,5.230040906696253,-1.421914193633427,0.7255773332773758,0.0,0.0,0.0,1.0,0.13381208751939525,-0.008087410665994896,0.0,0.0,0.0,0.0
1476,1786799320,31089659,1786799320.031090,5.294151117233714,-1.4311895214734491,0.7270912433695851,0.0,0.0,0.0,1.0,0.12214341496655227,-0.0071384245390280765,0.0,0.0,0.0,0.0
1477,1786799320,197655117,1786799320.197655,5.313348314994798,-1.4209664504931996,0.7255344861941732,0.0,0.0,0.0,1.0,0.1259491958249447,-0.002432700182907276,0.0,0.0,0.0,0.0
1478,1786799320,597706837,1786799320.597707,5.35991144401785,-1.4210779631382633,0.7238996896283224,0.0,0.0,0.0,1.0,0.12576102775272963,-0.003789140474460666,0.0,0.0,0.0,0.0
1479,1786799320,964379201,1786799320.964379,5.406424373033776,-1.4226975150701988,0.7294569290434468,0.0,0.0,0.0,1.0,0.1298975441178908,-0.0024584843941314292,0.0,0.0,0.0,0.0
1480,1786799320,997758218,1786799320.997758,5.408288643271039,-1.4216272769269838,0.7284282810620125,0.0,0.0,0.0,1.0,0.12080154716525059,-0.0024057138322521126,0.0,0.0,0.0,0.0
1481,1786799321,364308829,1786799321.364309,5.457101195553211,-1.3760341627940125,0.7278740771432869,0.0,0.0,0.0,1.0,0.13167639599407358,-0.005555332366957058,0.0,0.0,0.0,0.0
1482,1786799321,597687440,1786799321.597687,5.4826882092490905,-1.3839216257992402,0.7276987077993061,0.0,0.0,0.0,1.0,0.12289964723854056,-0.0035720431902916613,0.0,0.0,0.0,0.0
1483,1786799321,630972680,1786799321.630973,5.486897368082026,-1.3857475632659266,0.725333646742448,0.0,0.0,0.0,1.0,0.1241667296549577,-0.00592300826944628,0.0,0.0,0.0,0.0
1484,1786799321,764322434,1786799321.764323,5.505091413544214,-1.3908460851581899,0.7266654480019324,0.0,0.0,0.0,1.0,0.12752459840433777,-0.003749142247345773,0.0,0.0,0.0,0.0
1485,1786799321,931046274,1786799321.931046,5.526432884331051,-1.393792533591983,0.727815059980286,0.0,0.0,0.0,1.0,0.12761484285813415,-0.005281830129130978,0.0,0.0,0.0,0.0
1486,1786799322,31014124,1786799322.031014,5.539405358997694,-1.3964398092558328,0.7251133138121074,0.0,0.0,0.0,1.0,0.12968410438961228,-0.0068157962361303955,0.0,0.0,0.0,0.0
1487,1786799322,131045540,1786799322.131046,5.552386902317906,-1.3999855086008373,0.7251536459658282,0.0,0.0,0.0,1.0,0.13508382428774734,-0.005541708445319432,0.0,0.0,0.0,0.0
1488,1786799322,297734111,1786799322.297734,5.574604906269265,-1.4015755134820824,0.7240367746536663,0.0,0.0,0.0,1.0,0.1304747556088972,-0.005266118313540944,0.0,0.0,0.0,0.0
1489,1786799322,331008716,1786799322.331009,5.579414746862049,-1.4023878908288587,0.7243078727494063,0.0,0.0,0.0,1.0,0.14016369702506537,-0.006040473728192389,0.0,0.0,0.0,0.0
1490,1786799322,464344404,1786799322.464345,5.598824739126183,-1.3997660824519689,0.725466893199014,0.0,0.0,0.0,1.0,0.13244101957170423,-0.004185021519315345,0.0,0.0,0.0,0.0
1491,1786799322,497702339,1786799322.497702,5.5996864000061635,-1.3993542057847994,0.7268449779173116,0.0,0.0,0.0,1.0,0.12531713546744638,-0.0049310035830168394,0.0,0.0,0.0,0.0
1492,1786799322,797819858,1786799322.797820,5.632972436620488,-1.3934771731849644,0.7275470387690969,0.0,0.0,0.0,1.0,0.12218937095326982,-0.004626266983937116,0.0,0.0,0.0,0.0
1493,1786799322,997770061,1786799322.997770,5.662543031369815,-1.3958298680354233,0.7233667004549903,0.0,0.0,0.0,1.0,0.13068642925838145,-0.006333264975567554,0.0,0.0,0.0,0.0
1494,1786799323,31024401,1786799323.031024,5.667008868322863,-1.396463880202998,0.7248599969493539,0.0,0.0,0.0,1.0,0.13259581055596575,-0.00460599546054147,0.0,0.0,0.0,0.0
1495,1786799323,214424254,1786799323.214424,5.691807153017638,-1.4030167918733378,0.7272996988115169,0.0,0.0,0.0,1.0,0.13055324099889115,-0.004874917315694799,0.0,0.0,0.0,0.0
1496,1786799323,247687003,1786799323.247687,5.695948532715601,-1.4027977090335342,0.7270995844086957,0.0,0.0,0.0,1.0,0.12709700137154067,-0.004740611259983181,0.0,0.0,0.0,0.0
1497,1786799323,264318865,1786799323.264319,5.6984468599170555,-1.4026329197101848,0.7270995844086957,0.0,0.0,0.0,1.0,0.13742371846140214,-0.005011333963410669,0.0,0.0,0.0,0.0
1498,1786799323,297793638,1786799323.297794,5.702768115056127,-1.4025845191563735,0.7281558951675019,0.0,0.0,0.0,1.0,0.12109606474028478,-0.003542515044304935,0.0,0.0,0.0,0.0
1499,1786799323,464437918,1786799323.464438,5.72103637437375,-1.4133423211758915,0.7286191266157003,0.0,0.0,0.0,1.0,0.1292585173743778,-0.00697404172061359,0.0,0.0,0.0,0.0
1500,1786799323,514324577,1786799323.514325,5.7276241133436265,-1.4152408581357483,0.7262154658605446,0.0,0.0,0.0,1.0,0.1324665159003698,-0.006704367246307678,0.0,0.0,0.0,0.0
1501,1786799323,547735286,1786799323.547735,5.732267039709253,-1.4168656851930905,0.7272346261282084,0.0,0.0,0.0,1.0,0.14207659664641353,-0.0021068579074395395,0.0,0.0,0.0,0.0
1502,1786799323,564362035,1786799323.564362,5.734608980113116,-1.4183638160064813,0.7272346261282084,0.0,0.0,0.0,1.0,0.13304377347962743,-0.0062901046638202535,0.0,0.0,0.0,0.0
1503,1786799323,597737069,1786799323.597737,5.750846105794842,-1.4042837980302596,0.7268140278616672,0.0,0.0,0.0,1.0,0.12653078873806803,-0.00719166856117771,0.0,0.0,0.0,0.0
1504,1786799323,781055672,1786799323.781056,5.760038060560557,-1.3989890420037885,0.725404299242317,0.0,0.0,0.0,1.0,0.1278265687642538,-0.006235786384998622,0.0,0.0,0.0,0.0
1505,1786799324,164448640,1786799324.164449,5.808905089071356,-1.4094494647301303,0.727075912165039,0.0,0.0,0.0,1.0,0.12299158234207991,-0.0041204075420147035,0.0,0.0,0.0,0.0
1506,1786799324,414351601,1786799324.414352,5.843364647223389,-1.4128844099590874,0.7266868766559154,0.0,0.0,0.0,1.0,0.12813427749295422,-0.005832164502654296,0.0,0.0,0.0,0.0
1507,1786799324,447787788,1786799324.447788,5.848345809595443,-1.4139887463795056,0.7272790215272893,0.0,0.0,0.0,1.0,0.13917400117375386,-0.006426902917857629,0.0,0.0,0.0,0.0
1508,1786799324,630993811,1786799324.630994,5.87029170030144,-1.4132503484564063,0.7277085167324517,0.0,0.0,0.0,1.0,0.13185624802593945,-0.003514254475312749,0.0,0.0,0.0,0.0
1509,1786799324,664390889,1786799324.664391,5.874383897121707,-1.413861779319146,0.7277085167324517,0.0,0.0,0.0,1.0,0.11835938341930786,-0.00481366814431228,0.0,0.0,0.0,0.0
1510,1786799324,731136774,1786799324.731137,5.88505723332803,-1.418659452713626,0.7259540089702984,0.0,0.0,0.0,1.0,0.13690700660189387,-0.005576467084214422,0.0,0.0,0.0,0.0
1511,1786799324,797690005,1786799324.797690,5.889002299241536,-1.418001454845836,0.7260122838540997,0.0,0.0,0.0,1.0,0.1278735886522436,-0.004091043755626131,0.0,0.0,0.0,0.0
1512,1786799324,831033508,1786799324.831033,5.893509592764037,-1.4186983290358428,0.7248824591365548,0.0,0.0,0.0,1.0,0.1395328266391944,-0.005325657409635585,0.0,0.0,0.0,0.0
1513,1786799325,164442029,1786799325.164442,5.939151744067953,-1.4214034220807052,0.7250739589322892,0.0,0.0,0.0,1.0,0.12444865567235369,-0.005119070797373398,0.0,0.0,0.0,0.0
1514,1786799325,197730893,1786799325.197731,5.941443253776473,-1.4217116635342828,0.7241854031472224,0.0,0.0,0.0,1.0,0.13759010031421393,-0.005693869221721232,0.0,0.0,0.0,0.0
1515,1786799325,314377113,1786799325.314377,5.9570716306702,-1.4231516812966338,0.7251180929028856,0.0,0.0,0.0,1.0,0.1300118469246554,-0.006442665733807672,0.0,0.0,0.0,0.0
1516,1786799325,397741717,1786799325.397742,5.971832220742023,-1.4247696948497328,0.7257579639733859,0.0,0.0,0.0,1.0,0.12392066902722129,-0.004014699772976837,0.0,0.0,0.0,0.0
1517,1786799325,881213776,1786799325.881214,6.0253595863578155,-1.4297949210243868,0.7246948598947616,0.0,0.0,0.0,1.0,0.13109327585516156,-0.008201055857115953,0.0,0.0,0.0,0.0
1518,1786799325,914510237,1786799325.914510,6.030681177852546,-1.4303738427197903,0.7246948598947616,0.0,0.0,0.0,1.0,0.13904577767209791,-0.0060272307595198235,0.0,0.0,0.0,0.0
1519,1786799325,931119782,1786799325.931120,6.033156716089039,-1.4304532992376433,0.7272235569314621,0.0,0.0,0.0,1.0,0.15116886089042628,-0.0061150306789995255,0.0,0.0,0.0,0.0
1520,1786799325,964419066,1786799325.964419,6.03605979158176,-1.4330747483443513,0.7272235569314621,0.0,0.0,0.0,1.0,0.12103953278776049,-0.004582335202527904,0.0,0.0,0.0,0.0
1521,1786799326,31096962,1786799326.031097,6.044529711994425,-1.4333461294229506,0.7282298458513201,0.0,0.0,0.0,1.0,0.12683110119981675,-0.006012086153702451,0.0,0.0,0.0,0.0
1522,1786799326,147714784,1786799326.147715,6.058943057003006,-1.4339978021290642,0.7233008092820757,0.0,0.0,0.0,1.0,0.1203700791507677,-0.006132400285755296,0.0,0.0,0.0,0.0
1523,1786799326,181095723,1786799326.181096,6.063195364149433,-1.4341341195617916,0.7242676278355676,0.0,0.0,0.0,1.0,0.13444893576692307,-0.006130549663405144,0.0,0.0,0.0,0.0
1524,1786799326,197788810,1786799326.197789,6.065354718113358,-1.4340667583380842,0.7242676278355676,0.0,0.0,0.0,1.0,0.12452472747698506,-0.006102657113651965,0.0,0.0,0.0,0.0
1525,1786799326,414463338,1786799326.414463,6.092490567904267,-1.4435381249392467,0.7258351638061293,0.0,0.0,0.0,1.0,0.1233960450666732,-0.003715001513881669,0.0,0.0,0.0,0.0
1526,1786799326,464417125,1786799326.464417,6.098906339276422,-1.4443235089477389,0.725326564046149,0.0,0.0,0.0,1.0,0.12672204017711672,-0.005917910529277485,0.0,0.0,0.0,0.0
1527,1786799326,514402953,1786799326.514403,6.104561437006158,-1.444995418758632,0.7258681059821867,0.0,0.0,0.0,1.0,0.11912706204721181,-0.003681651311949081,0.0,0.0,0.0,0.0
1528,1786799326,547804290,1786799326.547804,6.108936155948122,-1.445354784155354,0.7257704816568753,0.0,0.0,0.0,1.0,0.14244534686263852,-0.0057424831086362324,0.0,0.0,0.0,0.0
1529,1786799326,897759263,1786799326.897759,6.158921446623374,-1.4485878349809114,0.7292623362990247,0.0,0.0,0.0,1.0,0.12878832187767564,-0.003522746399550329,0.0,0.0,0.0,0.0
1530,1786799326,931110752,1786799326.931111,6.163588847777191,-1.4489573216105014,0.726713729306034,0.0,0.0,0.0,1.0,0.14216991103562696,-0.007588297838825225,0.0,0.0,0.0,0.0
1531,1786799327,81052660,1786799327.081053,6.183980010198422,-1.4488911117226475,0.7284696015704676,0.0,0.0,0.0,1.0,0.12972634300382718,-0.003083335426864184,0.0,0.0,0.0,0.0
1532,1786799327,197731699,1786799327.197732,6.1991182626715435,-1.4494015182845033,0.7277428220410529,0.0,0.0,0.0,1.0,0.12974534462070025,-0.00524035073496687,0.0,0.0,0.0,0.0
1533,1786799327,231115356,1786799327.231115,6.19935809321078,-1.4504689957304144,0.7278514722859838,0.0,0.0,0.0,1.0,0.12965241437772926,-0.004566622134311341,0.0,0.0,0.0,0.0
1534,1786799327,398483700,1786799327.398484,6.22115683704326,-1.4520709314992888,0.7260598164528249,0.0,0.0,0.0,1.0,0.13139780631253584,-0.004947547475375895,0.0,0.0,0.0,0.0
1535,1786799327,431113672,1786799327.431114,6.225319766056284,-1.4447988886174161,0.7260934713741911,0.0,0.0,0.0,1.0,0.13186664093456474,-0.00251388752324839,0.0,0.0,0.0,0.0
1536,1786799327,998746381,1786799327.998746,6.2872726421806355,-1.433133451080797,0.7252292991247873,0.0,0.0,0.0,1.0,0.11146915631615845,0.02634627018496447,0.0,0.0,0.0,0.0
1537,1786799328,31131294,1786799328.031131,6.308385052082112,-1.4431941787880458,0.7261373858935004,0.0,0.0,0.0,1.0,0.16671895501321177,-0.005241148057182159,0.0,0.0,0.0,0.0
1538,1786799328,164476698,1786799328.164477,6.3260511268240585,-1.4448187915498532,0.7279873887904534,0.0,0.0,0.0,1.0,0.13494696691487734,-0.004913384008916792,0.0,0.0,0.0,0.0
1539,1786799328,231111139,1786799328.231111,6.329718711193312,-1.4473832203047365,0.7262488987073497,0.0,0.0,0.0,1.0,0.12363090588093573,-0.0032255808624937973,0.0,0.0,0.0,0.0
1540,1786799328,297749481,1786799328.297750,6.338434585313614,-1.4475176188454522,0.7260073296367062,0.0,0.0,0.0,1.0,0.13815240266352094,-0.005119795796891727,0.0,0.0,0.0,0.0
1541,1786799328,331210370,1786799328.331210,6.342868464411978,-1.4473118311751838,0.728196433183467,0.0,0.0,0.0,1.0,0.1190543981769053,-0.0033910603710776543,0.0,0.0,0.0,0.0
1542,1786799328,364466986,1786799328.364467,6.345051434362972,-1.448268603039638,0.728196433183467,0.0,0.0,0.0,1.0,0.13257911509750944,-0.003801065093964247,0.0,0.0,0.0,0.0
1543,1786799328,397798767,1786799328.397799,6.349416333952227,-1.4508363214951459,0.7279751232465245,0.0,0.0,0.0,1.0,0.14416741788701845,-0.003346702954509242,0.0,0.0,0.0,0.0
1544,1786799328,531170220,1786799328.531170,6.36752945408362,-1.4510074870079952,0.7260762998232346,0.0,0.0,0.0,1.0,0.12771810118575094,-0.0037106943246422745,0.0,0.0,0.0,0.0
1545,1786799328,697804743,1786799328.697805,6.386385132552899,-1.453721723888111,0.726814716481317,0.0,0.0,0.0,1.0,0.1354388613729973,-0.0032324266611971856,0.0,0.0,0.0,0.0
1546,1786799328,731137047,1786799328.731137,6.390554586773273,-1.4534422466572585,0.7248450234125862,0.0,0.0,0.0,1.0,0.1304245740842835,-0.00387777470835155,0.0,0.0,0.0,0.0
1547,1786799329,231162976,1786799329.231163,6.446551533166627,-1.457396257169715,0.7269617553282804,0.0,0.0,0.0,1.0,0.1180362743901362,-0.0019526547500318993,0.0,0.0,0.0,0.0
1548,1786799329,331088011,1786799329.331088,6.460245070593004,-1.4588425997408474,0.7251901309097384,0.0,0.0,0.0,1.0,0.13211657641482127,-0.004120620066466352,0.0,0.0,0.0,0.0
1549,1786799329,364507840,1786799329.364508,6.4646216955364615,-1.4589871375087493,0.7251901309097384,0.0,0.0,0.0,1.0,0.1303004865424664,-0.004545108077585994,0.0,0.0,0.0,0.0
1550,1786799329,414489516,1786799329.414490,6.47090538201855,-1.460048149184371,0.7259087914564397,0.0,0.0,0.0,1.0,0.12085750671163469,-0.003630000806623356,0.0,0.0,0.0,0.0
1551,1786799329,531315347,1786799329.531315,6.4857303776832325,-1.460532072511124,0.7254861579750677,0.0,0.0,0.0,1.0,0.13120271407392844,-0.004872322444334879,0.0,0.0,0.0,0.0
1552,1786799329,931267708,1786799329.931268,6.541063490828435,-1.4547233880003279,0.7257710428199162,0.0,0.0,0.0,1.0,0.13405891630518574,-0.004386780034741026,0.0,0.0,0.0,0.0
1553,1786799329,964533678,1786799329.964534,6.545047991325024,-1.4551447045315113,0.7257710428199162,0.0,0.0,0.0,1.0,0.1280188731605131,-0.0034240688815384995,0.0,0.0,0.0,0.0
1554,1786799330,31174365,1786799330.031174,6.550640320924916,-1.4531669728945569,0.7246057680349228,0.0,0.0,0.0,1.0,0.12450048298214064,-0.002481064432677163,0.0,0.0,0.0,0.0
1555,1786799330,97880514,1786799330.097881,6.558914176603874,-1.4535353492348633,0.7255791809659345,0.0,0.0,0.0,1.0,0.12346659397265317,-0.0035749045486524506,0.0,0.0,0.0,0.0
1556,1786799330,531199840,1786799330.531200,6.609213811350234,-1.4520084667624693,0.7242751872080495,0.0,0.0,0.0,1.0,0.12221679672435637,-0.0053022428648363575,0.0,0.0,0.0,0.0
1557,1786799330,631164613,1786799330.631165,6.622276756091587,-1.4524248108146693,0.7250169057734993,0.0,0.0,0.0,1.0,0.13401203547569426,-0.005174134646238182,0.0,0.0,0.0,0.0
1558,1786799331,131276718,1786799331.131277,6.6858144747693515,-1.465665490471136,0.7271393138980152,0.0,0.0,0.0,1.0,0.13170578262081287,-0.002902413011485888,0.0,0.0,0.0,0.0
1559,1786799331,397927820,1786799331.397928,6.720029298609255,-1.46829259561108,0.7264230830352028,0.0,0.0,0.0,1.0,0.12405454022017877,-0.003042256465455217,0.0,0.0,0.0,0.0
1560,1786799331,431181565,1786799331.431182,6.724401761511711,-1.4679180032745003,0.7247437035208644,0.0,0.0,0.0,1.0,0.12412417147627865,-0.00407462597198656,0.0,0.0,0.0,0.0
1561,1786799331,497880823,1786799331.497881,6.732845555333046,-1.4678816549343894,0.7250925959129642,0.0,0.0,0.0,1.0,0.1247868630772551,-0.0034686033614300463,0.0,0.0,0.0,0.0
1562,1786799331,531201979,1786799331.531202,6.737148180595053,-1.4678791024340145,0.7239160517216371,0.0,0.0,0.0,1.0,0.1263942112896633,-0.005552530100889323,0.0,0.0,0.0,0.0
1563,1786799331,797943208,1786799331.797943,6.770046807575266,-1.4692935874658022,0.7235251190363504,0.0,0.0,0.0,1.0,0.1294044338801559,-0.002744846019157243,0.0,0.0,0.0,0.0
1564,1786799331,931257243,1786799331.931257,6.787425251772884,-1.4696951171904713,0.7233214171447901,0.0,0.0,0.0,1.0,0.13076416832774077,-0.0032209359858224908,0.0,0.0,0.0,0.0
1565,1786799332,97858625,1786799332.097859,6.809102426899507,-1.4699896712993836,0.7225593560954242,0.0,0.0,0.0,1.0,0.13230582509996172,-0.004862625646238647,0.0,0.0,0.0,0.0
1566,1786799332,264682117,1786799332.264682,6.83140214436937,-1.4705505666766063,0.7233040124141581,0.0,0.0,0.0,1.0,0.1330450483297782,-0.0053916056928973565,0.0,0.0,0.0,0.0
1567,1786799333,231322622,1786799333.231323,6.956778494449079,-1.473430945775696,0.7304923045273415,0.0,0.0,0.0,1.0,0.13239740808283967,-0.0038751747664907956,0.0,0.0,0.0,0.0
1568,1786799333,431340408,1786799333.431340,6.980691376312482,-1.474948670972887,0.7261149019520137,0.0,0.0,0.0,1.0,0.12998587956733762,-0.0054136859585773005,0.0,0.0,0.0,0.0
1569,1786799333,497903605,1786799333.497904,6.988195199477218,-1.4750906911532726,0.7285095560734791,0.0,0.0,0.0,1.0,0.12924909972471915,-0.004930472753066732,0.0,0.0,0.0,0.0
1570,1786799333,631291514,1786799333.631292,7.005281593383597,-1.4756396801684257,0.7303999520431714,0.0,0.0,0.0,1.0,0.12637861189289543,-0.005682809261449462,0.0,0.0,0.0,0.0
1571,1786799333,797896257,1786799333.797896,7.0249164486459,-1.4769205188540029,0.7268738177232755,0.0,0.0,0.0,1.0,0.12299945247009891,-0.006705753966686518,0.0,0.0,0.0,0.0
1572,1786799333,831312499,1786799333.831312,7.029110564685055,-1.4771352032634828,0.7276274747975112,0.0,0.0,0.0,1.0,0.12491376539053835,-0.0058431626529470366,0.0,0.0,0.0,0.0
1573,1786799333,864614733,1786799333.864615,7.032769967993964,-1.4772522761078197,0.7276274747975112,0.0,0.0,0.0,1.0,0.1253130812257627,-0.00532093800420213,0.0,0.0,0.0,0.0
1574,1786799334,64637723,1786799334.064638,7.057694858617104,-1.4783975166453165,0.7261337689257593,0.0,0.0,0.0,1.0,0.12820093876295913,-0.00548378084631697,0.0,0.0,0.0,0.0
1575,1786799334,197871075,1786799334.197871,7.074035659953648,-1.4793305515599404,0.7254312621801167,0.0,0.0,0.0,1.0,0.13078160007411466,-0.0048254289143228775,0.0,0.0,0.0,0.0
1576,1786799334,231258052,1786799334.231258,7.07833016487573,-1.4796126038677044,0.7241170065308832,0.0,0.0,0.0,1.0,0.1304082641287126,-0.005206467703665315,0.0,0.0,0.0,0.0
1577,1786799334,397898667,1786799334.397899,7.0993683672903565,-1.4805743323093081,0.7224920108873728,0.0,0.0,0.0,1.0,0.1315083461529352,-0.005731982772807047,0.0,0.0,0.0,0.0
1578,1786799334,531286177,1786799334.531286,7.11695452509354,-1.4811154305577259,0.7266505315413501,0.0,0.0,0.0,1.0,0.13312167143267323,-0.0026646229415850215,0.0,0.0,0.0,0.0
1579,1786799334,631291918,1786799334.631292,7.129758435491453,-1.4815074934380053,0.7255574051620071,0.0,0.0,0.0,1.0,0.1321227966617831,-0.007091357392342682,0.0,0.0,0.0,0.0
1580,1786799335,231323658,1786799335.231324,7.206592658206738,-1.4836753237514297,0.7255187002136452,0.0,0.0,0.0,1.0,0.13167241301482588,-0.004553568373919669,0.0,0.0,0.0,0.0
1581,1786799335,264680112,1786799335.264680,7.209974260107586,-1.4840889999669842,0.7255187002136452,0.0,0.0,0.0,1.0,0.1287420960765597,-0.005273270066616493,0.0,0.0,0.0,0.0
1582,1786799335,297942799,1786799335.297943,7.214407824441906,-1.484447133033592,0.7233065310811427,0.0,0.0,0.0,1.0,0.1300531789833799,-0.006701579230007573,0.0,0.0,0.0,0.0
1583,1786799335,497917705,1786799335.497918,7.239817663372914,-1.4850000985598288,0.7267635537078349,0.0,0.0,0.0,1.0,0.13193313406629673,-0.0034256715278053337,0.0,0.0,0.0,0.0
1584,1786799335,531366747,1786799335.531367,7.244132987587385,-1.4852745503512423,0.7268802171964268,0.0,0.0,0.0,1.0,0.13047846933223045,-0.00643474124179837,0.0,0.0,0.0,0.0
1585,1786799335,831265547,1786799335.831265,7.282160362370973,-1.4868304489210213,0.7269759025617768,0.0,0.0,0.0,1.0,0.13034453196921378,-0.006680882479568013,0.0,0.0,0.0,0.0
1586,1786799335,897997447,1786799335.897997,7.291169897461998,-1.4872122848171283,0.730248510625903,0.0,0.0,0.0,1.0,0.1322502685434684,-0.005727199891260795,0.0,0.0,0.0,0.0
1587,1786799335,931294390,1786799335.931294,7.2951961690935825,-1.4872992388295634,0.731227290402736,0.0,0.0,0.0,1.0,0.12628453542460172,-0.004985056499030031,0.0,0.0,0.0,0.0
1588,1786799335,964640915,1786799335.964641,7.299419770303178,-1.4874026099986226,0.731227290402736,0.0,0.0,0.0,1.0,0.1246109964248748,-0.006154605771600636,0.0,0.0,0.0,0.0
1589,1786799335,998066472,1786799335.998066,7.303263515262579,-1.4879781125194411,0.7263850953808046,0.0,0.0,0.0,1.0,0.12146106280791563,-0.003336804657607134,0.0,0.0,0.0,0.0
1590,1786799336,297974656,1786799336.297975,7.3364960943097515,-1.4931247163453896,0.7257943856698693,0.0,0.0,0.0,1.0,0.1221600362352181,-0.0039320152565518185,0.0,0.0,0.0,0.0
1591,1786799336,331368802,1786799336.331369,7.348559196293714,-1.4881309190015939,0.7283044604321722,0.0,0.0,0.0,1.0,0.13954241992233093,-0.005771702222727955,0.0,0.0,0.0,0.0
1592,1786799336,664735702,1786799336.664736,7.378738662711026,-1.4795250363537011,0.7262959862495861,0.0,0.0,0.0,1.0,0.1380012428869935,-0.005785431218109756,0.0,0.0,0.0,0.0
1593,1786799336,697930565,1786799336.697931,7.382678271390223,-1.48124495609847,0.7279298368970508,0.0,0.0,0.0,1.0,0.13566252707484994,-0.004868425123231992,0.0,0.0,0.0,0.0
1594,1786799336,931378746,1786799336.931379,7.409146960582326,-1.4793505185137121,0.7288011652712434,0.0,0.0,0.0,1.0,0.1295246093140532,-0.004879039578517271,0.0,0.0,0.0,0.0
1595,1786799336,998038521,1786799336.998039,7.415854722742701,-1.4792511341530803,0.7269316842110208,0.0,0.0,0.0,1.0,0.1222498105629273,-0.006810255415958533,0.0,0.0,0.0,0.0
1596,1786799337,531378602,1786799337.531379,7.482533597956877,-1.4828933575260461,0.7279469046823686,0.0,0.0,0.0,1.0,0.12850304549476352,-0.0029204126090078913,0.0,0.0,0.0,0.0
1597,1786799337,797974005,1786799337.797974,7.5189419105263156,-1.4881943780272326,0.7256115210113502,0.0,0.0,0.0,1.0,0.1336153216738709,-0.005063029611285748,0.0,0.0,0.0,0.0
1598,1786799337,831299587,1786799337.831300,7.523152623910761,-1.4883899155425189,0.7245449135885944,0.0,0.0,0.0,1.0,0.13218304800518021,-0.005874841463951886,0.0,0.0,0.0,0.0
1599,1786799337,864678864,1786799337.864679,7.527591197392191,-1.4884075372563474,0.7245449135885944,0.0,0.0,0.0,1.0,0.13280077088474773,-0.005810975785134034,0.0,0.0,0.0,0.0
1600,1786799338,164722148,1786799338.164722,7.568342670609283,-1.4909371230958017,0.725905616292536,0.0,0.0,0.0,1.0,0.1352729947447028,-0.005308499956101505,0.0,0.0,0.0,0.0
1601,1786799338,298030146,1786799338.298030,7.586648145653381,-1.4918750601734474,0.7255071164750625,0.0,0.0,0.0,1.0,0.1346442365952436,-0.0055781025072989526,0.0,0.0,0.0,0.0
1602,1786799338,331327138,1786799338.331327,7.590400507402311,-1.4919812086582327,0.7263411395289151,0.0,0.0,0.0,1.0,0.1215471531906564,-0.0048563040585746465,0.0,0.0,0.0,0.0
1603,1786799338,431465212,1786799338.431465,7.602715069099514,-1.4926803785352392,0.7244375404371123,0.0,0.0,0.0,1.0,0.12439662105084821,-0.008756158192271948,0.0,0.0,0.0,0.0
1604,1786799338,831382278,1786799338.831382,7.650867007064328,-1.500980745199859,0.7254429326897188,0.0,0.0,0.0,1.0,0.12065548390528835,-0.004398780607025046,0.0,0.0,0.0,0.0
1605,1786799339,170866718,1786799339.170867,7.691689249976065,-1.5067676576233142,0.7254385852317117,0.0,0.0,0.0,1.0,0.12949440625602646,-0.0032909802084727224,0.0,0.0,0.0,0.0
1606,1786799339,198020399,1786799339.198020,7.698375077352232,-1.5074669201511333,0.729458403970758,0.0,0.0,0.0,1.0,0.16543064606124666,-0.006433283339057389,0.0,0.0,0.0,0.0
1607,1786799339,331381533,1786799339.331382,7.7165827820283575,-1.5072685587130576,0.7263121812158988,0.0,0.0,0.0,1.0,0.12572849943457692,-0.006382801719631204,0.0,0.0,0.0,0.0
1608,1786799339,364791492,1786799339.364791,7.720966665720226,-1.5074855015661779,0.7263121812158988,0.0,0.0,0.0,1.0,0.12984070693647212,-0.00580455129687017,0.0,0.0,0.0,0.0
1609,1786799339,598016488,1786799339.598017,7.751290338365365,-1.5089044990120584,0.7276621603014772,0.0,0.0,0.0,1.0,0.13016278018711033,-0.005761895316766926,0.0,0.0,0.0,0.0
1610,1786799339,631343440,1786799339.631343,7.752171825632086,-1.507581067632819,0.727494640352586,0.0,0.0,0.0,1.0,0.1249068895543976,-0.004525297345205693,0.0,0.0,0.0,0.0
1611,1786799339,898001070,1786799339.898001,7.784101206613741,-1.5082016778952467,0.7235982466903913,0.0,0.0,0.0,1.0,0.12443792648242159,-0.006496143689205501,0.0,0.0,0.0,0.0
1612,1786799339,931354690,1786799339.931355,7.789136152139907,-1.5083838491673256,0.7250727801057724,0.0,0.0,0.0,1.0,0.13812711040769815,-0.004995958078544201,0.0,0.0,0.0,0.0
1613,1786799339,965055045,1786799339.965055,7.793410957674716,-1.5086836190222774,0.7250727801057724,0.0,0.0,0.0,1.0,0.11547847032008254,-0.005537294483806936,0.0,0.0,0.0,0.0
1614,1786799339,998069749,1786799339.998070,7.796481696194682,-1.5082224411423313,0.7286653259748168,0.0,0.0,0.0,1.0,0.12798893317470675,-0.0057034600292336715,0.0,0.0,0.0,0.0
1615,1786799340,31381433,1786799340.031381,7.800479684491126,-1.5084869802601282,0.7272899018902639,0.0,0.0,0.0,1.0,0.13177892247253828,-0.005290554472724954,0.0,0.0,0.0,0.0
1616,1786799340,98036752,1786799340.098037,7.809218533411251,-1.5090475051991723,0.726493248777441,0.0,0.0,0.0,1.0,0.13033454127267485,-0.006462132019268002,0.0,0.0,0.0,0.0
1617,1786799340,831492796,1786799340.831493,7.941144635846488,-1.4992930641122575,0.727103590040633,0.0,0.0,0.0,1.0,0.1863904933325226,0.016588926038945493,0.0,0.0,0.0,0.0
1618,1786799341,231461817,1786799341.231462,7.9454938555987376,-1.4878166511521804,0.7242181079605349,0.0,0.0,0.0,1.0,0.10984903234306734,-0.022314822133171416,0.0,0.0,0.0,0.0
1619,1786799341,564743016,1786799341.564743,8.035643709503848,-1.486165284261561,0.7266289416671112,0.0,0.0,0.0,1.0,0.11220516943755238,-0.007471497974125808,0.0,0.0,0.0,0.0
1620,1786799341,964773645,1786799341.964774,8.08096427351352,-1.4963692761699359,0.7247991633374737,0.0,0.0,0.0,1.0,0.0879423327335614,-0.025672870293263164,0.0,0.0,0.0,0.0
1621,1786799342,198058428,1786799342.198058,8.108179870711215,-1.5089936394985206,0.7239394892490567,0.0,0.0,0.0,1.0,0.11451396240671614,-0.03635745939731785,0.0,0.0,0.0,0.0
1622,1786799342,231410728,1786799342.231411,8.112129725902996,-1.5104763523517832,0.7238802499494214,0.0,0.0,0.0,1.0,0.1355578579944145,-0.03409598605475689,0.0,0.0,0.0,0.0
1623,1786799342,298013688,1786799342.298014,8.121046072279885,-1.5129783637696073,0.7229528959860477,0.0,0.0,0.0,1.0,0.1362958277588836,-0.035447432118121305,0.0,0.0,0.0,0.0
1624,1786799342,498153846,1786799342.498154,8.1616988425323,-1.5148538639799733,0.7252220699981831,0.0,0.0,0.0,1.0,0.14693316691035913,-0.04434393630208619,0.0,0.0,0.0,0.0
1625,1786799342,531402959,1786799342.531403,8.167895229431245,-1.5146441753780757,0.7258975576496788,0.0,0.0,0.0,1.0,0.13935827466289744,-0.04102284218380766,0.0,0.0,0.0,0.0
1626,1786799342,998111386,1786799342.998111,8.209260048982319,-1.51994125887635,0.7256117111991413,0.0,0.0,0.0,1.0,0.08149208645338768,-0.015224440383498114,0.0,0.0,0.0,0.0
1627,1786799343,298098722,1786799343.298099,8.24870587061076,-1.5260425164758902,0.7258266314487356,0.0,0.0,0.0,1.0,0.08697308038547935,-0.0340676972093225,0.0,0.0,0.0,0.0
1628,1786799343,431458183,1786799343.431458,8.258072917780481,-1.5425254571886295,0.7262104622945716,0.0,0.0,0.0,1.0,0.13471852268333534,-0.07079704669330153,0.0,0.0,0.0,0.0
1629,1786799344,198109004,1786799344.198109,8.405806909844827,-1.7057230114480766,0.7252045692781691,0.0,0.0,0.0,1.0,0.19625893512396542,-0.24747882319805958,0.0,0.0,0.0,0.0
1630,1786799344,331455347,1786799344.331455,8.388101216868385,-1.667857926893893,0.7251170486718771,0.0,0.0,0.0,1.0,0.13148312621412434,-0.11595541370439302,0.0,0.0,0.0,0.0
1631,1786799344,364811935,1786799344.364812,8.383187677422224,-1.6651100761107902,0.7251170486718771,0.0,0.0,0.0,1.0,0.11222327654716023,-0.10718611106838748,0.0,0.0,0.0,0.0
1632,1786799344,631433578,1786799344.631433,8.407668315971353,-1.7029063071294561,0.7261653158554708,0.0,0.0,0.0,1.0,0.07019328213305218,-0.10426063063812321,0.0,0.0,0.0,0.0
1633,1786799345,698256430,1786799345.698256,8.525512385628627,-1.886944656011261,0.723741391521994,0.0,0.0,0.0,1.0,0.10568820207176138,-0.1819790770510045,0.0,0.0,0.0,0.0
1634,1786799345,864815147,1786799345.864815,8.506680117973165,-1.9035991721212244,0.7247506633144168,0.0,0.0,0.0,1.0,0.05622223430078235,-0.1740706725562779,0.0,0.0,0.0,0.0
1635,1786799346,531538191,1786799346.531538,8.5430427050517,-2.018294768087584,0.7250152683936884,0.0,0.0,0.0,1.0,0.05637332105136465,-0.17366912954730326,0.0,0.0,0.0,0.0
1636,1786799346,631506608,1786799346.631507,8.525609854684777,-2.03815727541893,0.7239806729431374,0.0,0.0,0.0,1.0,0.019269968334007175,-0.18462475683815002,0.0,0.0,0.0,0.0
1637,1786799347,31605651,1786799347.031606,8.532924773019744,-2.112259639791437,0.7251278484946024,0.0,0.0,0.0,1.0,0.01931394596329765,-0.18463484930761687,0.0,0.0,0.0,0.0
1638,1786799347,398213784,1786799347.398214,8.505240013196389,-2.1819945398581866,0.7241595405730828,0.0,0.0,0.0,1.0,-0.03906649030394968,-0.1871058620646122,0.0,0.0,0.0,0.0
1639,1786799347,831506142,1786799347.831506,8.488338447336758,-2.2628861346334643,0.7255791976022637,0.0,0.0,0.0,1.0,-0.03905897693597641,-0.18710507710040167,0.0,0.0,0.0,0.0
1640,1786799348,298267157,1786799348.298267,8.450987210538024,-2.315583714271916,0.7243344317511946,0.0,0.0,0.0,1.0,-0.06804638418153519,-0.14692968536240117,0.0,0.0,0.0,0.0
1641,1786799348,334483890,1786799348.334484,8.448678552874373,-2.3207639872357895,0.7243138673274729,0.0,0.0,0.0,1.0,-0.059749302560411034,-0.13981743826358056,0.0,0.0,0.0,0.0
1642,1786799348,464842695,1786799348.464843,8.441284289469262,-2.3362920276451336,0.7261147633437908,0.0,0.0,0.0,1.0,-0.06416325985203776,-0.1373107726776593,0.0,0.0,0.0,0.0
1643,1786799348,631550964,1786799348.631551,8.430926274657867,-2.3580874507594354,0.7259531410229997,0.0,0.0,0.0,1.0,-0.06188004357166832,-0.13147227085467314,0.0,0.0,0.0,0.0
1644,1786799349,131651000,1786799349.131651,8.422362576420625,-2.399667353984741,0.7256498309718827,0.0,0.0,0.0,1.0,-0.013808119536804053,-0.07956551659807268,0.0,0.0,0.0,0.0
1645,1786799349,431606269,1786799349.431606,8.405114385185005,-2.4490623039184833,0.7264347480287434,0.0,0.0,0.0,1.0,-0.04192677516906762,-0.12068309427746021,0.0,0.0,0.0,0.0
1646,1786799349,464863873,1786799349.464864,8.403525806728524,-2.452972503842103,0.7264347480287434,0.0,0.0,0.0,1.0,-0.053507226214223574,-0.11462845709739347,0.0,0.0,0.0,0.0
1647,1786799349,498230855,1786799349.498231,8.401810061838173,-2.4553931047276882,0.7273167718212944,0.0,0.0,0.0,1.0,-0.04773468370280619,-0.10223817060929788,0.0,0.0,0.0,0.0
1648,1786799349,531549781,1786799349.531550,8.400090829932157,-2.4585533359605063,0.7244045262136232,0.0,0.0,0.0,1.0,-0.054593808519244336,-0.11408405265011617,0.0,0.0,0.0,0.0
1649,1786799349,564899985,1786799349.564900,8.398175971587836,-2.462194793003415,0.7244045262136232,0.0,0.0,0.0,1.0,-0.059324054787780564,-0.12606322339338943,0.0,0.0,0.0,0.0
1650,1786799349,598217662,1786799349.598218,8.396204683514277,-2.466010919418587,0.7231079885198772,0.0,0.0,0.0,1.0,-0.05440458541781616,-0.11444641494004838,0.0,0.0,0.0,0.0
1651,1786799349,631490584,1786799349.631490,8.394530179540649,-2.4693168077528718,0.7248178659236406,0.0,0.0,0.0,1.0,-0.04855455185812101,-0.10631969818826874,0.0,0.0,0.0,0.0
1652,1786799349,898304530,1786799349.898304,8.381594179452929,-2.4973257193899148,0.7278758685087567,0.0,0.0,0.0,1.0,-0.04806246683358158,-0.10594603099926009,0.0,0.0,0.0,0.0
1653,1786799349,931576008,1786799349.931576,8.380354387243283,-2.5008312706417692,0.7265639679639317,0.0,0.0,0.0,1.0,-0.04457682831151407,-0.10679841953097341,0.0,0.0,0.0,0.0
1654,1786799350,164945876,1786799350.164946,8.369560769098523,-2.5262273176971206,0.7275167446612756,0.0,0.0,0.0,1.0,-0.04715124602720112,-0.1100806502055531,0.0,0.0,0.0,0.0
1655,1786799350,199184745,1786799350.199185,8.368978086035526,-2.528841439329222,0.725293132561701,0.0,0.0,0.0,1.0,-0.03877376497560583,-0.10332042194265492,0.0,0.0,0.0,0.0
1656,1786799350,264854724,1786799350.264855,8.366275038279593,-2.5359179555860307,0.7230503806604344,0.0,0.0,0.0,1.0,-0.043512531016466946,-0.11231234589221029,0.0,0.0,0.0,0.0
1657,1786799350,298197845,1786799350.298198,8.364869057480838,-2.539590697526942,0.7266808875478901,0.0,0.0,0.0,1.0,-0.04036660975122147,-0.10970350150803852,0.0,0.0,0.0,0.0
1658,1786799350,598297432,1786799350.598297,8.351479028939554,-2.5726266244051907,0.7251381663599029,0.0,0.0,0.0,1.0,-0.0488435266867807,-0.11052891178997362,0.0,0.0,0.0,0.0
1659,1786799350,698274102,1786799350.698274,8.34768814718068,-2.5840090646960148,0.7255112450418691,0.0,0.0,0.0,1.0,-0.039822244020950213,-0.11326710299992429,0.0,0.0,0.0,0.0
1660,1786799351,264946290,1786799351.264946,8.325259570296431,-2.6472301377858445,0.7246004077738788,0.0,0.0,0.0,1.0,-0.03989985276566433,-0.11323368698868735,0.0,0.0,0.0,0.0
1661,1786799351,498248976,1786799351.498249,8.32141856193994,-2.676159259074209,0.7263507704490342,0.0,0.0,0.0,1.0,-0.025221085787676036,-0.11826930655281563,0.0,0.0,0.0,0.0
1662,1786799352,198275561,1786799352.198276,8.303325323175446,-2.7584611417922447,0.7248166287592482,0.0,0.0,0.0,1.0,-0.025423472206879287,-0.11819758541514569,0.0,0.0,0.0,0.0
1663,1786799352,264919225,1786799352.264919,8.306970972778078,-2.7706434281335817,0.7268382347661692,0.0,0.0,0.0,1.0,-0.012256216645514526,-0.1281388519077058,0.0,0.0,0.0,0.0
1664,1786799352,364913907,1786799352.364914,8.306008527845105,-2.7826834315820808,0.7244738474512877,0.0,0.0,0.0,1.0,-0.009553229108954831,-0.122730874348552,0.0,0.0,0.0,0.0
1665,1786799352,464934527,1786799352.464935,8.304841756588928,-2.7947513506455843,0.7260658319847896,0.0,0.0,0.0,1.0,-0.012723046900408444,-0.12027832981337887,0.0,0.0,0.0,0.0
1666,1786799352,498319656,1786799352.498320,8.304437518466507,-2.799275204270104,0.7261096376330465,0.0,0.0,0.0,1.0,-0.010920625595449682,-0.128972593165148,0.0,0.0,0.0,0.0
1667,1786799352,531641004,1786799352.531641,8.304085781670093,-2.803523136523724,0.7287934627321808,0.0,0.0,0.0,1.0,-0.010881307987992228,-0.12541099912362608,0.0,0.0,0.0,0.0
1668,1786799352,664944377,1786799352.664944,8.302560170629139,-2.8203548266635177,0.7245173836445633,0.0,0.0,0.0,1.0,-0.01175114494765268,-0.12732909065587378,0.0,0.0,0.0,0.0
1669,1786799352,698309184,1786799352.698309,8.30217956922871,-2.8247813226066345,0.7255009536947112,0.0,0.0,0.0,1.0,-0.00933109854537052,-0.12772085610952047,0.0,0.0,0.0,0.0
1670,1786799352,731584622,1786799352.731585,8.301937824089592,-2.8286429138769362,0.7262622650459547,0.0,0.0,0.0,1.0,-0.0066353696289947325,-0.11421418506593826,0.0,0.0,0.0,0.0
1671,1786799352,764971216,1786799352.764971,8.301675113313863,-2.8328569493560174,0.7262622650459547,0.0,0.0,0.0,1.0,-0.008723430996720013,-0.13849423810756017,0.0,0.0,0.0,0.0
1672,1786799352,798275338,1786799352.798275,8.301364556333503,-2.837281046533737,0.7259149945547616,0.0,0.0,0.0,1.0,-0.009182223090476106,-0.12448283205221879,0.0,0.0,0.0,0.0
1673,1786799352,831697381,1786799352.831697,8.30110219932369,-2.8413981771039523,0.7259699132115411,0.0,0.0,0.0,1.0,-0.00640057952858426,-0.12503702805618855,0.0,0.0,0.0,0.0
1674,1786799352,931674333,1786799352.931674,8.300254455864696,-2.8539512218613154,0.7264557750044626,0.0,0.0,0.0,1.0,-0.009250107395320282,-0.12599366213517846,0.0,0.0,0.0,0.0
1675,1786799353,131645966,1786799353.131646,8.29863528272758,-2.878718428232587,0.7270164233525762,0.0,0.0,0.0,1.0,-0.0071594236834521706,-0.12291142796430861,0.0,0.0,0.0,0.0
1676,1786799353,365075443,1786799353.365075,8.296930991279329,-2.9076292344746286,0.7267681465795319,0.0,0.0,0.0,1.0,-0.007195145334497416,-0.12447655162242986,0.0,0.0,0.0,0.0
1677,1786799353,465034494,1786799353.465034,8.29631294814482,-2.920259896297461,0.7245289175911704,0.0,0.0,0.0,1.0,-0.004678723699126615,-0.12704298910651543,0.0,0.0,0.0,0.0
1678,1786799353,631731527,1786799353.631732,8.295600494644098,-2.9402069185793973,0.7281584075041703,0.0,0.0,0.0,1.0,-0.0037456611754824493,-0.11482609602531023,0.0,0.0,0.0,0.0
1679,1786799353,798320934,1786799353.798321,8.295146568265164,-2.9595028094830944,0.7234013607551034,0.0,0.0,0.0,1.0,-0.0015816673687561837,-0.11664466648053723,0.0,0.0,0.0,0.0
1680,1786799353,965034933,1786799353.965035,8.294859805197369,-2.9791867924323676,0.7281014864156926,0.0,0.0,0.0,1.0,-0.0009930781948467569,-0.1192553521892945,0.0,0.0,0.0,0.0
1681,1786799354,265003980,1786799354.265004,8.294708120773745,-3.014787391504929,0.7243028884707114,0.0,0.0,0.0,1.0,0.0007992553143945703,-0.11855388599785145,0.0,0.0,0.0,0.0
1682,1786799354,331641456,1786799354.331641,8.29449501472233,-3.022814502058351,0.7235632854977544,0.0,0.0,0.0,1.0,-0.0026451103432054922,-0.11990080458594263,0.0,0.0,0.0,0.0
1683,1786799354,364938990,1786799354.364939,8.29440782344508,-3.026935125351571,0.7235632854977544,0.0,0.0,0.0,1.0,-0.0016973370722956536,-0.122447771251985,0.0,0.0,0.0,0.0
1684,1786799354,398354743,1786799354.398355,8.29433291167215,-3.0306696502782935,0.7242700707268596,0.0,0.0,0.0,1.0,-0.0016258214244617842,-0.11371702479656506,0.0,0.0,0.0,0.0
1685,1786799354,465004680,1786799354.465005,8.294177100789316,-3.038709719858642,0.7249661218123946,0.0,0.0,0.0,1.0,-0.002375796595047551,-0.12775404625328118,0.0,0.0,0.0,0.0
1686,1786799354,531681308,1786799354.531681,8.294019816592758,-3.046796981154941,0.7263905938202584,0.0,0.0,0.0,1.0,-0.001722321469326387,-0.11501610427209719,0.0,0.0,0.0,0.0
1687,1786799354,731840378,1786799354.731840,8.293624144874808,-3.070532140483189,0.7263013791511675,0.0,0.0,0.0,1.0,-0.0020692710439202053,-0.12219196893994326,0.0,0.0,0.0,0.0
1688,1786799354,764962376,1786799354.764962,8.293582750478656,-3.0747643572802223,0.7263013791511675,0.0,0.0,0.0,1.0,-0.00027669020912141225,-0.13339285209604254,0.0,0.0,0.0,0.0
1689,1786799354,798314196,1786799354.798314,8.293530493318936,-3.0789305091990125,0.7249716302170053,0.0,0.0,0.0,1.0,-0.0018542965752065604,-0.11938957041002228,0.0,0.0,0.0,0.0
1690,1786799354,831688984,1786799354.831689,8.29348777198398,-3.0828726811986087,0.7256959837373682,0.0,0.0,0.0,1.0,-0.001022086114014529,-0.1188014729146494,0.0,0.0,0.0,0.0
1691,1786799354,865039301,1786799354.865039,8.293455358099262,-3.086570436565953,0.7256959837373682,0.0,0.0,0.0,1.0,-0.0008280883955718017,-0.11037744614772917,0.0,0.0,0.0,0.0
1692,1786799354,898318237,1786799354.898318,8.293434692137705,-3.0904649105480715,0.7256482262150455,0.0,0.0,0.0,1.0,-0.000568699693248467,-0.12363144067521471,0.0,0.0,0.0,0.0
1693,1786799354,931763350,1786799354.931763,8.293399066355853,-3.0944260086378073,0.725574829067748,0.0,0.0,0.0,1.0,-0.0018733411097403225,-0.11316668103742963,0.0,0.0,0.0,0.0
1694,1786799354,965111708,1786799354.965112,8.293348501900251,-3.0981991773073676,0.725574829067748,0.0,0.0,0.0,1.0,-0.0013421478799556911,-0.11307771203314385,0.0,0.0,0.0,0.0
1695,1786799354,998316467,1786799354.998317,8.293314451204026,-3.1017879955764003,0.7244680233583988,0.0,0.0,0.0,1.0,-0.0012546608819756654,-0.10295828658521472,0.0,0.0,0.0,0.0
1696,1786799355,265014427,1786799355.265014,8.292422815466843,-3.130933374670636,0.7265412706216722,0.0,0.0,0.0,1.0,-0.0055697540305191685,-0.11557582934876186,0.0,0.0,0.0,0.0
1697,1786799355,298353703,1786799355.298354,8.292275408036307,-3.1356558764497633,0.7248987061609861,0.0,0.0,0.0,1.0,-0.0040795607629901705,-0.12568237067343535,0.0,0.0,0.0,0.0
1698,1786799355,398409545,1786799355.398410,8.291840007984515,-3.147951505072947,0.7255658481887335,0.0,0.0,0.0,1.0,-0.0046982740585216455,-0.1200781166394231,0.0,0.0,0.0,0.0
1699,1786799355,498363200,1786799355.498363,8.29133179588051,-3.159775966999122,0.7249745976472183,0.0,0.0,0.0,1.0,-0.0056422828701873755,-0.11648744882438929,0.0,0.0,0.0,0.0
1700,1786799356,198460077,1786799356.198460,8.287381951644324,-3.2412360452452385,0.7258448473848499,0.0,0.0,0.0,1.0,-0.005644089912800482,-0.11648737820429969,0.0,0.0,0.0,0.0
1701,1786799356,265029091,1786799356.265029,8.284786012459275,-3.2479227755733384,0.7277723387221011,0.0,0.0,0.0,1.0,-0.00906500493256085,-0.11468752876935895,0.0,0.0,0.0,0.0
1702,1786799356,431846358,1786799356.431846,8.283339681255647,-3.267021027378142,0.7266461578120196,0.0,0.0,0.0,1.0,-0.008405109399041428,-0.11458085227218318,0.0,0.0,0.0,0.0
1703,1786799356,514975291,1786799356.514975,8.282525056005607,-3.2766191522624526,0.7255991607241066,0.0,0.0,0.0,1.0,-0.010078212359947722,-0.11531760548026526,0.0,0.0,0.0,0.0
1704,1786799356,615000420,1786799356.615000,8.28145424891741,-3.2885049268041397,0.7259770508223756,0.0,0.0,0.0,1.0,-0.0103444364597615,-0.12024048130441985,0.0,0.0,0.0,0.0
1705,1786799356,648462421,1786799356.648463,8.281096353832634,-3.2929381194907545,0.7252893118585239,0.0,0.0,0.0,1.0,-0.010157388972346828,-0.1284189907763304,0.0,0.0,0.0,0.0
1706,1786799356,665019468,1786799356.665020,8.280927486181998,-3.294993983772298,0.7252893118585239,0.0,0.0,0.0,1.0,-0.00987088258689962,-0.11998586714186969,0.0,0.0,0.0,0.0
1707,1786799356,698490626,1786799356.698491,8.280591329384269,-3.2992022527942684,0.7259436481674292,0.0,0.0,0.0,1.0,-0.009404027808338664,-0.12131081474306685,0.0,0.0,0.0,0.0
1708,1786799357,331745211,1786799357.331745,8.274671173405522,-3.375979855410546,0.727615439444013,0.0,0.0,0.0,1.0,-0.009391101968849366,-0.12131187810602964,0.0,0.0,0.0,0.0
1709,1786799357,431809635,1786799357.431810,8.272638427859182,-3.3849244048955622,0.7296913957084706,0.0,0.0,0.0,1.0,-0.011362534691377834,-0.11580619882589298,0.0,0.0,0.0,0.0
1710,1786799357,531773447,1786799357.531773,8.271335571860394,-3.396941534299131,0.7286217638036697,0.0,0.0,0.0,1.0,-0.012925762525527875,-0.11749696699177835,0.0,0.0,0.0,0.0
1711,1786799357,565061804,1786799357.565062,8.270937377101262,-3.4009318082364195,0.7286217638036697,0.0,0.0,0.0,1.0,-0.012300445723639157,-0.11827136987076077,0.0,0.0,0.0,0.0
1712,1786799357,731745212,1786799357.731745,8.26887588367379,-3.4208901527197364,0.7283662004155513,0.0,0.0,0.0,1.0,-0.012780059241812719,-0.120563231828297,0.0,0.0,0.0,0.0
1713,1786799357,898427201,1786799357.898427,8.266523126593377,-3.440964006162246,0.7252783750953972,0.0,0.0,0.0,1.0,-0.015501855094974717,-0.12027905315575663,0.0,0.0,0.0,0.0
1714,1786799357,931747630,1786799357.931748,8.265985773490495,-3.445738788531277,0.7276115868958432,0.0,0.0,0.0,1.0,-0.01553131513287375,-0.13119577244880154,0.0,0.0,0.0,0.0
1715,1786799358,81847092,1786799358.081847,8.263723936630605,-3.4650520368614783,0.7262572417997036,0.0,0.0,0.0,1.0,-0.014847233063983086,-0.12611070588363657,0.0,0.0,0.0,0.0
1716,1786799358,98466125,1786799358.098466,8.263485560358887,-3.467137163745775,0.7262572417997036,0.0,0.0,0.0,1.0,-0.013841580843260521,-0.12482762675100105,0.0,0.0,0.0,0.0
1717,1786799358,298532749,1786799358.298533,8.260547522833544,-3.4925189400465984,0.7271493281644759,0.0,0.0,0.0,1.0,-0.01589094071357121,-0.1288552727502605,0.0,0.0,0.0,0.0
1718,1786799358,331793506,1786799358.331794,8.260020223261648,-3.4967467387614395,0.7259719458397589,0.0,0.0,0.0,1.0,-0.01577081506435416,-0.12639457900806508,0.0,0.0,0.0,0.0
1719,1786799358,498526528,1786799358.498527,8.257294151679769,-3.5180679193766906,0.7257932182225245,0.0,0.0,0.0,1.0,-0.016828096869040098,-0.1276005207775619,0.0,0.0,0.0,0.0
1720,1786799358,565039744,1786799358.565040,8.256180647755077,-3.5264528269029602,0.7280579491173494,0.0,0.0,0.0,1.0,-0.017292775650201105,-0.1281906743936994,0.0,0.0,0.0,0.0
1721,1786799358,598406841,1786799358.598407,8.255618678228998,-3.5306239948972094,0.7266164742035772,0.0,0.0,0.0,1.0,-0.017010370646620143,-0.1259709640351901,0.0,0.0,0.0,0.0
1722,1786799358,648344986,1786799358.648345,8.25480887473864,-3.5366173280092106,0.7284148746733473,0.0,0.0,0.0,1.0,-0.016133328606578956,-0.11920538945500636,0.0,0.0,0.0,0.0
1723,1786799358,681709163,1786799358.681709,8.254223333775371,-3.5409156702790163,0.7290195107706754,0.0,0.0,0.0,1.0,-0.017466659354192948,-0.1278505595496736,0.0,0.0,0.0,0.0
1724,1786799358,748324174,1786799358.748324,8.25310068790284,-3.5489974336728887,0.7275600646170317,0.0,0.0,0.0,1.0,-0.01591234757551432,-0.11483909490612111,0.0,0.0,0.0,0.0
1725,1786799358,998467386,1786799358.998467,8.249178285995995,-3.5790758024260865,0.7267130179385002,0.0,0.0,0.0,1.0,-0.015451522395396697,-0.12564944291445385,0.0,0.0,0.0,0.0
1726,1786799359,298527700,1786799359.298528,8.24446928327136,-3.6180262290761513,0.7282404683658454,0.0,0.0,0.0,1.0,-0.015614776122208617,-0.130491126937754,0.0,0.0,0.0,0.0
1727,1786799359,331796437,1786799359.331796,8.243783519306984,-3.622140271964919,0.7282514363681399,0.0,0.0,0.0,1.0,-0.017827649563022543,-0.12882508911785107,0.0,0.0,0.0,0.0
1728,1786799359,365106279,1786799359.365106,8.243125605002366,-3.6264637278081313,0.7282514363681399,0.0,0.0,0.0,1.0,-0.019211204936252516,-0.1291216143852159,0.0,0.0,0.0,0.0
1729,1786799359,431805094,1786799359.431805,8.241865769610602,-3.635166856995875,0.7290019145469246,0.0,0.0,0.0,1.0,-0.018448074342593435,-0.13074258531413252,0.0,0.0,0.0,0.0
1730,1786799359,898607369,1786799359.898607,8.233817583548216,-3.6956717849980123,0.7230610892813635,0.0,0.0,0.0,1.0,-0.015962408431024887,-0.1279303834293184,0.0,0.0,0.0,0.0
1731,1786799360,31816718,1786799360.031817,8.23173510005233,-3.712376627914031,0.7247498019479365,0.0,0.0,0.0,1.0,-0.016001232938002333,-0.1262816556378816,0.0,0.0,0.0,0.0
1732,1786799360,281793252,1786799360.281793,8.227492615461937,-3.7437950268572844,0.7247996652871336,0.0,0.0,0.0,1.0,-0.018405715561827872,-0.12513699420157062,0.0,0.0,0.0,0.0
1733,1786799360,631779939,1786799360.631780,8.220631991727117,-3.7879165187253365,0.7255473659035216,0.0,0.0,0.0,1.0,-0.02097541272079393,-0.1266849994246321,0.0,0.0,0.0,0.0
1734,1786799361,31773658,1786799361.031774,8.212644922616342,-3.8391791907080517,0.7268392514381559,0.0,0.0,0.0,1.0,-0.019006133972886974,-0.12930088559817143,0.0,0.0,0.0,0.0
1735,1786799361,331808699,1786799361.331809,8.207092790822088,-3.87634190930266,0.7270116012505987,0.0,0.0,0.0,1.0,-0.01825968800791654,-0.12021898699108019,0.0,0.0,0.0,0.0
1736,1786799361,365100102,1786799361.365100,8.206477194464998,-3.8805195540385844,0.7270116012505987,0.0,0.0,0.0,1.0,-0.017593392631014833,-0.12215824301098992,0.0,0.0,0.0,0.0
1737,1786799361,431744872,1786799361.431745,8.20531742865812,-3.888831435315788,0.7277994102110109,0.0,0.0,0.0,1.0,-0.016363637859016077,-0.12477688512205933,0.0,0.0,0.0,0.0
1738,1786799361,598486594,1786799361.598487,8.202527521456005,-3.9098689090669483,0.7278847503518214,0.0,0.0,0.0,1.0,-0.016865208824753466,-0.1264683853644988,0.0,0.0,0.0,0.0
1739,1786799361,765131836,1786799361.765132,8.199681814340469,-3.9310537953462905,0.7279437080069736,0.0,0.0,0.0,1.0,-0.016757768663800778,-0.12839331734830312,0.0,0.0,0.0,0.0
1740,1786799361,965177240,1786799361.965177,8.196411927369557,-3.9567852017943315,0.7283669795141401,0.0,0.0,0.0,1.0,-0.015611933632721037,-0.12885290543499608,0.0,0.0,0.0,0.0
1741,1786799362,165181149,1786799362.165181,8.193006544041435,-3.982656659797199,0.7258987828523633,0.0,0.0,0.0,1.0,-0.01808190667783515,-0.1296407851620731,0.0,0.0,0.0,0.0
1742,1786799362,198458584,1786799362.198459,8.19236766826187,-3.987041601420848,0.7255614144561985,0.0,0.0,0.0,1.0,-0.01879297694760698,-0.13057879515997847,0.0,0.0,0.0,0.0
1743,1786799362,365167513,1786799362.365168,8.189490987372736,-4.0084965628279,0.725408187054506,0.0,0.0,0.0,1.0,-0.016351254351260364,-0.12739090850389173,0.0,0.0,0.0,0.0
1744,1786799362,465124525,1786799362.465125,8.18800639562697,-4.021003917199155,0.7257893387856867,0.0,0.0,0.0,1.0,-0.014348940259483429,-0.12448169469739576,0.0,0.0,0.0,0.0
1745,1786799362,831850625,1786799362.831851,8.182150941657241,-4.06675340893347,0.7260140179324697,0.0,0.0,0.0,1.0,-0.017776026531037638,-0.1249181242868906,0.0,0.0,0.0,0.0
1746,1786799363,98456992,1786799363.098457,8.177270206758621,-4.100583986096366,0.7269176258126862,0.0,0.0,0.0,1.0,-0.018911566154753843,-0.12801074450730782,0.0,0.0,0.0,0.0
1747,1786799363,331841485,1786799363.331841,8.173036899404327,-4.130776648934479,0.7270400341797255,0.0,0.0,0.0,1.0,-0.017463349775583416,-0.13017687766014172,0.0,0.0,0.0,0.0
1748,1786799363,698639725,1786799363.698640,8.166492161072355,-4.177453755987598,0.7276605204983806,0.0,0.0,0.0,1.0,-0.01820289294679101,-0.12420550615577672,0.0,0.0,0.0,0.0
1749,1786799363,798526990,1786799363.798527,8.164836431623328,-4.1897820484744965,0.7281446596736564,0.0,0.0,0.0,1.0,-0.015219080450823121,-0.12446195723338585,0.0,0.0,0.0,0.0
1750,1786799363,898553444,1786799363.898553,8.163268242013785,-4.2022366999181315,0.7291201724970161,0.0,0.0,0.0,1.0,-0.015583802065884446,-0.12530836603698972,0.0,0.0,0.0,0.0
1751,1786799363,931922928,1786799363.931923,8.162752462569781,-4.206460223740123,0.7292146882443261,0.0,0.0,0.0,1.0,-0.014962451401643416,-0.125438854871012,0.0,0.0,0.0,0.0
1752,1786799363,998546380,1786799363.998546,8.161789688093783,-4.214883527801102,0.7257726120567881,0.0,0.0,0.0,1.0,-0.013663676627646877,-0.12753230146778896,0.0,0.0,0.0,0.0
1753,1786799364,98526946,1786799364.098527,8.160291339344262,-4.2280923624826166,0.7273593284377333,0.0,0.0,0.0,1.0,-0.015642555552177757,-0.13432310158472624,0.0,0.0,0.0,0.0
1754,1786799364,231841723,1786799364.231842,8.158195631814465,-4.245519494966546,0.7280793425787626,0.0,0.0,0.0,1.0,-0.01579754620790733,-0.12877845712839614,0.0,0.0,0.0,0.0
1755,1786799364,431879159,1786799364.431879,8.15505550081011,-4.2715053446980455,0.7259780349412048,0.0,0.0,0.0,1.0,-0.015596536665567897,-0.1306785489615024,0.0,0.0,0.0,0.0
1756,1786799364,531893584,1786799364.531893,8.153465466602405,-4.2845914021951454,0.7294216427366033,0.0,0.0,0.0,1.0,-0.015961641503008203,-0.13088144903862087,0.0,0.0,0.0,0.0
1757,1786799364,631845173,1786799364.631845,8.151772482331644,-4.297650348962073,0.7238218097819986,0.0,0.0,0.0,1.0,-0.01783480094262498,-0.13049145501132475,0.0,0.0,0.0,0.0
1758,1786799364,831918339,1786799364.831918,8.148430081755453,-4.323546572216163,0.7244160353924248,0.0,0.0,0.0,1.0,-0.015784057710378642,-0.12869087828075598,0.0,0.0,0.0,0.0
1759,1786799365,31897901,1786799365.031898,8.145246684632287,-4.348616647444839,0.7244098675332087,0.0,0.0,0.0,1.0,-0.01623050415226765,-0.12327003927390624,0.0,0.0,0.0,0.0
1760,1786799365,165192492,1786799365.165193,8.143225477847519,-4.365537917904965,0.729780048528294,0.0,0.0,0.0,1.0,-0.014422832092125693,-0.1283500479378795,0.0,0.0,0.0,0.0
1761,1786799365,331878462,1786799365.331878,8.1406339389989,-4.386964557686416,0.7265490853559214,0.0,0.0,0.0,1.0,-0.0167441164485767,-0.12857293161462172,0.0,0.0,0.0,0.0
1762,1786799365,365212665,1786799365.365213,8.140092270434298,-4.391301895255333,0.7265490853559214,0.0,0.0,0.0,1.0,-0.01711900671015407,-0.12918792216391697,0.0,0.0,0.0,0.0
1763,1786799365,598520875,1786799365.598521,8.136151463638068,-4.421764942462421,0.726362579328765,0.0,0.0,0.0,1.0,-0.016884540998844094,-0.13160657024545172,0.0,0.0,0.0,0.0
1764,1786799365,798607543,1786799365.798608,8.132838317092475,-4.447770731542896,0.7256320105320655,0.0,0.0,0.0,1.0,-0.01652228230031269,-0.1290244267700636,0.0,0.0,0.0,0.0
1765,1786799366,365311472,1786799366.365311,8.124499427742919,-4.518315749808874,0.7261575166006794,0.0,0.0,0.0,1.0,-0.013028692387937567,-0.12025178798308508,0.0,0.0,0.0,0.0
1766,1786799366,431881096,1786799366.431881,8.12351199061871,-4.5271008067419665,0.7257535877801977,0.0,0.0,0.0,1.0,-0.0147064997889003,-0.12660957550731367,0.0,0.0,0.0,0.0
1767,1786799366,465318805,1786799366.465319,8.123026834265826,-4.53130554319213,0.7257535877801977,0.0,0.0,0.0,1.0,-0.014509168644308573,-0.12621212970683168,0.0,0.0,0.0,0.0
1768,1786799366,631917980,1786799366.631918,8.120664568447992,-4.552506462550763,0.7248614895281776,0.0,0.0,0.0,1.0,-0.01403361631959858,-0.12796016039683838,0.0,0.0,0.0,0.0
1769,1786799367,165243875,1786799367.165244,8.112663595615576,-4.621072033245165,0.728353848809058,0.0,0.0,0.0,1.0,-0.016000368726262926,-0.12910690530949132,0.0,0.0,0.0,0.0
1770,1786799367,398713478,1786799367.398714,8.10907623642607,-4.650027265280345,0.7277776375088729,0.0,0.0,0.0,1.0,-0.015383429527601068,-0.12116565773617155,0.0,0.0,0.0,0.0
1771,1786799367,632010067,1786799367.632010,8.105388582660765,-4.679191652965159,0.7271867629754256,0.0,0.0,0.0,1.0,-0.016419497919726668,-0.12758331721271338,0.0,0.0,0.0,0.0
1772,1786799367,831875281,1786799367.831875,8.1020566782124,-4.704900118783101,0.72756489709997,0.0,0.0,0.0,1.0,-0.01731173367064836,-0.12911014204978535,0.0,0.0,0.0,0.0
1773,1786799367,965327563,1786799367.965328,8.099717210094653,-4.722345913782405,0.7292440992556022,0.0,0.0,0.0,1.0,-0.018613757136204244,-0.13111388061857898,0.0,0.0,0.0,0.0
1774,1786799368,765373732,1786799368.765374,8.084975896409901,-4.826725198306785,0.7242129983401236,0.0,0.0,0.0,1.0,-0.018587985970354153,-0.13111730791628187,0.0,0.0,0.0,0.0
1775,1786799368,998706261,1786799368.998706,8.082668740837804,-4.857980145468682,0.7284282646637487,0.0,0.0,0.0,1.0,-0.014352273499522655,-0.1313904583833062,0.0,0.0,0.0,0.0
1776,1786799369,298684117,1786799369.298684,8.078261526329044,-4.896710804497195,0.7254424073614838,0.0,0.0,0.0,1.0,-0.015382219122709977,-0.12798071681977322,0.0,0.0,0.0,0.0
1777,1786799369,398599302,1786799369.398599,8.077042853894415,-4.9092788296609555,0.7261129327820519,0.0,0.0,0.0,1.0,-0.011356921937930729,-0.12583312892839654,0.0,0.0,0.0,0.0
1778,1786799369,465289612,1786799369.465290,8.076277503455028,-4.917475219958114,0.7282804836572858,0.0,0.0,0.0,1.0,-0.013022507297039155,-0.12260954267787692,0.0,0.0,0.0,0.0
1779,1786799369,498658400,1786799369.498658,8.075851490700352,-4.921969013439083,0.7269752508864529,0.0,0.0,0.0,1.0,-0.013607058492151667,-0.12743380001132631,0.0,0.0,0.0,0.0
1780,1786799369,665358262,1786799369.665358,8.073536588192582,-4.943432138934765,0.724928621551676,0.0,0.0,0.0,1.0,-0.018550616988483426,-0.1307113161082729,0.0,0.0,0.0,0.0
1781,1786799369,965369172,1786799369.965369,8.066976522137487,-4.980151601785721,0.7255207575178264,0.0,0.0,0.0,1.0,-0.02518520484887944,-0.1172038275953672,0.0,0.0,0.0,0.0
1782,1786799370,65263128,1786799370.065263,8.064148901913917,-4.996452444358782,0.7254200271745034,0.0,0.0,0.0,1.0,-0.025713442024586523,-0.13559332792280124,0.0,0.0,0.0,0.0
1783,1786799370,98715080,1786799370.098715,8.063006655695663,-5.002802568964308,0.7243362511450535,0.0,0.0,0.0,1.0,-0.026643898109208097,-0.14238316270225496,0.0,0.0,0.0,0.0
1784,1786799370,131985453,1786799370.131985,8.062375387927549,-5.007265315031092,0.7221132698459398,0.0,0.0,0.0,1.0,-0.025671221940661102,-0.14168271689107834,0.0,0.0,0.0,0.0
1785,1786799370,298767440,1786799370.298767,8.057521863556506,-5.030354649834992,0.7238143144303726,0.0,0.0,0.0,1.0,-0.03001794706221047,-0.13881427689295744,0.0,0.0,0.0,0.0
1786,1786799370,332123254,1786799370.332123,8.056486994939888,-5.036565215871444,0.7251618085725675,0.0,0.0,0.0,1.0,-0.02961961032375421,-0.1461752467154402,0.0,0.0,0.0,0.0
1787,1786799370,698738838,1786799370.698739,8.04437284067139,-5.086934315861875,0.7220999410138637,0.0,0.0,0.0,1.0,-0.036527908495645876,-0.13441194907843027,0.0,0.0,0.0,0.0
1788,1786799370,832043395,1786799370.832043,8.039710284553287,-5.104371197207131,0.7253813178282597,0.0,0.0,0.0,1.0,-0.036115481647003705,-0.13280136369808507,0.0,0.0,0.0,0.0
1789,1786799371,198737106,1786799371.198737,8.021570724425285,-5.145103576534593,0.7264758471188417,0.0,0.0,0.0,1.0,-0.05496171594981546,-0.10868583850221757,0.0,0.0,0.0,0.0
1790,1786799371,298736331,1786799371.298736,8.016008767391313,-5.1568626592125195,0.7223166088961442,0.0,0.0,0.0,1.0,-0.058154129075446585,-0.12649142709659594,0.0,0.0,0.0,0.0
1791,1786799371,431974926,1786799371.431975,8.008570574627935,-5.174066864215952,0.7224404126951961,0.0,0.0,0.0,1.0,-0.05446939133947937,-0.13152692711977854,0.0,0.0,0.0,0.0
1792,1786799371,965375604,1786799371.965376,7.9813361154287925,-5.240869808853473,0.7198608470685287,0.0,0.0,0.0,1.0,-0.054310222184837297,-0.13160006710425645,0.0,0.0,0.0,0.0
1793,1786799372,31988106,1786799372.031988,7.962644572090934,-5.248423985662356,0.7223000505284922,0.0,0.0,0.0,1.0,-0.08111798680596843,-0.12239724290247854,0.0,0.0,0.0,0.0
1794,1786799372,65386490,1786799372.065387,7.95575537615262,-5.255844018296694,0.7223000505284922,0.0,0.0,0.0,1.0,-0.0891815708856334,-0.1290156935685819,0.0,0.0,0.0,0.0
1795,1786799372,465392521,1786799372.465393,7.927291365586942,-5.302406399477091,0.7239130370803689,0.0,0.0,0.0,1.0,-0.07262626013661352,-0.11955401017163135,0.0,0.0,0.0,0.0
1796,1786799372,531941725,1786799372.531942,7.921739142025551,-5.31001038177796,0.7220323880519561,0.0,0.0,0.0,1.0,-0.09887179343437852,-0.1070200269694837,0.0,0.0,0.0,0.0
1797,1786799372,832010783,1786799372.832011,7.8976049219167805,-5.340399265006836,0.7249025768727759,0.0,0.0,0.0,1.0,-0.06312934817039635,-0.09535465808344619,0.0,0.0,0.0,0.0
1798,1786799373,332025187,1786799373.332025,7.862258385478938,-5.350608961214926,0.7263170153030355,0.0,0.0,0.0,1.0,-0.07146739427447521,-0.016613330054049524,0.0,0.0,0.0,0.0
1799,1786799373,565446402,1786799373.565446,7.832286032245936,-5.367332986373672,0.7289115485550269,0.0,0.0,0.0,1.0,-0.09522321017250719,-0.037180958124910485,0.0,0.0,0.0,0.0
1800,1786799373,998722505,1786799373.998723,7.7941343599116735,-5.37719389671685,0.728529936222257,0.0,0.0,0.0,1.0,-0.08414471677113433,-0.015052329695210594,0.0,0.0,0.0,0.0
1801,1786799374,432045909,1786799374.432046,7.590403348351437,-5.669858152592632,0.7249810997553893,0.0,0.0,0.0,1.0,-0.08563597173020761,-0.018223114333157132,0.0,0.0,0.0,0.0
1802,1786799374,532032225,1786799374.532032,7.544314096555212,-5.672961275373403,0.725026830533206,0.0,0.0,0.0,1.0,-0.10748366552208993,-0.022238936985462913,0.0,0.0,0.0,0.0
1803,1786799375,32056694,1786799375.032057,7.111737382391109,-5.521557461007681,0.7253887958745193,0.0,0.0,0.0,1.0,-0.08962732484288949,0.02015597197014843,0.0,0.0,0.0,0.0
1804,1786799375,332111655,1786799375.332112,6.93290193561608,-5.476463319502789,0.7237815219452173,0.0,0.0,0.0,1.0,-0.11270228004039558,0.016768818064191088,0.0,0.0,0.0,0.0
1805,1786799375,498796766,1786799375.498797,6.879975694322166,-5.497142950111507,0.7255154624748151,0.0,0.0,0.0,1.0,-0.15201253147809013,0.012803073891684433,0.0,0.0,0.0,0.0
1806,1786799376,32178003,1786799376.032178,6.79391671097758,-5.463617325197628,0.7248901438962946,0.0,0.0,0.0,1.0,-0.08912470262431829,0.005408658494272573,0.0,0.0,0.0,0.0
1807,1786799376,132071943,1786799376.132072,6.781383868106317,-5.461366240815239,0.7214523347584892,0.0,0.0,0.0,1.0,-0.1616485106676841,0.03939719108955136,0.0,0.0,0.0,0.0
1808,1786799376,198731976,1786799376.198732,6.666779038082051,-5.448501428761111,0.723154868853277,0.0,0.0,0.0,1.0,-0.18586092762321532,0.0547006148102232,0.0,0.0,0.0,0.0
1809,1786799376,465435825,1786799376.465436,6.608010425825579,-5.458265066479988,0.7228749467867938,0.0,0.0,0.0,1.0,-0.14037004808873088,0.057383644584089344,0.0,0.0,0.0,0.0
1810,1786799376,498799805,1786799376.498800,6.595791122660678,-5.455447791408915,0.72275744760069,0.0,0.0,0.0,1.0,-0.17096862766440676,0.0695732683027347,0.0,0.0,0.0,0.0
1811,1786799376,901208058,1786799376.901208,6.582843626464545,-5.466823864862542,0.7223730103581072,0.0,0.0,0.0,1.0,-0.09301244670245506,0.07117529337791488,0.0,0.0,0.0,0.0
1812,1786799377,65432203,1786799377.065432,6.572960193343082,-5.442944612129869,0.7238299449108875,0.0,0.0,0.0,1.0,-0.12162374396745994,0.09044560028551801,0.0,0.0,0.0,0.0
1813,1786799377,98726973,1786799377.098727,6.5658236692456065,-5.450470853757366,0.7203793710678529,0.0,0.0,0.0,1.0,-0.18466564165497484,0.11233404806904171,0.0,0.0,0.0,0.0
1814,1786799377,132107576,1786799377.132107,6.5590029435517,-5.450568077315877,0.7242218012943963,0.0,0.0,0.0,1.0,-0.16954413163253856,0.10708554129018157,0.0,0.0,0.0,0.0
1815,1786799377,965361337,1786799377.965361,6.903805820642351,-5.155449572063931,0.7262239632115353,0.0,0.0,0.0,1.0,0.5233373701715138,0.4055774390621708,0.0,0.0,0.0,0.0
1816,1786799378,165469243,1786799378.165469,6.708775556938495,-5.226584302064169,0.727811917965807,0.0,0.0,0.0,1.0,-0.10839168967298679,0.10639965968261916,0.0,0.0,0.0,0.0
1817,1786799378,198774949,1786799378.198775,6.697398548496718,-5.2207190377732555,0.7251279898416219,0.0,0.0,0.0,1.0,-0.10646945590474306,0.10848740758548489,0.0,0.0,0.0,0.0
1818,1786799378,398747957,1786799378.398748,6.631495429869158,-5.217246592103887,0.724708465407144,0.0,0.0,0.0,1.0,-0.11295876149295854,0.09828440791904791,0.0,0.0,0.0,0.0
1819,1786799378,532141634,1786799378.532142,6.598542421764993,-5.213511443804853,0.7254259839840748,0.0,0.0,0.0,1.0,-0.11596961769671689,0.09761957821541323,0.0,0.0,0.0,0.0
1820,1786799378,565433968,1786799378.565434,6.58960389636114,-5.210997850970411,0.7254259839840748,0.0,0.0,0.0,1.0,-0.11624742598042295,0.10406805196561214,0.0,0.0,0.0,0.0
1821,1786799379,46663,1786799379.000047,6.537636321201603,-5.172113850966655,0.7246719202299555,0.0,0.0,0.0,1.0,-0.10935049727439827,0.08503031594804716,0.0,0.0,0.0,0.0
1822,1786799379,232264326,1786799379.232264,6.519395023523074,-5.152554387989751,0.7256465937868628,0.0,0.0,0.0,1.0,-0.09261262054316177,0.07685502691103095,0.0,0.0,0.0,0.0
1823,1786799379,465579964,1786799379.465580,6.500793518031742,-5.1338076183278485,0.7255675531519349,0.0,0.0,0.0,1.0,-0.08052413782403796,0.07600232729851801,0.0,0.0,0.0,0.0
1824,1786799379,865441728,1786799379.865442,6.377381998970019,-5.184041804792099,0.7239858166773823,0.0,0.0,0.0,1.0,-0.08034533924891374,0.07430543736395545,0.0,0.0,0.0,0.0
1825,1786799379,898776643,1786799379.898777,6.375086448407856,-5.18135252782511,0.7224843866690216,0.0,0.0,0.0,1.0,-0.0925712607353968,0.06280786476016213,0.0,0.0,0.0,0.0
1826,1786799379,932103467,1786799379.932103,6.3722463946539065,-5.178834767444079,0.7258988595005216,0.0,0.0,0.0,1.0,-0.101506993663613,0.07202968818481832,0.0,0.0,0.0,0.0
1827,1786799379,965518204,1786799379.965518,6.3628503790935085,-5.1602085948206495,0.7258988595005216,0.0,0.0,0.0,1.0,-0.11058491943051672,0.07861345216054298,0.0,0.0,0.0,0.0
1828,1786799379,998881234,1786799379.998881,6.365218547945393,-5.144575634351091,0.7257158803642745,0.0,0.0,0.0,1.0,-0.10082462494867717,0.0723995880369715,0.0,0.0,0.0,0.0
1829,1786799380,198815401,1786799380.198815,6.35967797817694,-5.119123634469036,0.7283242172950416,0.0,0.0,0.0,1.0,-0.10287902099411593,0.07278335171626413,0.0,0.0,0.0,0.0
1830,1786799380,232157361,1786799380.232157,6.35651501435267,-5.116479575829283,0.726515853592956,0.0,0.0,0.0,1.0,-0.10410987470615324,0.0742129022446228,0.0,0.0,0.0,0.0
1831,1786799380,265534125,1786799380.265534,6.352315776851778,-5.100372342824985,0.726515853592956,0.0,0.0,0.0,1.0,-0.10251829709836684,0.0684744794328759,0.0,0.0,0.0,0.0
1832,1786799380,465580920,1786799380.465581,6.359032698277385,-5.085657719527218,0.7259488900443354,0.0,0.0,0.0,1.0,-0.1019936685839706,0.06445770642596757,0.0,0.0,0.0,0.0
1833,1786799380,565491775,1786799380.565492,6.347892668104127,-5.079589693953698,0.7245589882705121,0.0,0.0,0.0,1.0,-0.10509617640428966,0.0650866165850984,0.0,0.0,0.0,0.0
1834,1786799380,932267728,1786799380.932268,6.296180256075456,-5.048267382794984,0.7243798135775632,0.0,0.0,0.0,1.0,-0.11840838138074941,0.06266412109362031,0.0,0.0,0.0,0.0
1835,1786799380,965501516,1786799380.965502,6.304336618160075,-5.051073524220068,0.7243798135775632,0.0,0.0,0.0,1.0,-0.11909489380164051,0.06368000084736318,0.0,0.0,0.0,0.0
1836,1786799381,98846388,1786799381.098846,6.293303740127445,-5.0462829501399735,0.7265360212589664,0.0,0.0,0.0,1.0,-0.12002378269783817,0.06280494301823879,0.0,0.0,0.0,0.0
1837,1786799381,132174103,1786799381.132174,6.28720313896822,-5.048426204973854,0.7246323404915089,0.0,0.0,0.0,1.0,-0.12044473403449804,0.06154116344794924,0.0,0.0,0.0,0.0
1838,1786799381,198921921,1786799381.198922,6.280926481267702,-5.044768557980417,0.7235698040024098,0.0,0.0,0.0,1.0,-0.12155574300115084,0.0600227764367823,0.0,0.0,0.0,0.0
1839,1786799381,232173662,1786799381.232174,6.275524544849969,-5.0432550632536195,0.7242894670139585,0.0,0.0,0.0,1.0,-0.12287076968880216,0.05909504065889935,0.0,0.0,0.0,0.0
1840,1786799381,265524965,1786799381.265525,6.27153056494809,-5.0417382035500395,0.7242894670139585,0.0,0.0,0.0,1.0,-0.11291513013688184,0.05452113676150674,0.0,0.0,0.0,0.0
1841,1786799381,432232851,1786799381.432233,6.251356832816171,-5.0322732625426605,0.7277662913596271,0.0,0.0,0.0,1.0,-0.12382690195727256,0.05600942823387943,0.0,0.0,0.0,0.0
1842,1786799381,465550574,1786799381.465551,6.2478724078348655,-5.029883017055781,0.7277662913596271,0.0,0.0,0.0,1.0,-0.13538199249464541,0.05962801212936595,0.0,0.0,0.0,0.0
1843,1786799381,498850808,1786799381.498851,6.2378478263255275,-5.036649272065157,0.7234724920294024,0.0,0.0,0.0,1.0,-0.12347316395714207,0.05886420702413012,0.0,0.0,0.0,0.0
1844,1786799381,532264774,1786799381.532265,6.23311770334487,-5.03831823764515,0.7252053422233308,0.0,0.0,0.0,1.0,-0.12276113444997139,0.05437979900752938,0.0,0.0,0.0,0.0
1845,1786799381,932187233,1786799381.932187,6.172582509745489,-5.030137017962858,0.7243876251491403,0.0,0.0,0.0,1.0,-0.11202883246024686,0.04723340536962915,0.0,0.0,0.0,0.0
1846,1786799382,32251401,1786799382.032251,6.157344697045321,-5.028000464398067,0.7222817958047022,0.0,0.0,0.0,1.0,-0.11888189968714477,0.048421575483130315,0.0,0.0,0.0,0.0
1847,1786799382,65637898,1786799382.065638,6.154791769625085,-5.02278715135935,0.7222817958047022,0.0,0.0,0.0,1.0,-0.11228993502540142,0.044026085436596724,0.0,0.0,0.0,0.0
1848,1786799382,165518369,1786799382.165518,6.143148377161779,-5.016330445094124,0.7220250348395973,0.0,0.0,0.0,1.0,-0.12484541576224681,0.04972585343899944,0.0,0.0,0.0,0.0
1849,1786799382,198898896,1786799382.198899,6.139010569822737,-5.0147398468312145,0.7224122854553715,0.0,0.0,0.0,1.0,-0.12307290527044565,0.04557976309911434,0.0,0.0,0.0,0.0
1850,1786799382,232214329,1786799382.232214,6.13625466796174,-5.0126368781271555,0.723198774105315,0.0,0.0,0.0,1.0,-0.10962827917091764,0.04026539447408931,0.0,0.0,0.0,0.0
1851,1786799382,265656896,1786799382.265657,6.133535992655251,-5.01157825418026,0.723198774105315,0.0,0.0,0.0,1.0,-0.13323086682683555,0.04807546051410652,0.0,0.0,0.0,0.0
1852,1786799382,298838648,1786799382.298839,6.129800221261924,-5.009644123573006,0.7280394107072318,0.0,0.0,0.0,1.0,-0.12376091553821209,0.0468232100272217,0.0,0.0,0.0,0.0
1853,1786799382,332202637,1786799382.332203,6.124120337820223,-5.006329747854604,0.726521706914305,0.0,0.0,0.0,1.0,-0.11912725745125269,0.04127591955396549,0.0,0.0,0.0,0.0
1854,1786799382,365533577,1786799382.365534,6.123703484368487,-5.005234292836247,0.726521706914305,0.0,0.0,0.0,1.0,-0.10878158842692211,0.03832153207364733,0.0,0.0,0.0,0.0
1855,1786799382,565564110,1786799382.565564,6.099866861959335,-4.9907283981137835,0.724806287119934,0.0,0.0,0.0,1.0,-0.12223870247799444,0.04440025040138865,0.0,0.0,0.0,0.0
1856,1786799382,798889516,1786799382.798889,6.074789517871157,-4.983510095348809,0.7253148447334407,0.0,0.0,0.0,1.0,-0.12074967456550209,0.04034693650737682,0.0,0.0,0.0,0.0
1857,1786799382,898910028,1786799382.898910,6.062860391301527,-4.977499034599891,0.7281486548774552,0.0,0.0,0.0,1.0,-0.11282390559476631,0.03936583511034576,0.0,0.0,0.0,0.0
1858,1786799383,98860258,1786799383.098860,6.04019625638896,-4.974540864599592,0.7286614719680515,0.0,0.0,0.0,1.0,-0.1077992789174273,0.036230225936949315,0.0,0.0,0.0,0.0
1859,1786799383,132234534,1786799383.132235,6.035671324190364,-4.972756815150116,0.7271461968101588,0.0,0.0,0.0,1.0,-0.11877684034701226,0.04087034424639637,0.0,0.0,0.0,0.0
1860,1786799383,165678792,1786799383.165679,6.0318572460108015,-4.9727273450923235,0.7271461968101588,0.0,0.0,0.0,1.0,-0.11530803010914582,0.0355568526203285,0.0,0.0,0.0,0.0
1861,1786799383,298911703,1786799383.298912,6.019720961948497,-4.965690173218935,0.7260173875205155,0.0,0.0,0.0,1.0,-0.11473522018276093,0.03821424004603251,0.0,0.0,0.0,0.0
1862,1786799383,398859187,1786799383.398859,6.0149799280962775,-4.959840561726461,0.7245601379135217,0.0,0.0,0.0,1.0,-0.1178038921543669,0.03530545073806836,0.0,0.0,0.0,0.0
1863,1786799383,465672313,1786799383.465672,6.010074548339048,-4.9605040728504415,0.7264575567742592,0.0,0.0,0.0,1.0,-0.10903278744491982,0.03568029098522118,0.0,0.0,0.0,0.0
1864,1786799383,498927722,1786799383.498928,6.009003819556668,-4.959236594602846,0.7253549528639255,0.0,0.0,0.0,1.0,-0.13102672534710486,0.04029745260061237,0.0,0.0,0.0,0.0
1865,1786799384,365600144,1786799384.365600,5.911345064196446,-4.95003734261667,0.7245099879334792,0.0,0.0,0.0,1.0,-0.1151096992611218,0.01086141838554464,0.0,0.0,0.0,0.0
1866,1786799384,432245111,1786799384.432245,5.897764999009947,-4.934481747026758,0.7236015217206501,0.0,0.0,0.0,1.0,-0.12848704923859378,0.04136436278465458,0.0,0.0,0.0,0.0
1867,1786799384,465641166,1786799384.465641,5.894813189504237,-4.933662139278604,0.7236015217206501,0.0,0.0,0.0,1.0,-0.13227701952063897,0.04242038081851969,0.0,0.0,0.0,0.0
1868,1786799384,498963222,1786799384.498963,5.889773716094062,-4.930770394446822,0.7221210612069575,0.0,0.0,0.0,1.0,-0.13602428703708386,0.04385645370371619,0.0,0.0,0.0,0.0
1869,1786799385,132361338,1786799385.132361,5.810739224740068,-4.9022599545208365,0.7227134555293996,0.0,0.0,0.0,1.0,-0.10915378578589316,0.04374886750433748,0.0,0.0,0.0,0.0
1870,1786799385,165704143,1786799385.165704,5.805665361553789,-4.902380731821691,0.7227134555293996,0.0,0.0,0.0,1.0,-0.1251048115362126,0.04232381852413798,0.0,0.0,0.0,0.0
1871,1786799385,198934201,1786799385.198934,5.804247093505097,-4.899811741911529,0.7244288070993321,0.0,0.0,0.0,1.0,-0.11359817975545557,0.04064150257019178,0.0,0.0,0.0,0.0
1872,1786799385,232390385,1786799385.232390,5.800600305816431,-4.899030195340369,0.7237649110700275,0.0,0.0,0.0,1.0,-0.11693573660220205,0.03993318266468483,0.0,0.0,0.0,0.0
1873,1786799385,265662533,1786799385.265662,5.799149599292292,-4.8975727083208245,0.7237649110700275,0.0,0.0,0.0,1.0,-0.11528932669283362,0.040695806411751995,0.0,0.0,0.0,0.0
1874,1786799385,298949446,1786799385.298949,5.79514341355214,-4.896234817073565,0.7238378558125089,0.0,0.0,0.0,1.0,-0.10822641154981599,0.036172418031410254,0.0,0.0,0.0,0.0
1875,1786799385,465674293,1786799385.465674,5.787512686568636,-4.89289412274236,0.7241718827467427,0.0,0.0,0.0,1.0,-0.10998298292217638,0.04396362979653318,0.0,0.0,0.0,0.0
1876,1786799385,498944090,1786799385.498944,5.786491802783154,-4.891169741883096,0.7258044609572933,0.0,0.0,0.0,1.0,-0.10687383592885578,0.042220066077914134,0.0,0.0,0.0,0.0
1877,1786799385,532261593,1786799385.532262,5.783096536776696,-4.891378897529253,0.7246623108963526,0.0,0.0,0.0,1.0,-0.10814639523451555,0.038467612204041206,0.0,0.0,0.0,0.0
1878,1786799385,899017048,1786799385.899017,5.743682093612627,-4.876728032049684,0.7303374165291147,0.0,0.0,0.0,1.0,-0.10965684734024136,0.04176444154382585,0.0,0.0,0.0,0.0
1879,1786799385,932290186,1786799385.932290,5.7400420943722,-4.875753278365428,0.728037550601124,0.0,0.0,0.0,1.0,-0.11097292008841474,0.03708421248824313,0.0,0.0,0.0,0.0
1880,1786799385,965587383,1786799385.965587,5.735213053920475,-4.873493582271521,0.7303921622846246,0.0,0.0,0.0,1.0,-0.11309853147329728,0.04212379752770992,0.0,0.0,0.0,0.0
1881,1786799385,999007428,1786799385.999007,5.732500609579944,-4.872236608753328,0.7303921622846246,0.0,0.0,0.0,1.0,-0.11083526639963306,0.04239277150231476,0.0,0.0,0.0,0.0
1882,1786799386,432297245,1786799386.432297,5.6804229440829666,-4.854113906264779,0.7275416957859772,0.0,0.0,0.0,1.0,-0.114885123399281,0.04266958408858839,0.0,0.0,0.0,0.0
1883,1786799386,899143089,1786799386.899143,5.6233684287873515,-4.834166231391292,0.7255294368886142,0.0,0.0,0.0,1.0,-0.11677660357281003,0.04561210768962933,0.0,0.0,0.0,0.0
1884,1786799387,65680258,1786799387.065680,5.603227937837527,-4.82619306168205,0.7252147983127457,0.0,0.0,0.0,1.0,-0.11679816423862512,0.04880847202371231,0.0,0.0,0.0,0.0
1885,1786799387,532435085,1786799387.532435,5.546151347689797,-4.802354916617146,0.7259151006362503,0.0,0.0,0.0,1.0,-0.11622955727474912,0.05078903493204407,0.0,0.0,0.0,0.0
1886,1786799387,599025173,1786799387.599025,5.536113654414667,-4.798665595572627,0.7253488401989816,0.0,0.0,0.0,1.0,-0.12443449741344657,0.05428048995375846,0.0,0.0,0.0,0.0
1887,1786799387,932305543,1786799387.932306,5.496306787217765,-4.770075973770284,0.7247530190729875,0.0,0.0,0.0,1.0,-0.12386669935568007,0.05526056462427763,0.0,0.0,0.0,0.0
1888,1786799388,65651862,1786799388.065652,5.485959675302762,-4.740779519071879,0.7262188110871032,0.0,0.0,0.0,1.0,-0.1241987425180241,0.04989773641363085,0.0,0.0,0.0,0.0
1889,1786799388,398984707,1786799388.398985,5.439437677247351,-4.734486877585407,0.726161086806284,0.0,0.0,0.0,1.0,-0.12786682699334326,0.04513242233344308,0.0,0.0,0.0,0.0
1890,1786799388,432385963,1786799388.432386,5.434446088959753,-4.732328248486688,0.7247371817650925,0.0,0.0,0.0,1.0,-0.13213836049534677,0.04810691162072064,0.0,0.0,0.0,0.0
1891,1786799388,465669787,1786799388.465670,5.427803499073789,-4.730708082300016,0.7247371817650925,0.0,0.0,0.0,1.0,-0.12609308886938322,0.04902235111719702,0.0,0.0,0.0,0.0
1892,1786799388,598976489,1786799388.598976,5.411372104378302,-4.7294842148079805,0.7264013980781494,0.0,0.0,0.0,1.0,-0.13435309745471305,0.05133041943967377,0.0,0.0,0.0,0.0
1893,1786799388,698981392,1786799388.698981,5.398072681457776,-4.723597619003568,0.7268954058628017,0.0,0.0,0.0,1.0,-0.1343897754558913,0.052858631525713844,0.0,0.0,0.0,0.0
1894,1786799388,865736725,1786799388.865737,5.369895702505428,-4.718196075250129,0.7228797754747984,0.0,0.0,0.0,1.0,-0.13606643326635745,0.05240398390810238,0.0,0.0,0.0,0.0
1895,1786799388,932363405,1786799388.932364,5.361437954134637,-4.713965506716546,0.7227386195966272,0.0,0.0,0.0,1.0,-0.1369522477585715,0.0524530958103803,0.0,0.0,0.0,0.0
1896,1786799389,65626894,1786799389.065627,5.342850311388549,-4.708321078630769,0.7264584469658372,0.0,0.0,0.0,1.0,-0.13668157435780906,0.05348177668705345,0.0,0.0,0.0,0.0
1897,1786799389,99012572,1786799389.099013,5.337494624199774,-4.707061571799076,0.7246605777633796,0.0,0.0,0.0,1.0,-0.13522728979649423,0.05289612001752455,0.0,0.0,0.0,0.0
1898,1786799389,132341032,1786799389.132341,5.330140766228077,-4.706722456106826,0.7252171031393304,0.0,0.0,0.0,1.0,-0.1356021217425152,0.052700735629163394,0.0,0.0,0.0,0.0
1899,1786799389,465776146,1786799389.465776,5.284436654943203,-4.691717342620784,0.7251334388538724,0.0,0.0,0.0,1.0,-0.14120536073763987,0.03928943716888042,0.0,0.0,0.0,0.0
1900,1786799389,498970383,1786799389.498970,5.315380916188754,-4.696215713041432,0.7241393866882576,0.0,0.0,0.0,1.0,-0.13550185814561297,0.036532795123291634,0.0,0.0,0.0,0.0
1901,1786799389,665726834,1786799389.665727,5.290350931059784,-4.690918717360411,0.723925105255914,0.0,0.0,0.0,1.0,-0.13988381332246197,0.033316922804325806,0.0,0.0,0.0,0.0
1902,1786799389,732410973,1786799389.732411,5.282562244206051,-4.688790828335268,0.723365429601987,0.0,0.0,0.0,1.0,-0.13621884502444043,0.030893204081676617,0.0,0.0,0.0,0.0
1903,1786799389,765763556,1786799389.765764,5.279451495220716,-4.687755708146433,0.723365429601987,0.0,0.0,0.0,1.0,-0.1330921031277447,0.02900854766041336,0.0,0.0,0.0,0.0
1904,1786799389,965657090,1786799389.965657,5.253628600104065,-4.683247343352518,0.7217605171978076,0.0,0.0,0.0,1.0,-0.13987183469273431,0.02550347900036922,0.0,0.0,0.0,0.0
1905,1786799390,99041676,1786799390.099042,5.234640870801492,-4.678574006767603,0.7249712335840642,0.0,0.0,0.0,1.0,-0.14017840676512883,0.024959717344040358,0.0,0.0,0.0,0.0
1906,1786799390,165720097,1786799390.165720,5.223438287179796,-4.679202370298268,0.723098896008598,0.0,0.0,0.0,1.0,-0.13337261753889373,0.02270118504459147,0.0,0.0,0.0,0.0
1907,1786799390,199012928,1786799390.199013,5.219151398265758,-4.677828472643146,0.7243541283679041,0.0,0.0,0.0,1.0,-0.13887568838952746,0.02086749683935982,0.0,0.0,0.0,0.0
1908,1786799390,232353689,1786799390.232354,5.2141021913042955,-4.676653905563825,0.7249747602124865,0.0,0.0,0.0,1.0,-0.1360164545214099,0.019079318560898742,0.0,0.0,0.0,0.0
1909,1786799390,299036498,1786799390.299037,5.202477964963336,-4.677159173239558,0.7261745977372234,0.0,0.0,0.0,1.0,-0.13591021791909955,0.016528830310550843,0.0,0.0,0.0,0.0
1910,1786799390,332398765,1786799390.332399,5.1973721714613355,-4.67692846931754,0.7257739529978974,0.0,0.0,0.0,1.0,-0.13499609375924668,0.01635524846732935,0.0,0.0,0.0,0.0
1911,1786799390,499148197,1786799390.499148,5.173615015869689,-4.6733393932272715,0.7268428756798871,0.0,0.0,0.0,1.0,-0.13785721062356682,0.014159641836099007,0.0,0.0,0.0,0.0
1912,1786799390,532424106,1786799390.532424,5.169009906234752,-4.673879092579681,0.7274178224210277,0.0,0.0,0.0,1.0,-0.13054582093747136,0.011422112825654397,0.0,0.0,0.0,0.0
1913,1786799390,598988227,1786799390.598988,5.160776552866668,-4.67303012353503,0.7251744494300287,0.0,0.0,0.0,1.0,-0.1290556040165126,0.008089338607924422,0.0,0.0,0.0,0.0
1914,1786799390,632313874,1786799390.632314,5.156884731420146,-4.672414269494398,0.7287126572896184,0.0,0.0,0.0,1.0,-0.12829108303834283,0.013788450671835772,0.0,0.0,0.0,0.0
1915,1786799390,732452617,1786799390.732453,5.1447908903128905,-4.670952332579925,0.7297157231245835,0.0,0.0,0.0,1.0,-0.12415124975761213,0.011253924104461716,0.0,0.0,0.0,0.0
1916,1786799390,765699550,1786799390.765700,5.141250569243464,-4.6702486315600975,0.7297157231245835,0.0,0.0,0.0,1.0,-0.13371340645746727,0.009336588736445516,0.0,0.0,0.0,0.0
1917,1786799390,798999859,1786799390.799000,5.137495612090838,-4.669664780669779,0.729108951329357,0.0,0.0,0.0,1.0,-0.13374249089664622,0.005491724765382148,0.0,0.0,0.0,0.0
1918,1786799390,832400713,1786799390.832401,5.133698416877202,-4.66914720831009,0.7284277945290404,0.0,0.0,0.0,1.0,-0.13179184926193765,0.007140107560471131,0.0,0.0,0.0,0.0
1919,1786799391,65796525,1786799391.065797,5.091980180757961,-4.702705830249565,0.7265761162653814,0.0,0.0,0.0,1.0,-0.12997443444307683,0.008505962415853163,0.0,0.0,0.0,0.0
1920,1786799391,132422296,1786799391.132422,5.081527314089996,-4.6987827073228345,0.7259811399013701,0.0,0.0,0.0,1.0,-0.14609208816989508,0.00022776860658714655,0.0,0.0,0.0,0.0
1921,1786799391,199006483,1786799391.199007,5.0695750907412105,-4.701487183900435,0.7272406767417636,0.0,0.0,0.0,1.0,-0.13751739419768655,-0.0022638121175135167,0.0,0.0,0.0,0.0
1922,1786799391,232348547,1786799391.232348,5.065810381012398,-4.700710289407098,0.7251659701901046,0.0,0.0,0.0,1.0,-0.13454489588617788,0.012333289546002726,0.0,0.0,0.0,0.0
1923,1786799391,265767347,1786799391.265767,5.060848412523232,-4.69938349158495,0.7251659701901046,0.0,0.0,0.0,1.0,-0.13803162379724113,0.010512839060474321,0.0,0.0,0.0,0.0
1924,1786799391,332403172,1786799391.332403,5.051063546677884,-4.6981331093193806,0.7254810338406652,0.0,0.0,0.0,1.0,-0.13697772674817982,0.01292314045567509,0.0,0.0,0.0,0.0
1925,1786799391,399032308,1786799391.399032,5.04107350925139,-4.691744753837693,0.7247803359637777,0.0,0.0,0.0,1.0,-0.13273832989679496,0.010189247534446805,0.0,0.0,0.0,0.0
1926,1786799391,432336576,1786799391.432337,5.036616288697349,-4.690860232177125,0.7234093033938946,0.0,0.0,0.0,1.0,-0.13521288580592977,0.007394137616718731,0.0,0.0,0.0,0.0
1927,1786799391,465794298,1786799391.465794,5.032889924483012,-4.690564265684635,0.7234093033938946,0.0,0.0,0.0,1.0,-0.13324960243299758,0.006171775240244955,0.0,0.0,0.0,0.0
1928,1786799391,532413957,1786799391.532414,5.023773247440822,-4.688336856627296,0.72832280467444,0.0,0.0,0.0,1.0,-0.13399627689315022,0.008929591517013592,0.0,0.0,0.0,0.0
1929,1786799391,565718017,1786799391.565718,5.019566360568501,-4.687951794565297,0.72832280467444,0.0,0.0,0.0,1.0,-0.13236024111354266,0.007824315311708126,0.0,0.0,0.0,0.0
1930,1786799391,599113360,1786799391.599113,5.0145608657195595,-4.681173699114522,0.7254725531915344,0.0,0.0,0.0,1.0,-0.12887501353561712,0.006018117930754843,0.0,0.0,0.0,0.0
1931,1786799391,632399027,1786799391.632399,5.0077181672820785,-4.6760041075943635,0.7257697480545005,0.0,0.0,0.0,1.0,-0.1303980585393753,0.008972567530701196,0.0,0.0,0.0,0.0
1932,1786799391,665774666,1786799391.665775,5.002597826541091,-4.67319920873055,0.7257697480545005,0.0,0.0,0.0,1.0,-0.12955041975909098,0.007515790841864703,0.0,0.0,0.0,0.0
1933,1786799391,699117269,1786799391.699117,4.997733571773299,-4.67495398633929,0.7246394589276389,0.0,0.0,0.0,1.0,-0.13111998097090313,0.0076434135393645165,0.0,0.0,0.0,0.0
1934,1786799391,732408654,1786799391.732409,4.993181131207301,-4.67357843390233,0.7245645002221351,0.0,0.0,0.0,1.0,-0.1345519798250979,0.00842252867196884,0.0,0.0,0.0,0.0
1935,1786799391,832400115,1786799391.832400,4.979984784477864,-4.671091689612862,0.7228440753012457,0.0,0.0,0.0,1.0,-0.1289048498313489,0.007949488715849932,0.0,0.0,0.0,0.0
1936,1786799391,865735553,1786799391.865736,4.975373138693659,-4.669231906174954,0.7228440753012457,0.0,0.0,0.0,1.0,-0.1258064139949568,0.00794354482214687,0.0,0.0,0.0,0.0
1937,1786799391,932431823,1786799391.932432,4.967419501119448,-4.668378897907653,0.7241302567570387,0.0,0.0,0.0,1.0,-0.12448817274678213,0.007712588436288781,0.0,0.0,0.0,0.0
1938,1786799391,965782324,1786799391.965782,4.963254750544962,-4.66799262236508,0.7241302567570387,0.0,0.0,0.0,1.0,-0.12932897223251974,0.005804337437317144,0.0,0.0,0.0,0.0
1939,1786799392,199080367,1786799392.199080,4.933660584576671,-4.66591584625759,0.7238877450753102,0.0,0.0,0.0,1.0,-0.1298998886288342,0.00607038110576068,0.0,0.0,0.0,0.0
1940,1786799392,465792149,1786799392.465792,4.898297322207977,-4.664131282231017,0.7237334069794564,0.0,0.0,0.0,1.0,-0.13423119161685765,0.006859290747832224,0.0,0.0,0.0,0.0
1941,1786799392,799057149,1786799392.799057,4.8489984205960965,-4.660052599358927,0.7252300646294629,0.0,0.0,0.0,1.0,-0.13753984907200567,0.005920916708123369,0.0,0.0,0.0,0.0
1942,1786799392,899046968,1786799392.899047,4.834762838648754,-4.659311722705439,0.7245613836199359,0.0,0.0,0.0,1.0,-0.13136299300276746,0.00780939042110303,0.0,0.0,0.0,0.0
1943,1786799393,332369945,1786799393.332370,4.775141340527377,-4.653369701533289,0.7253754558839747,0.0,0.0,0.0,1.0,-0.13144052842794665,0.008183749447450246,0.0,0.0,0.0,0.0
1944,1786799393,465821836,1786799393.465822,4.7593516395766535,-4.651562167048676,0.7265146519289429,0.0,0.0,0.0,1.0,-0.12370065393366597,0.012895961673596574,0.0,0.0,0.0,0.0
1945,1786799393,565766901,1786799393.565767,4.746987741465059,-4.6503886383027115,0.7276598536605319,0.0,0.0,0.0,1.0,-0.12442270279022971,0.01451004929375745,0.0,0.0,0.0,0.0
1946,1786799394,332549609,1786799394.332550,4.6549014029372024,-4.637659109650871,0.7284899210189882,0.0,0.0,0.0,1.0,-0.12364391375791023,0.01664191909210827,0.0,0.0,0.0,0.0
1947,1786799394,365853936,1786799394.365854,4.650218370775452,-4.636475833933895,0.7284899210189882,0.0,0.0,0.0,1.0,-0.1259191543448502,0.018007276512397422,0.0,0.0,0.0,0.0
1948,1786799394,399127635,1786799394.399128,4.645082272480245,-4.635462779665069,0.7263051849333497,0.0,0.0,0.0,1.0,-0.13240162201339434,0.01965133990396646,0.0,0.0,0.0,0.0
1949,1786799394,432437917,1786799394.432438,4.641810376470183,-4.635193085084607,0.7280546394706945,0.0,0.0,0.0,1.0,-0.11213143486973073,0.01785547918102568,0.0,0.0,0.0,0.0
1950,1786799394,465911752,1786799394.465912,4.638147342681325,-4.633598507450174,0.7280546394706945,0.0,0.0,0.0,1.0,-0.12266377203316188,0.018878413712550515,0.0,0.0,0.0,0.0
1951,1786799394,499143176,1786799394.499143,4.634774707204798,-4.631654016137847,0.7278423696409371,0.0,0.0,0.0,1.0,-0.12145486241036133,0.019125745725343774,0.0,0.0,0.0,0.0
1952,1786799394,532429736,1786799394.532430,4.631017197491975,-4.630984466760856,0.7272962423611335,0.0,0.0,0.0,1.0,-0.13122564768696013,0.021080857311993405,0.0,0.0,0.0,0.0
1953,1786799394,565837069,1786799394.565837,4.6273382205651,-4.629093470288429,0.7272962423611335,0.0,0.0,0.0,1.0,-0.11255976091360129,0.018254282425058162,0.0,0.0,0.0,0.0
1954,1786799395,32559980,1786799395.032560,4.584623079308528,-4.612612203975187,0.7266681070436966,0.0,0.0,0.0,1.0,-0.12181770550808765,0.017551421660068626,0.0,0.0,0.0,0.0
1955,1786799395,65806608,1786799395.065807,4.577610774677726,-4.61046734359798,0.7275344636770057,0.0,0.0,0.0,1.0,-0.12831222284483726,0.022106763040380326,0.0,0.0,0.0,0.0
1956,1786799395,99111483,1786799395.099112,4.580600987040981,-4.606485645105529,0.7275344636770057,0.0,0.0,0.0,1.0,-0.13186035066209084,0.02351046424032123,0.0,0.0,0.0,0.0
1957,1786799395,199128290,1786799395.199128,4.566299961924447,-4.611457636742136,0.7228532854580405,0.0,0.0,0.0,1.0,-0.134104972835858,0.022035616244849066,0.0,0.0,0.0,0.0
1958,1786799395,665759494,1786799395.665760,4.50915058410548,-4.604687234373319,0.7251492936934822,0.0,0.0,0.0,1.0,-0.1334515527192971,0.022598850083784684,0.0,0.0,0.0,0.0
1959,1786799395,732410907,1786799395.732411,4.503296381600791,-4.604493894688167,0.7245284945798123,0.0,0.0,0.0,1.0,-0.12529507682027524,0.019499901225280503,0.0,0.0,0.0,0.0
1960,1786799395,999191893,1786799395.999192,4.461263264688437,-4.615134575340554,0.7250691113218205,0.0,0.0,0.0,1.0,-0.11857876990578808,0.02127045108789409,0.0,0.0,0.0,0.0
1961,1786799396,132535329,1786799396.132535,4.449173378070675,-4.603463952740167,0.7271086263381086,0.0,0.0,0.0,1.0,-0.12907376429863973,0.02454045502549418,0.0,0.0,0.0,0.0
1962,1786799396,199100140,1786799396.199100,4.444896586456345,-4.6001536183246134,0.7256456563629781,0.0,0.0,0.0,1.0,-0.12153934932421306,0.02376916350149715,0.0,0.0,0.0,0.0
1963,1786799396,232555333,1786799396.232555,4.441206735736802,-4.599092811007198,0.7279533541236956,0.0,0.0,0.0,1.0,-0.12543681612018853,0.024663085470918066,0.0,0.0,0.0,0.0
1964,1786799396,332465253,1786799396.332465,4.43269513811488,-4.596896327170304,0.7269986547384756,0.0,0.0,0.0,1.0,-0.12509560072407971,0.02261440483556185,0.0,0.0,0.0,0.0
1965,1786799396,432441078,1786799396.432441,4.42033659731506,-4.594355507461411,0.7263594263550677,0.0,0.0,0.0,1.0,-0.1301331299420248,0.02379949182143472,0.0,0.0,0.0,0.0
1966,1786799396,465866414,1786799396.465866,4.418707627267061,-4.593285143134945,0.7263594263550677,0.0,0.0,0.0,1.0,-0.11927668018533047,0.02275432289492395,0.0,0.0,0.0,0.0
1967,1786799396,499202276,1786799396.499202,4.413040457177651,-4.591867408833642,0.7258240791273155,0.0,0.0,0.0,1.0,-0.1252172326281477,0.023845418154256563,0.0,0.0,0.0,0.0
1968,1786799396,665816880,1786799396.665817,4.393644398139413,-4.587352621667064,0.7279212127957275,0.0,0.0,0.0,1.0,-0.1273593400673509,0.02432845675255208,0.0,0.0,0.0,0.0
1969,1786799396,999150039,1786799396.999150,4.364465893072014,-4.572712339447904,0.7270092752982221,0.0,0.0,0.0,1.0,-0.13265877651222086,0.023580409230064475,0.0,0.0,0.0,0.0
1970,1786799397,32487690,1786799397.032488,4.3607638871089485,-4.571580555235602,0.7268870942609601,0.0,0.0,0.0,1.0,-0.13127335859916425,0.024786826414585652,0.0,0.0,0.0,0.0
1971,1786799397,65814276,1786799397.065814,4.358247448914872,-4.5704211816902305,0.7271209745800521,0.0,0.0,0.0,1.0,-0.12509224165080512,0.02573035337229133,0.0,0.0,0.0,0.0
1972,1786799397,99168767,1786799397.099169,4.3636259270142865,-4.567585294474295,0.7271209745800521,0.0,0.0,0.0,1.0,-0.11640603998401614,0.023744708608783895,0.0,0.0,0.0,0.0
1973,1786799397,132497641,1786799397.132498,4.3674955556003745,-4.570440509446682,0.7280885803220883,0.0,0.0,0.0,1.0,-0.12224688642811982,0.023858072719190857,0.0,0.0,0.0,0.0
1974,1786799397,165795040,1786799397.165795,4.36790198724505,-4.571875978485463,0.7280885803220883,0.0,0.0,0.0,1.0,-0.13830994825898316,0.025041175961335913,0.0,0.0,0.0,0.0
1975,1786799397,299241685,1786799397.299242,4.345700839612306,-4.568092948234511,0.7289889195682129,0.0,0.0,0.0,1.0,-0.12455939735598189,0.024293303883385714,0.0,0.0,0.0,0.0
1976,1786799397,332494445,1786799397.332494,4.341482155283254,-4.567321331381409,0.7268920900985886,0.0,0.0,0.0,1.0,-0.11233588412145618,0.021187351130542327,0.0,0.0,0.0,0.0
1977,1786799397,532656156,1786799397.532656,4.318605237624066,-4.5646647200742,0.7281027588565699,0.0,0.0,0.0,1.0,-0.13220996889112327,0.02425437023334238,0.0,0.0,0.0,0.0
1978,1786799397,566770292,1786799397.566770,4.314153152171455,-4.56210107712175,0.7281027588565699,0.0,0.0,0.0,1.0,-0.1289538533832181,0.024565493173590126,0.0,0.0,0.0,0.0
1979,1786799397,932665018,1786799397.932665,4.270684274538105,-4.554240236081508,0.7268565712022593,0.0,0.0,0.0,1.0,-0.12380024491632316,0.021275484712820855,0.0,0.0,0.0,0.0
1980,1786799397,967663306,1786799397.967663,4.26686434499927,-4.55354701017298,0.7268565712022593,0.0,0.0,0.0,1.0,-0.11715569088461716,0.02146522149767026,0.0,0.0,0.0,0.0
1981,1786799397,999224215,1786799397.999224,4.261956534448309,-4.5546782076360985,0.72727779979946,0.0,0.0,0.0,1.0,-0.11525143209124154,0.02079786172545945,0.0,0.0,0.0,0.0
1982,1786799398,32505803,1786799398.032506,4.261799469255173,-4.555810304257823,0.7267916445477194,0.0,0.0,0.0,1.0,-0.09409881810242737,0.01616674110236167,0.0,0.0,0.0,0.0
1983,1786799398,132514966,1786799398.132515,4.247700526537319,-4.555807210800299,0.7275152371220703,0.0,0.0,0.0,1.0,-0.13166390965965238,0.021978858279193103,0.0,0.0,0.0,0.0
1984,1786799398,165825937,1786799398.165826,4.244194209305029,-4.55439461551167,0.7275152371220703,0.0,0.0,0.0,1.0,-0.1273943053593728,0.020967600679037794,0.0,0.0,0.0,0.0
1985,1786799398,232608315,1786799398.232608,4.236058080006053,-4.551882651000792,0.7258134290617245,0.0,0.0,0.0,1.0,-0.12347813914250963,0.02065267824184772,0.0,0.0,0.0,0.0
1986,1786799398,265859432,1786799398.265859,4.23221436765815,-4.550693643353476,0.7258134290617245,0.0,0.0,0.0,1.0,-0.1233115291092922,0.021599713180715248,0.0,0.0,0.0,0.0
1987,1786799398,299190069,1786799398.299190,4.229327173521025,-4.5502281839825045,0.7274910495884359,0.0,0.0,0.0,1.0,-0.13361768312268357,0.02373326452326642,0.0,0.0,0.0,0.0
1988,1786799398,332521829,1786799398.332522,4.225189761438717,-4.548903987825383,0.7245442201068075,0.0,0.0,0.0,1.0,-0.12045368864098815,0.020491400440462666,0.0,0.0,0.0,0.0
1989,1786799398,499219741,1786799398.499220,4.204087196161426,-4.544780554519103,0.7236181846515387,0.0,0.0,0.0,1.0,-0.12188314516622395,0.021090442712618823,0.0,0.0,0.0,0.0
1990,1786799398,532714076,1786799398.532714,4.195321384734447,-4.543776621054906,0.7246117149990169,0.0,0.0,0.0,1.0,-0.1258840623610091,0.02215551229866162,0.0,0.0,0.0,0.0
1991,1786799398,565918938,1786799398.565919,4.1924080733481865,-4.54298940876828,0.7251050556152926,0.0,0.0,0.0,1.0,-0.13670162407720293,0.024370886741969595,0.0,0.0,0.0,0.0
1992,1786799398,599191338,1786799398.599191,4.191248664383336,-4.542690329470098,0.7251050556152926,0.0,0.0,0.0,1.0,-0.11252867254376106,0.017639859168553,0.0,0.0,0.0,0.0
1993,1786799398,665935463,1786799398.665936,4.183975080705469,-4.541659303725009,0.7272781038503406,0.0,0.0,0.0,1.0,-0.12168075778461479,0.022282846383931,0.0,0.0,0.0,0.0
1994,1786799399,65978755,1786799399.065979,4.130152546469821,-4.5274442886620845,0.7246567066788749,0.0,0.0,0.0,1.0,-0.1294090332513415,0.021055412005040325,0.0,0.0,0.0,0.0
1995,1786799399,99228479,1786799399.099228,4.1269438512964065,-4.525996434376342,0.7225284407180698,0.0,0.0,0.0,1.0,-0.13024843148989312,0.02036224740438433,0.0,0.0,0.0,0.0
1996,1786799399,132548913,1786799399.132549,4.121344658403917,-4.525428400173233,0.7260634401190698,0.0,0.0,0.0,1.0,-0.12288801106610761,0.020263117392553234,0.0,0.0,0.0,0.0
1997,1786799399,165920427,1786799399.165920,4.120208904439544,-4.526730469010059,0.7260634401190698,0.0,0.0,0.0,1.0,-0.1317252504169028,0.021260312776708947,0.0,0.0,0.0,0.0
1998,1786799399,232553170,1786799399.232553,4.10878047655809,-4.52459693880691,0.727146290727821,0.0,0.0,0.0,1.0,-0.13720276458882694,0.021785468071300034,0.0,0.0,0.0,0.0
1999,1786799399,332527928,1786799399.332528,4.0967586119160355,-4.521872917488842,0.7284770915119573,0.0,0.0,0.0,1.0,-0.132825968698534,0.02291140452615256,0.0,0.0,0.0,0.0
2000,1786799399,365886132,1786799399.365886,4.093661769783983,-4.520766494238622,0.7284770915119573,0.0,0.0,0.0,1.0,-0.12750680108453571,0.01875281848343833,0.0,0.0,0.0,0.0
2001,1786799399,399256184,1786799399.399256,4.089033846592329,-4.519754642745023,0.7281670813823754,0.0,0.0,0.0,1.0,-0.1142922638222355,0.021435967079326608,0.0,0.0,0.0,0.0
2002,1786799399,432555904,1786799399.432556,4.086369030751429,-4.518674396963073,0.7281766988684413,0.0,0.0,0.0,1.0,-0.12698166847587536,0.020892073082078452,0.0,0.0,0.0,0.0
2003,1786799399,465874413,1786799399.465874,4.082976639930466,-4.517502181444813,0.7281766988684413,0.0,0.0,0.0,1.0,-0.13553518433051825,0.02461769770600642,0.0,0.0,0.0,0.0
2004,1786799399,532607340,1786799399.532607,4.07867754688335,-4.516014825169526,0.7274714390793596,0.0,0.0,0.0,1.0,-0.11813887866888052,0.01850136949640848,0.0,0.0,0.0,0.0
2005,1786799399,565934346,1786799399.565934,4.078874810843788,-4.515776176808901,0.7274714390793596,0.0,0.0,0.0,1.0,-0.12371881519530843,0.01797723337379658,0.0,0.0,0.0,0.0
2006,1786799399,599304605,1786799399.599305,4.075008521281095,-4.515626476657812,0.7257855241428088,0.0,0.0,0.0,1.0,-0.13201361139726733,0.019921576935484853,0.0,0.0,0.0,0.0
2007,1786799399,999295352,1786799399.999295,4.037134131402542,-4.514040510141577,0.7234447296368294,0.0,0.0,0.0,1.0,-0.12896346073635345,0.022095949592490473,0.0,0.0,0.0,0.0
2008,1786799400,66062968,1786799400.066063,4.031007615579355,-4.513110167439876,0.7250975476914808,0.0,0.0,0.0,1.0,-0.12491771102844168,0.021045576992291218,0.0,0.0,0.0,0.0
2009,1786799400,99235843,1786799400.099236,4.026414401316822,-4.512857276773935,0.7259891827467538,0.0,0.0,0.0,1.0,-0.14185909325711024,0.02200380225030956,0.0,0.0,0.0,0.0
2010,1786799400,132588773,1786799400.132589,4.023307205479899,-4.511714110295511,0.7273757822134264,0.0,0.0,0.0,1.0,-0.13226450299683531,0.022792312864633943,0.0,0.0,0.0,0.0
2011,1786799400,165909153,1786799400.165909,4.019504613896341,-4.510718591047411,0.7273757822134264,0.0,0.0,0.0,1.0,-0.11681433741974469,0.01991461457999789,0.0,0.0,0.0,0.0
2012,1786799400,199248798,1786799400.199249,4.016249333681484,-4.509684460176339,0.7265765314350057,0.0,0.0,0.0,1.0,-0.13153412444651608,0.02118319904950608,0.0,0.0,0.0,0.0
2013,1786799400,265935049,1786799400.265935,4.012295356339946,-4.5081300878183015,0.7249073444846794,0.0,0.0,0.0,1.0,-0.1386320175769459,0.02355477199422068,0.0,0.0,0.0,0.0
2014,1786799400,332571230,1786799400.332571,4.00882693012489,-4.506379187157363,0.7248449536392606,0.0,0.0,0.0,1.0,-0.1274327225693595,0.021153359823876675,0.0,0.0,0.0,0.0
2015,1786799400,399200257,1786799400.399200,4.0005691944418444,-4.504581751573605,0.721564649987421,0.0,0.0,0.0,1.0,-0.13988950438838021,0.02103631111580719,0.0,0.0,0.0,0.0
2016,1786799400,432561223,1786799400.432561,3.9973558160134903,-4.5036203433513275,0.7222194433920675,0.0,0.0,0.0,1.0,-0.12390146089513193,0.018261822404023107,0.0,0.0,0.0,0.0
2017,1786799400,465893910,1786799400.465894,3.993754634299055,-4.502728861266111,0.7222194433920675,0.0,0.0,0.0,1.0,-0.1350685852412443,0.02140072340739294,0.0,0.0,0.0,0.0
2018,1786799400,499235186,1786799400.499235,3.9922954777542934,-4.504642134941369,0.723835378239139,0.0,0.0,0.0,1.0,-0.1448175149983164,0.022430450770710066,0.0,0.0,0.0,0.0
2019,1786799400,532551179,1786799400.532551,3.988541768343989,-4.503628037806845,0.7244508939341696,0.0,0.0,0.0,1.0,-0.13692124918791557,0.020136177924532313,0.0,0.0,0.0,0.0
2020,1786799400,565878396,1786799400.565878,3.9850758865880707,-4.502691528112978,0.7244508939341696,0.0,0.0,0.0,1.0,-0.12059530840543421,0.01883973588670538,0.0,0.0,0.0,0.0
2021,1786799400,632627205,1786799400.632627,3.9800375133911174,-4.503647922950289,0.7260198397913146,0.0,0.0,0.0,1.0,-0.13336855742853626,0.019141258432721943,0.0,0.0,0.0,0.0
2022,1786799400,965912131,1786799400.965912,3.9550660304312757,-4.500972395442051,0.7252141468786992,0.0,0.0,0.0,1.0,-0.12300873308123261,0.017945981905916373,0.0,0.0,0.0,0.0
2023,1786799400,999231150,1786799400.999231,3.948532908432517,-4.499540263911575,0.7258069705046539,0.0,0.0,0.0,1.0,-0.12817665127161681,0.018963379878739382,0.0,0.0,0.0,0.0
2024,1786799401,332671936,1786799401.332672,3.9060743509253832,-4.495455553602135,0.7254861566697567,0.0,0.0,0.0,1.0,-0.1274328700493282,0.018403010596897206,0.0,0.0,0.0,0.0
2025,1786799401,765922726,1786799401.765923,3.850308467241149,-4.486333155948614,0.7240470785955017,0.0,0.0,0.0,1.0,-0.13066150324464118,0.018661009865930677,0.0,0.0,0.0,0.0
2026,1786799401,999374107,1786799401.999374,3.8270911342998826,-4.481072421464163,0.7298101381529593,0.0,0.0,0.0,1.0,-0.12390100301764505,0.021343728056417106,0.0,0.0,0.0,0.0
2027,1786799402,99235607,1786799402.099236,3.8158592178601403,-4.47972527511409,0.7269066842029072,0.0,0.0,0.0,1.0,-0.12056808892931278,0.015130866704580375,0.0,0.0,0.0,0.0
2028,1786799402,332576297,1786799402.332576,3.7887332069564135,-4.47635671678628,0.7274263246186641,0.0,0.0,0.0,1.0,-0.12501605735676008,0.01727955850316043,0.0,0.0,0.0,0.0
2029,1786799402,432569939,1786799402.432570,3.775400861401552,-4.474126115603964,0.726049730618252,0.0,0.0,0.0,1.0,-0.1276370280849207,0.018835950802366434,0.0,0.0,0.0,0.0
2030,1786799402,599278050,1786799402.599278,3.7487716303533762,-4.469692253859511,0.7273912488640336,0.0,0.0,0.0,1.0,-0.12934580124831702,0.01777062868938363,0.0,0.0,0.0,0.0
2031,1786799403,299330012,1786799403.299330,3.6480176063632612,-4.454796908534643,0.7284498923764953,0.0,0.0,0.0,1.0,-0.13967228251384764,0.01938428406319759,0.0,0.0,0.0,0.0
2032,1786799403,332614032,1786799403.332614,3.6466805785233554,-4.454323891027516,0.7275028538700835,0.0,0.0,0.0,1.0,-0.11891112830951056,0.018789664414129083,0.0,0.0,0.0,0.0
2033,1786799403,365927613,1786799403.365928,3.6425953080237754,-4.453639048592323,0.7275028538700835,0.0,0.0,0.0,1.0,-0.1237710185282995,0.018991615188229286,0.0,0.0,0.0,0.0
2034,1786799403,399296397,1786799403.399296,3.6374630894791267,-4.452752739207355,0.7289404899800415,0.0,0.0,0.0,1.0,-0.1386776666321024,0.019736507860182228,0.0,0.0,0.0,0.0
2035,1786799403,566018696,1786799403.566019,3.615259990358906,-4.449928359658469,0.725901040992427,0.0,0.0,0.0,1.0,-0.1302299417398056,0.017728498243212744,0.0,0.0,0.0,0.0
2036,1786799403,632769652,1786799403.632770,3.605273701806164,-4.451027147693207,0.7278010031586769,0.0,0.0,0.0,1.0,-0.12523384433950824,0.017098462004669898,0.0,0.0,0.0,0.0
2037,1786799403,799337943,1786799403.799338,3.5838868440973055,-4.447476401945872,0.7273574640304677,0.0,0.0,0.0,1.0,-0.13197461976274485,0.017516717303257517,0.0,0.0,0.0,0.0
2038,1786799403,832617682,1786799403.832618,3.5797249515680925,-4.446852056697461,0.7265469477926264,0.0,0.0,0.0,1.0,-0.13172485193901365,0.018790025213863783,0.0,0.0,0.0,0.0
2039,1786799403,865983699,1786799403.865984,3.575691946984916,-4.443793999226127,0.7265469477926264,0.0,0.0,0.0,1.0,-0.14233453965007348,0.022052370037270095,0.0,0.0,0.0,0.0
2040,1786799403,999354575,1786799403.999355,3.5633091036885265,-4.440500873724756,0.7245470266530654,0.0,0.0,0.0,1.0,-0.13290873486369092,0.017904537318269916,0.0,0.0,0.0,0.0
2041,1786799404,99414049,1786799404.099414,3.5529370251570516,-4.439300970349709,0.7266751989174398,0.0,0.0,0.0,1.0,-0.1303060138114165,0.02052761276016439,0.0,0.0,0.0,0.0
2042,1786799404,199295826,1786799404.199296,3.5363901493786525,-4.440265079323634,0.7259839689102667,0.0,0.0,0.0,1.0,-0.13257830036111684,0.020572085476875113,0.0,0.0,0.0,0.0
2043,1786799404,232626760,1786799404.232627,3.5306721087654207,-4.439023851075518,0.7270347680440624,0.0,0.0,0.0,1.0,-0.1284357909607049,0.01813579303056149,0.0,0.0,0.0,0.0
2044,1786799404,265978076,1786799404.265978,3.525710115391375,-4.437934320478893,0.7270347680440624,0.0,0.0,0.0,1.0,-0.13605893287092993,0.019569206224378907,0.0,0.0,0.0,0.0
2045,1786799404,299347092,1786799404.299347,3.521296732166272,-4.437258678233693,0.7263325988270783,0.0,0.0,0.0,1.0,-0.12810721036335987,0.019328823148836192,0.0,0.0,0.0,0.0
2046,1786799404,332635559,1786799404.332636,3.5176824211506386,-4.436178301901775,0.7244304931867995,0.0,0.0,0.0,1.0,-0.11421770959026874,0.01724511599243753,0.0,0.0,0.0,0.0
2047,1786799404,365951060,1786799404.365951,3.514937887319954,-4.4354069331958605,0.7244304931867995,0.0,0.0,0.0,1.0,-0.1262530482066872,0.01998324785577189,0.0,0.0,0.0,0.0
2048,1786799404,399333287,1786799404.399333,3.5123717053377277,-4.435041706610776,0.725527986974203,0.0,0.0,0.0,1.0,-0.13757489744432713,0.02324734578418916,0.0,0.0,0.0,0.0
2049,1786799404,432766678,1786799404.432767,3.508822419893418,-4.434137017002886,0.7240707588728796,0.0,0.0,0.0,1.0,-0.12655260188577838,0.018851070132391456,0.0,0.0,0.0,0.0
2050,1786799404,665971671,1786799404.665972,3.4835894637905493,-4.42927116382833,0.7250467560614557,0.0,0.0,0.0,1.0,-0.12687128993841534,0.021320081219145297,0.0,0.0,0.0,0.0
2051,1786799404,699283238,1786799404.699283,3.479681338862809,-4.4284766505462,0.7246896720526789,0.0,0.0,0.0,1.0,-0.13328000418634361,0.01866791120252514,0.0,0.0,0.0,0.0
2052,1786799404,732733794,1786799404.732734,3.477330592559582,-4.427747283830802,0.726054149239781,0.0,0.0,0.0,1.0,-0.14492603228897524,0.021631643128317845,0.0,0.0,0.0,0.0
2053,1786799404,765939387,1786799404.765939,3.473307562224896,-4.426921013087785,0.726054149239781,0.0,0.0,0.0,1.0,-0.13487810054642027,0.020466401284760304,0.0,0.0,0.0,0.0
2054,1786799404,899312405,1786799404.899312,3.4568778962762448,-4.424289876226826,0.7263584190751988,0.0,0.0,0.0,1.0,-0.13218031066263736,0.021381493141580263,0.0,0.0,0.0,0.0
2055,1786799404,932651151,1786799404.932651,3.4528458457204003,-4.423651121145648,0.72501263809676,0.0,0.0,0.0,1.0,-0.11945208287049155,0.018485113459368464,0.0,0.0,0.0,0.0
2056,1786799405,199356400,1786799405.199356,3.418035608761455,-4.4199670797517285,0.7253975017747744,0.0,0.0,0.0,1.0,-0.13461362278916358,0.020054541132425815,0.0,0.0,0.0,0.0
2057,1786799405,499345206,1786799405.499345,3.3749525693280464,-4.409341195089192,0.7267540741020234,0.0,0.0,0.0,1.0,-0.13323262969068522,0.019989807320539763,0.0,0.0,0.0,0.0
2058,1786799405,632722521,1786799405.632723,3.3638395247798663,-4.407712866087316,0.7248771113228418,0.0,0.0,0.0,1.0,-0.12248559339956112,0.014970567526447116,0.0,0.0,0.0,0.0
2059,1786799405,766107069,1786799405.766107,3.3480143124854855,-4.405299903234026,0.7277393052118922,0.0,0.0,0.0,1.0,-0.12281216489370085,0.01901922694939006,0.0,0.0,0.0,0.0
2060,1786799406,332697582,1786799406.332698,3.2624195484424785,-4.39658849290652,0.7285667132765037,0.0,0.0,0.0,1.0,-0.12171842796765471,0.019483700681948733,0.0,0.0,0.0,0.0
2061,1786799406,465968529,1786799406.465969,3.251905841530755,-4.3939975496064125,0.7271188132396847,0.0,0.0,0.0,1.0,-0.13130303672427082,0.018344330665758295,0.0,0.0,0.0,0.0
2062,1786799406,499337632,1786799406.499338,3.2475630392486767,-4.393110217102211,0.7284286859509713,0.0,0.0,0.0,1.0,-0.1390970408884975,0.02142797657058232,0.0,0.0,0.0,0.0
2063,1786799407,32723259,1786799407.032723,3.2156846813339044,-4.382567321060062,0.7271472110581819,0.0,0.0,0.0,1.0,-0.12635721761649404,0.017938696901222427,0.0,0.0,0.0,0.0
2064,1786799407,66062062,1786799407.066062,3.2156503629729585,-4.382748949190427,0.7271472110581819,0.0,0.0,0.0,1.0,-0.13037182407486164,0.017800336624792537,0.0,0.0,0.0,0.0
2065,1786799407,99400817,1786799407.099401,3.215397668988871,-4.382896686349628,0.7273018333910454,0.0,0.0,0.0,1.0,-0.1315907629738287,0.018939025306998054,0.0,0.0,0.0,0.0
2066,1786799407,132773208,1786799407.132773,3.2124040720130616,-4.383356314747756,0.7273241930735916,0.0,0.0,0.0,1.0,-0.12104995620565277,0.01726416925940952,0.0,0.0,0.0,0.0
2067,1786799407,166051835,1786799407.166052,3.2080550645400514,-4.38307932487866,0.7273241930735916,0.0,0.0,0.0,1.0,-0.14815113566054694,0.02410606676059246,0.0,0.0,0.0,0.0
2068,1786799407,366133523,1786799407.366133,3.183378595248321,-4.380409607640152,0.7255561155377085,0.0,0.0,0.0,1.0,-0.13232893722926056,0.01921969113933739,0.0,0.0,0.0,0.0
2069,1786799407,432814372,1786799407.432814,3.1766552132995276,-4.379669898589457,0.7263344111943091,0.0,0.0,0.0,1.0,-0.12586566929163495,0.01983348238537748,0.0,0.0,0.0,0.0
2070,1786799407,732780305,1786799407.732780,3.140574638256215,-4.370638639205064,0.7270381876478977,0.0,0.0,0.0,1.0,-0.13563011294535035,0.022652248853344815,0.0,0.0,0.0,0.0
2071,1786799407,932762579,1786799407.932763,3.1166532097662873,-4.366754986309838,0.7239858283947521,0.0,0.0,0.0,1.0,-0.12821526404583058,0.01658796232634498,0.0,0.0,0.0,0.0
2072,1786799407,999399812,1786799407.999400,3.1076131792295687,-4.3648399371257485,0.7245383474963675,0.0,0.0,0.0,1.0,-0.11949718181611814,0.018157001334359386,0.0,0.0,0.0,0.0
2073,1786799408,32809592,1786799408.032809,3.1037164667834567,-4.3641187092918114,0.7226159316675924,0.0,0.0,0.0,1.0,-0.1398607935845566,0.017062736437240454,0.0,0.0,0.0,0.0
2074,1786799408,199360437,1786799408.199360,3.07987585981226,-4.361948788189025,0.7260378941147965,0.0,0.0,0.0,1.0,-0.1258828321153044,0.018168797996078997,0.0,0.0,0.0,0.0
2075,1786799408,532779712,1786799408.532780,3.037129007671611,-4.357337289638451,0.7233236796725359,0.0,0.0,0.0,1.0,-0.13186570554347152,0.019874626486766838,0.0,0.0,0.0,0.0
2076,1786799408,632925614,1786799408.632926,3.0139004014316964,-4.353651591029095,0.7254365205340625,0.0,0.0,0.0,1.0,-0.13319852176086294,0.019448628634567387,0.0,0.0,0.0,0.0
2077,1786799408,999435067,1786799408.999435,2.959415696479674,-4.3456918522573975,0.7246322782646933,0.0,0.0,0.0,1.0,-0.13250514818938167,0.020532701014329302,0.0,0.0,0.0,0.0
2078,1786799409,32812303,1786799409.032812,2.950878430146714,-4.344992539542211,0.7230883621713269,0.0,0.0,0.0,1.0,-0.13384875449093822,0.020303914796797547,0.0,0.0,0.0,0.0
2079,1786799409,332761707,1786799409.332762,2.900235590610686,-4.33840261985497,0.7240661795531178,0.0,0.0,0.0,1.0,-0.1239768328037793,0.01917643616124217,0.0,0.0,0.0,0.0
2080,1786799409,399485442,1786799409.399485,2.9000840151623795,-4.3379261663683675,0.7238624093787096,0.0,0.0,0.0,1.0,-0.13146155839478774,0.01760242561847191,0.0,0.0,0.0,0.0
2081,1786799409,432862500,1786799409.432863,2.8963718941944805,-4.337231480394604,0.7244868347726119,0.0,0.0,0.0,1.0,-0.1331645992763217,0.017963702106210514,0.0,0.0,0.0,0.0
2082,1786799409,599482607,1786799409.599483,2.874214803889039,-4.333763459817828,0.7266268135314312,0.0,0.0,0.0,1.0,-0.13341523884420253,0.01786508017005935,0.0,0.0,0.0,0.0
2083,1786799409,999437508,1786799409.999438,2.83913066569877,-4.327078802434512,0.7280383082927911,0.0,0.0,0.0,1.0,-0.12738488890458394,0.01733190406307602,0.0,0.0,0.0,0.0
2084,1786799410,432859588,1786799410.432860,2.7829920713262233,-4.319069205861663,0.7273125719299061,0.0,0.0,0.0,1.0,-0.13019347713016335,0.01815738079437124,0.0,0.0,0.0,0.0
2085,1786799410,899507342,1786799410.899507,2.722116690327658,-4.309866305130784,0.7267948931344687,0.0,0.0,0.0,1.0,-0.1252128735912759,0.020350937891768922,0.0,0.0,0.0,0.0
2086,1786799411,199500309,1786799411.199500,2.6821892532692857,-4.3029940596300005,0.7255828571124672,0.0,0.0,0.0,1.0,-0.131596591841604,0.018374818713488512,0.0,0.0,0.0,0.0
2087,1786799411,266096903,1786799411.266097,2.6730650048481657,-4.301699007587333,0.7254862602602095,0.0,0.0,0.0,1.0,-0.12708913339617192,0.018377154683664958,0.0,0.0,0.0,0.0
2088,1786799411,499688097,1786799411.499688,2.643330030702584,-4.297308388325161,0.7282745414393635,0.0,0.0,0.0,1.0,-0.12980411179060372,0.02056790001504316,0.0,0.0,0.0,0.0
2089,1786799411,532814435,1786799411.532815,2.6387551330603305,-4.296481549319568,0.7296146984782784,0.0,0.0,0.0,1.0,-0.1353902374182248,0.02270262072384955,0.0,0.0,0.0,0.0
2090,1786799411,732810267,1786799411.732810,2.6158051384715293,-4.28588472637035,0.7295028720018267,0.0,0.0,0.0,1.0,-0.12204065534831875,0.019277135118351246,0.0,0.0,0.0,0.0
2091,1786799411,799505387,1786799411.799505,2.6096798867454094,-4.281582494871343,0.7292002327255516,0.0,0.0,0.0,1.0,-0.12825221369879652,0.01884012380379743,0.0,0.0,0.0,0.0
2092,1786799411,999481698,1786799411.999482,2.588182954580507,-4.278309591554542,0.7309610142746529,0.0,0.0,0.0,1.0,-0.13129979480341333,0.022590894959616983,0.0,0.0,0.0,0.0
2093,1786799412,66141400,1786799412.066141,2.579321487230459,-4.276750678259388,0.7298071040876223,0.0,0.0,0.0,1.0,-0.1295327451698087,0.02132166178919348,0.0,0.0,0.0,0.0
2094,1786799412,166032723,1786799412.166033,2.5661891844180413,-4.273958132749154,0.7291291919657467,0.0,0.0,0.0,1.0,-0.13235391478054062,0.02034339735425499,0.0,0.0,0.0,0.0
2095,1786799412,199520705,1786799412.199521,2.5617513722242062,-4.27252691840406,0.7262316894176506,0.0,0.0,0.0,1.0,-0.12901923608413637,0.020541905410374865,0.0,0.0,0.0,0.0
2096,1786799412,232750391,1786799412.232750,2.557814054229617,-4.271560948640898,0.7257957371487713,0.0,0.0,0.0,1.0,-0.1301542420834247,0.021214318591969494,0.0,0.0,0.0,0.0
2097,1786799412,299397755,1786799412.299398,2.548963496607074,-4.270115439130434,0.7271274192569696,0.0,0.0,0.0,1.0,-0.13395875940856528,0.02183668743425022,0.0,0.0,0.0,0.0
2098,1786799412,332821384,1786799412.332821,2.5448898297894864,-4.269140203628104,0.7278577132259932,0.0,0.0,0.0,1.0,-0.1330212953539802,0.020108261076248368,0.0,0.0,0.0,0.0
2099,1786799412,366078655,1786799412.366079,2.5406983757780033,-4.268213298878491,0.7278577132259932,0.0,0.0,0.0,1.0,-0.1326593050256346,0.022395290168019954,0.0,0.0,0.0,0.0
2100,1786799412,399510232,1786799412.399510,2.536316524710779,-4.267043867127591,0.7263909072232015,0.0,0.0,0.0,1.0,-0.12332041614460156,0.021806811511649763,0.0,0.0,0.0,0.0
2101,1786799412,432763832,1786799412.432764,2.532304156593222,-4.26603901527452,0.7251327214866837,0.0,0.0,0.0,1.0,-0.14403495393217294,0.02328937357138958,0.0,0.0,0.0,0.0
2102,1786799412,466227219,1786799412.466227,2.5272865422261486,-4.265132871110424,0.7251327214866837,0.0,0.0,0.0,1.0,-0.13473843234608962,0.019350369205348016,0.0,0.0,0.0,0.0
2103,1786799412,599494109,1786799412.599494,2.5083081103305,-4.274050978160571,0.7265088270253968,0.0,0.0,0.0,1.0,-0.132428471406145,0.020454204932536066,0.0,0.0,0.0,0.0
2104,1786799412,632761748,1786799412.632762,2.504103555194268,-4.273207487640598,0.7278688166609728,0.0,0.0,0.0,1.0,-0.11614697222193031,0.017316019614392993,0.0,0.0,0.0,0.0
2105,1786799412,766135507,1786799412.766135,2.4902222056783234,-4.271393939093082,0.7263535960790191,0.0,0.0,0.0,1.0,-0.12783014457766406,0.01763979773499135,0.0,0.0,0.0,0.0
2106,1786799412,899525883,1786799412.899526,2.472526158702781,-4.26865789394795,0.7254937889171166,0.0,0.0,0.0,1.0,-0.12688937352038604,0.0190157997618256,0.0,0.0,0.0,0.0
2107,1786799413,132823855,1786799413.132824,2.4469996368160416,-4.2640610489786095,0.7258900644226349,0.0,0.0,0.0,1.0,-0.1289979316231111,0.018937071803363445,0.0,0.0,0.0,0.0
2108,1786799413,166189837,1786799413.166190,2.4431000250847923,-4.262924210018083,0.7258900644226349,0.0,0.0,0.0,1.0,-0.13111829207744252,0.01968905251851049,0.0,0.0,0.0,0.0
2109,1786799413,399547511,1786799413.399548,2.4084624460345836,-4.260126109772454,0.7245327746171545,0.0,0.0,0.0,1.0,-0.1326621852688345,0.01984971074390472,0.0,0.0,0.0,0.0
2110,1786799413,832883977,1786799413.832884,2.353283483077977,-4.253991090478272,0.7269221062808942,0.0,0.0,0.0,1.0,-0.1342205414343266,0.020410252153784246,0.0,0.0,0.0,0.0
2111,1786799413,866176623,1786799413.866177,2.3506150553669958,-4.253009895476963,0.7269221062808942,0.0,0.0,0.0,1.0,-0.11837479740615908,0.019285651621271188,0.0,0.0,0.0,0.0
2112,1786799414,99415602,1786799414.099416,2.324048422830046,-4.2439717513138815,0.7231738290851769,0.0,0.0,0.0,1.0,-0.12354714261255487,0.018439773302837408,0.0,0.0,0.0,0.0
2113,1786799414,166199822,1786799414.166200,2.3147493362621816,-4.243461788383741,0.7256216382085554,0.0,0.0,0.0,1.0,-0.13238372983841395,0.020548016904812783,0.0,0.0,0.0,0.0
2114,1786799414,399619352,1786799414.399619,2.289581188161492,-4.237966107867237,0.7247078411969462,0.0,0.0,0.0,1.0,-0.12991357536604936,0.0192718322642864,0.0,0.0,0.0,0.0
2115,1786799414,466207270,1786799414.466207,2.2828196352585852,-4.2367655007856495,0.7250437718798062,0.0,0.0,0.0,1.0,-0.12475921048670835,0.01738266217884887,0.0,0.0,0.0,0.0
2116,1786799414,499548010,1786799414.499548,2.2788277732588433,-4.235739147118551,0.7263567462874885,0.0,0.0,0.0,1.0,-0.13789028694674763,0.019765980515354616,0.0,0.0,0.0,0.0
2117,1786799414,532817613,1786799414.532818,2.2755820507483957,-4.23487844043213,0.727509086463715,0.0,0.0,0.0,1.0,-0.13253954519801656,0.018663979167238307,0.0,0.0,0.0,0.0
2118,1786799414,599619092,1786799414.599619,2.267641211291471,-4.233497650825007,0.7273391780679275,0.0,0.0,0.0,1.0,-0.12324845355731075,0.017289435153829313,0.0,0.0,0.0,0.0
2119,1786799414,799510052,1786799414.799510,2.2404725183636796,-4.230444537523486,0.7243267170946419,0.0,0.0,0.0,1.0,-0.1358599918552343,0.018617599852663945,0.0,0.0,0.0,0.0
2120,1786799414,832775574,1786799414.832776,2.2361905727961204,-4.229564227011634,0.7264813459354983,0.0,0.0,0.0,1.0,-0.14142555439510404,0.021937906679118383,0.0,0.0,0.0,0.0
2121,1786799414,899553739,1786799414.899554,2.2259229651273014,-4.235640817233534,0.724230153098099,0.0,0.0,0.0,1.0,-0.12666032630946833,0.019354467945491553,0.0,0.0,0.0,0.0
2122,1786799414,999581847,1786799414.999582,2.218270348412796,-4.237277356308127,0.7245867656488847,0.0,0.0,0.0,1.0,-0.129374250336547,0.01938645479605356,0.0,0.0,0.0,0.0
2123,1786799415,99543461,1786799415.099544,2.20853560934359,-4.23630405020917,0.7251341934925787,0.0,0.0,0.0,1.0,-0.12390011958199408,0.017910119478436546,0.0,0.0,0.0,0.0
2124,1786799415,199555552,1786799415.199556,2.1949446291804353,-4.233766786499075,0.7286475054630276,0.0,0.0,0.0,1.0,-0.1222773842157565,0.019410208339003854,0.0,0.0,0.0,0.0
2125,1786799415,232856243,1786799415.232856,2.189083186443524,-4.232360872355331,0.7275514618042536,0.0,0.0,0.0,1.0,-0.1235336840217602,0.019151156982020714,0.0,0.0,0.0,0.0
2126,1786799415,299589754,1786799415.299590,2.180580999343201,-4.230897787332335,0.7272035385272767,0.0,0.0,0.0,1.0,-0.1247869581760619,0.018775692215756333,0.0,0.0,0.0,0.0
2127,1786799416,66287660,1786799416.066288,2.0721346176791897,-4.204582983965149,0.7267846891556138,0.0,0.0,0.0,1.0,-0.12389453152684357,0.03129166291533455,0.0,0.0,0.0,0.0
2128,1786799416,166259598,1786799416.166260,2.064073010793722,-4.1869769272223545,0.7253706587389493,0.0,0.0,0.0,1.0,-0.11181706670027214,0.0865010913220475,0.0,0.0,0.0,0.0
2129,1786799416,199524876,1786799416.199525,2.0605406048730384,-4.183998754286698,0.7255124743523368,0.0,0.0,0.0,1.0,-0.10552987955928711,0.091300428565517,0.0,0.0,0.0,0.0
2130,1786799416,232797130,1786799416.232797,2.0557802956997833,-4.180731520712841,0.7260095513445431,0.0,0.0,0.0,1.0,-0.10281710051467874,0.09331925553321817,0.0,0.0,0.0,0.0
2131,1786799416,332892471,1786799416.332892,2.0496072336667535,-4.172003624647729,0.724540345190088,0.0,0.0,0.0,1.0,-0.10190181112804575,0.09353883010307984,0.0,0.0,0.0,0.0
2132,1786799416,366195605,1786799416.366196,2.0448241527270863,-4.167601985292578,0.725726163489613,0.0,0.0,0.0,1.0,-0.10489676756177056,0.09676638489702383,0.0,0.0,0.0,0.0
2133,1786799416,432892044,1786799416.432892,2.0406953757196344,-4.162875748154677,0.7262361188500303,0.0,0.0,0.0,1.0,-0.10326319051838188,0.09944170814800657,0.0,0.0,0.0,0.0
2134,1786799416,599585086,1786799416.599585,2.026298307964854,-4.146272809688122,0.7261097365761192,0.0,0.0,0.0,1.0,-0.10115606013347178,0.10514745463953895,0.0,0.0,0.0,0.0
2135,1786799417,399631739,1786799417.399632,1.9447919751942706,-4.0634855725797525,0.7251123399615937,0.0,0.0,0.0,1.0,-0.10134508652740812,0.1046391595613633,0.0,0.0,0.0,0.0
2136,1786799417,599589129,1786799417.599589,1.927312340683045,-4.039381229015443,0.7266297692710345,0.0,0.0,0.0,1.0,-0.09751960534330666,0.11399049083600026,0.0,0.0,0.0,0.0
2137,1786799417,966300713,1786799417.966301,1.8900148922084021,-3.995444255448348,0.7249928373246488,0.0,0.0,0.0,1.0,-0.09983020480814228,0.12304531367497536,0.0,0.0,0.0,0.0
2138,1786799417,999563650,1786799417.999564,1.8864359852020343,-3.9907747697967313,0.727322644632466,0.0,0.0,0.0,1.0,-0.1035416868345624,0.12917231659156955,0.0,0.0,0.0,0.0
2139,1786799418,232889284,1786799418.232889,1.8939596301565373,-3.9608387103250076,0.7252844775611136,0.0,0.0,0.0,1.0,-0.10368796848607045,0.1313677390843742,0.0,0.0,0.0,0.0
2140,1786799418,266147653,1786799418.266148,1.8993769273004535,-3.957973081877033,0.7252844775611136,0.0,0.0,0.0,1.0,-0.10768582080083441,0.13576920398773948,0.0,0.0,0.0,0.0
2141,1786799418,299581913,1786799418.299582,1.9035830787721402,-3.9535989866058108,0.7255692580771915,0.0,0.0,0.0,1.0,-0.10489140838971665,0.13396826887370625,0.0,0.0,0.0,0.0
2142,1786799418,466330760,1786799418.466331,1.8982889647262056,-3.9329655870087414,0.7260847716288745,0.0,0.0,0.0,1.0,-0.10719815286926318,0.135595681836302,0.0,0.0,0.0,0.0
2143,1786799418,899623747,1786799418.899624,1.857010181574104,-3.8736485828185616,0.7254955969334549,0.0,0.0,0.0,1.0,-0.10543586048444269,0.13396507116516396,0.0,0.0,0.0,0.0
2144,1786799418,966258297,1786799418.966258,1.8533408993102274,-3.8639425426179033,0.7271776287655776,0.0,0.0,0.0,1.0,-0.10639620592054902,0.1401776333410698,0.0,0.0,0.0,0.0
2145,1786799419,99736185,1786799419.099736,1.849775753225094,-3.8451563429574156,0.726520660178944,0.0,0.0,0.0,1.0,-0.10993740923209729,0.14510860567295647,0.0,0.0,0.0,0.0
2146,1786799419,166137399,1786799419.166137,1.847501508378759,-3.8352582663474974,0.7254993902505001,0.0,0.0,0.0,1.0,-0.11071358202792052,0.14695741642597468,0.0,0.0,0.0,0.0
2147,1786799419,199724053,1786799419.199724,1.8462900302129874,-3.830117574471532,0.727732739538412,0.0,0.0,0.0,1.0,-0.10891231939266056,0.1472076435992114,0.0,0.0,0.0,0.0
2148,1786799419,399654493,1786799419.399654,1.8293912242282744,-3.7993709436267027,0.7264344165416227,0.0,0.0,0.0,1.0,-0.1132680189418419,0.15153102988394823,0.0,0.0,0.0,0.0
2149,1786799419,432911407,1786799419.432911,1.825834088611618,-3.7943417948423352,0.7293124977281598,0.0,0.0,0.0,1.0,-0.11063252361072792,0.15122917275925732,0.0,0.0,0.0,0.0
2150,1786799419,466356524,1786799419.466357,1.8247559996892164,-3.7887139272619406,0.7293124977281598,0.0,0.0,0.0,1.0,-0.11101154437221444,0.1511561655033256,0.0,0.0,0.0,0.0
2151,1786799419,499600677,1786799419.499601,1.8213413961970701,-3.784017474755723,0.7266719996217635,0.0,0.0,0.0,1.0,-0.11294576196167726,0.15174469490802642,0.0,0.0,0.0,0.0
2152,1786799419,699730188,1786799419.699730,1.801034092893003,-3.7531845935662687,0.7256567438451714,0.0,0.0,0.0,1.0,-0.11514921928771182,0.151973683879546,0.0,0.0,0.0,0.0
2153,1786799419,899741649,1786799419.899742,1.7725865414662039,-3.721782894576724,0.7269855718778095,0.0,0.0,0.0,1.0,-0.11335235507080214,0.15445236270390597,0.0,0.0,0.0,0.0
2154,1786799419,932950552,1786799419.932950,1.7687830983515358,-3.71668216302149,0.7277552370683434,0.0,0.0,0.0,1.0,-0.11406227501911151,0.1539255988209778,0.0,0.0,0.0,0.0
2155,1786799420,66315334,1786799420.066315,1.7508120448608935,-3.6958346978139875,0.7271985742870806,0.0,0.0,0.0,1.0,-0.11130078277780302,0.15306698173925698,0.0,0.0,0.0,0.0
2156,1786799420,733010128,1786799420.733010,1.6683139080893827,-3.5925405915550823,0.726027943968184,0.0,0.0,0.0,1.0,-0.11176499377915232,0.1539101040825732,0.0,0.0,0.0,0.0
2157,1786799420,766163342,1786799420.766163,1.6615852807283655,-3.580388263196179,0.726027943968184,0.0,0.0,0.0,1.0,-0.1196830839003761,0.17388346161495316,0.0,0.0,0.0,0.0
2158,1786799421,233044093,1786799421.233044,1.5970256309751,-3.4984226226090755,0.7245535293576507,0.0,0.0,0.0,1.0,-0.12001791209039758,0.17396712910898976,0.0,0.0,0.0,0.0
2159,1786799421,999567963,1786799421.999568,1.491452045987737,-3.363849854065057,0.7257929399063752,0.0,0.0,0.0,1.0,-0.1232903371761466,0.17368742234771414,0.0,0.0,0.0,0.0
2160,1786799422,99632530,1786799422.099633,1.4665947727021695,-3.3367476546259054,0.7263562239085982,0.0,0.0,0.0,1.0,-0.14061679702361513,0.18892669693756356,0.0,0.0,0.0,0.0
2161,1786799422,199614322,1786799422.199614,1.4523448280167361,-3.3180523820369254,0.7246518918327546,0.0,0.0,0.0,1.0,-0.1403572368354916,0.18768377393980157,0.0,0.0,0.0,0.0
2162,1786799422,466320481,1786799422.466321,1.4138811863326808,-3.2650562195848,0.7258171581261069,0.0,0.0,0.0,1.0,-0.14673903103599145,0.20709431105042497,0.0,0.0,0.0,0.0
2163,1786799422,699629810,1786799422.699630,1.3812526616037104,-3.2001489343531464,0.7269906522958131,0.0,0.0,0.0,1.0,-0.16032422221654474,0.22958167887503764,0.0,0.0,0.0,0.0
2164,1786799422,799659501,1786799422.799659,1.3645045255601183,-3.17386229042136,0.7242970232059771,0.0,0.0,0.0,1.0,-0.162649816201103,0.22833131457637976,0.0,0.0,0.0,0.0
2165,1786799422,932931387,1786799422.932931,1.3412168024435047,-3.1435167007631195,0.7262829114867129,0.0,0.0,0.0,1.0,-0.15877629694720266,0.22218510074876802,0.0,0.0,0.0,0.0
2166,1786799422,966238228,1786799422.966238,1.332025433326665,-3.1348125415735337,0.7262829114867129,0.0,0.0,0.0,1.0,-0.16643473341802295,0.22959180636911428,0.0,0.0,0.0,0.0
2167,1786799423,66388066,1786799423.066388,1.3084713558627534,-3.119931693063388,0.7274713244389375,0.0,0.0,0.0,1.0,-0.16727390778727985,0.2309892488302167,0.0,0.0,0.0,0.0
2168,1786799423,132974668,1786799423.132975,1.2983238761461973,-3.104427110132634,0.7281498424989244,0.0,0.0,0.0,1.0,-0.1467393469266272,0.20539612070907343,0.0,0.0,0.0,0.0
2169,1786799423,299670189,1786799423.299670,1.264758914128718,-3.071732806235621,0.7275581109607702,0.0,0.0,0.0,1.0,-0.15854380364748344,0.21500997486307333,0.0,0.0,0.0,0.0
2170,1786799423,433006447,1786799423.433007,1.2430152015603948,-3.0463922786376485,0.7284305695188424,0.0,0.0,0.0,1.0,-0.15443822506744365,0.21596764274216784,0.0,0.0,0.0,0.0
2171,1786799424,299874747,1786799424.299875,1.1184198810532795,-2.8483760954168638,0.7218376489690599,0.0,0.0,0.0,1.0,-0.15395201316256754,0.21522551132407833,0.0,0.0,0.0,0.0
2172,1786799424,333021623,1786799424.333022,1.1038080311252205,-2.851505502081662,0.7195641119811725,0.0,0.0,0.0,1.0,-0.1702312066618613,0.1955170357292565,0.0,0.0,0.0,0.0
2173,1786799424,399647944,1786799424.399648,1.0911937192988574,-2.8391766731878514,0.7196199852753509,0.0,0.0,0.0,1.0,-0.17715861371155975,0.19355246392548142,0.0,0.0,0.0,0.0
2174,1786799424,966623725,1786799424.966624,1.0070319293596768,-2.7346813590815895,0.7210764955516519,0.0,0.0,0.0,1.0,-0.17672524173823415,0.19393141021331275,0.0,0.0,0.0,0.0
2175,1786799425,199837978,1786799425.199838,0.9603724644694047,-2.682532631430727,0.719407616615115,0.0,0.0,0.0,1.0,-0.1756242135625062,0.19437251837841532,0.0,0.0,0.0,0.0
2176,1786799425,234545718,1786799425.234546,0.9466885642239546,-2.681838192553005,0.7202418497378118,0.0,0.0,0.0,1.0,-0.18837847434353416,0.18252887955572603,0.0,0.0,0.0,0.0
2177,1786799425,266293866,1786799425.266294,0.9405517081568124,-2.6762087782308597,0.7202418497378118,0.0,0.0,0.0,1.0,-0.19752631615013125,0.17261737606089286,0.0,0.0,0.0,0.0
2178,1786799425,732972125,1786799425.732972,0.7955924441619402,-2.8121390790845457,0.7192630985282518,0.0,0.0,0.0,1.0,-0.34764944226745437,-0.43569385949209016,0.0,0.0,0.0,0.0
2179,1786799426,66395624,1786799426.066396,0.7703648264159124,-2.7234369712691135,0.7184246938941494,0.0,0.0,0.0,1.0,-0.16662154737857152,0.1296340527416866,0.0,0.0,0.0,0.0
2180,1786799426,99704350,1786799426.099704,0.7638502333958908,-2.717847410227038,0.718801185290375,0.0,0.0,0.0,1.0,-0.22117469185312177,0.15234292986680006,0.0,0.0,0.0,0.0
2181,1786799426,299746831,1786799426.299747,0.7221596527682586,-2.692267383438245,0.720598335568131,0.0,0.0,0.0,1.0,-0.1718311894911782,0.13164635483143053,0.0,0.0,0.0,0.0
2182,1786799426,732920224,1786799426.732920,0.6455925778382969,-2.608059294506768,0.7203455138721958,0.0,0.0,0.0,1.0,-0.22540399095501326,0.12940540162842853,0.0,0.0,0.0,0.0
2183,1786799426,766336156,1786799426.766336,0.6380148496098208,-2.605812097709265,0.7203455138721958,0.0,0.0,0.0,1.0,-0.19980451493234264,0.1431183961754744,0.0,0.0,0.0,0.0
2184,1786799426,833006812,1786799426.833007,0.6242611173472064,-2.598247789697211,0.7220264587075905,0.0,0.0,0.0,1.0,-0.20018716631982844,0.14120535707484505,0.0,0.0,0.0,0.0
2185,1786799426,866305576,1786799426.866306,0.6173667261080382,-2.596151239220329,0.7220264587075905,0.0,0.0,0.0,1.0,-0.18326851758039803,0.1249542780099071,0.0,0.0,0.0,0.0
2186,1786799427,466389457,1786799427.466389,0.5540033233307788,-2.525176490279366,0.7233560681069684,0.0,0.0,0.0,1.0,-0.15401704502569522,-0.07098588897227101,0.0,0.0,0.0,0.0
2187,1786799427,566431171,1786799427.566431,0.5446825693795407,-2.482546079157312,0.7235858361734798,0.0,0.0,0.0,1.0,-0.1205327307256478,0.06520792477986702,0.0,0.0,0.0,0.0
2188,1786799427,599636275,1786799427.599636,0.5444582261166264,-2.472542731751063,0.7221837820244517,0.0,0.0,0.0,1.0,-0.11646261062154027,0.06284153864948003,0.0,0.0,0.0,0.0
2189,1786799427,633080466,1786799427.633080,0.5409428409623303,-2.463913617200853,0.7240355689420208,0.0,0.0,0.0,1.0,-0.12028663584778067,0.061620873196973146,0.0,0.0,0.0,0.0
2190,1786799427,766407257,1786799427.766407,0.5272640533562267,-2.4566845377649376,0.724805384551329,0.0,0.0,0.0,1.0,-0.10836554033506726,0.05061371183087225,0.0,0.0,0.0,0.0
2191,1786799427,799667446,1786799427.799667,0.523526722059783,-2.4550977360587964,0.7262298832831566,0.0,0.0,0.0,1.0,-0.11632889686274905,0.04481535971364895,0.0,0.0,0.0,0.0
2192,1786799428,133002659,1786799428.133003,0.4881273295552173,-2.4371470296504634,0.7252249142358425,0.0,0.0,0.0,1.0,-0.10485472370560116,0.034176695490840056,0.0,0.0,0.0,0.0
2193,1786799428,166348056,1786799428.166348,0.48499870161451497,-2.434053041805589,0.7252249142358425,0.0,0.0,0.0,1.0,-0.1136578561971822,0.018621617669678733,0.0,0.0,0.0,0.0
2194,1786799428,399866841,1786799428.399867,0.46240302656284804,-2.4255199156495864,0.7289928053688782,0.0,0.0,0.0,1.0,-0.09294884466104238,0.010062230466495818,0.0,0.0,0.0,0.0
2195,1786799428,733168673,1786799428.733169,0.39229457974437665,-2.5435399076354717,0.7278213516409943,0.0,0.0,0.0,1.0,-0.09296769303009048,-0.0009845171796709629,0.0,0.0,0.0,0.0
2196,1786799428,766410491,1786799428.766411,0.39019641542278194,-2.5402544398965796,0.7278213516409943,0.0,0.0,0.0,1.0,-0.08903931288018932,-0.010640182320814184,0.0,0.0,0.0,0.0
2197,1786799428,799657003,1786799428.799657,0.38762484292499977,-2.5381306519058136,0.727687518653305,0.0,0.0,0.0,1.0,-0.10491494199508491,-0.008968619888870485,0.0,0.0,0.0,0.0
2198,1786799428,899824929,1786799428.899825,0.3714403755204465,-2.531427581728555,0.7279862689414729,0.0,0.0,0.0,1.0,-0.10610939668245864,-0.01452420300940707,0.0,0.0,0.0,0.0
2199,1786799428,966463379,1786799428.966463,0.36499907575672275,-2.5299013811045885,0.7296573709974793,0.0,0.0,0.0,1.0,-0.10980090622049375,-0.018710354451129934,0.0,0.0,0.0,0.0
2200,1786799429,399828291,1786799429.399828,0.3062541269847525,-2.5259987238435118,0.7277061840531379,0.0,0.0,0.0,1.0,-0.1116095977553323,-0.025327080469948464,0.0,0.0,0.0,0.0
2201,1786799429,433052768,1786799429.433053,0.3015993998981088,-2.527504661058426,0.7262564034572577,0.0,0.0,0.0,1.0,-0.12020375695695146,-0.036126648583825166,0.0,0.0,0.0,0.0
2202,1786799429,566416869,1786799429.566417,0.29204357822477967,-2.518857682944181,0.726788822237113,0.0,0.0,0.0,1.0,-0.11527943651613515,-0.03969417554149626,0.0,0.0,0.0,0.0
2203,1786799429,699648708,1786799429.699649,0.2757983192887341,-2.5173885413655954,0.7268329174541852,0.0,0.0,0.0,1.0,-0.1069790282889444,-0.043480367213186696,0.0,0.0,0.0,0.0
2204,1786799429,933127077,1786799429.933127,0.2804125992015134,-2.5288413211127243,0.7255932831737669,0.0,0.0,0.0,1.0,-0.11479402121921489,-0.054246266293131624,0.0,0.0,0.0,0.0
2205,1786799429,966411191,1786799429.966411,0.2766227588420165,-2.5309205181381325,0.7255932831737669,0.0,0.0,0.0,1.0,-0.11465345600479718,-0.05598605330697743,0.0,0.0,0.0,0.0
2206,1786799429,999816697,1786799429.999817,0.2774154048792994,-2.5332142436462832,0.7244939332840095,0.0,0.0,0.0,1.0,-0.1076502868254555,-0.05203649409264168,0.0,0.0,0.0,0.0
2207,1786799430,99837762,1786799430.099838,0.2669680018440026,-2.5354518356711098,0.727351988564019,0.0,0.0,0.0,1.0,-0.11117306953064787,-0.058592561921523886,0.0,0.0,0.0,0.0
2208,1786799430,133016014,1786799430.133016,0.26341033395254065,-2.5374407143563245,0.7275092026980559,0.0,0.0,0.0,1.0,-0.11335372744205069,-0.059745914873102136,0.0,0.0,0.0,0.0
2209,1786799430,199735501,1786799430.199735,0.24778892488154547,-2.536860837609333,0.7246866196351714,0.0,0.0,0.0,1.0,-0.10896608665801105,-0.06199257166367615,0.0,0.0,0.0,0.0
2210,1786799430,266402842,1786799430.266403,0.24078612707696045,-2.5401319622902863,0.7257338603087532,0.0,0.0,0.0,1.0,-0.11080957301948027,-0.060794725908772336,0.0,0.0,0.0,0.0
2211,1786799430,366413257,1786799430.366413,0.22562196678127044,-2.5433879769668275,0.725418277819295,0.0,0.0,0.0,1.0,-0.10441886271261247,-0.0648409414887045,0.0,0.0,0.0,0.0
2212,1786799430,399669567,1786799430.399670,0.22209888269173206,-2.544772233784629,0.7249834551056679,0.0,0.0,0.0,1.0,-0.11558671842369238,-0.06979292555351044,0.0,0.0,0.0,0.0
2213,1786799430,999761391,1786799430.999761,0.18196953353536394,-2.5948528641719273,0.7222058039517285,0.0,0.0,0.0,1.0,-0.1117596501152141,-0.07698451715775988,0.0,0.0,0.0,0.0
2214,1786799431,66440284,1786799431.066440,0.17330702664070508,-2.601371863639454,0.7239378033559887,0.0,0.0,0.0,1.0,-0.12276335022294879,-0.08871984285374641,0.0,0.0,0.0,0.0
2215,1786799431,133121005,1786799431.133121,0.17177718896928873,-2.607003539203401,0.7244919148348896,0.0,0.0,0.0,1.0,-0.08581155456799172,-0.06586678520046031,0.0,0.0,0.0,0.0
2216,1786799431,166456330,1786799431.166456,0.16816535647869557,-2.610502426390852,0.7244919148348896,0.0,0.0,0.0,1.0,-0.09220850762161714,-0.0683510698443495,0.0,0.0,0.0,0.0
2217,1786799431,199800299,1786799431.199800,0.16529627298038463,-2.6115168724910682,0.7262569969062443,0.0,0.0,0.0,1.0,-0.10525723069642597,-0.07765609627381768,0.0,0.0,0.0,0.0
2218,1786799431,233115483,1786799431.233115,0.1650916422255566,-2.615695499734887,0.7242460618094424,0.0,0.0,0.0,1.0,-0.0914279601276513,-0.06999727057858313,0.0,0.0,0.0,0.0
2219,1786799431,466641659,1786799431.466642,0.14283597869112263,-2.6477575501857458,0.7278325146452761,0.0,0.0,0.0,1.0,-0.09044669254595708,-0.06771902329917126,0.0,0.0,0.0,0.0
2220,1786799431,499896689,1786799431.499897,0.1398282076537214,-2.6500037179858786,0.7268906113327508,0.0,0.0,0.0,1.0,-0.09036393874483571,-0.06729457240352911,0.0,0.0,0.0,0.0
2221,1786799431,599694838,1786799431.599695,0.14263074538000353,-2.651727433945515,0.7256908166702013,0.0,0.0,0.0,1.0,-0.09184691623635698,-0.07011397352474466,0.0,0.0,0.0,0.0
2222,1786799431,866448000,1786799431.866448,0.12365126207462396,-2.6677508003009924,0.7266102913387755,0.0,0.0,0.0,1.0,-0.09441770398902746,-0.06778315646115753,0.0,0.0,0.0,0.0
2223,1786799431,899830655,1786799431.899831,0.12725351728554912,-2.6696699333890908,0.7255316262725028,0.0,0.0,0.0,1.0,-0.09751127875025033,-0.06992594070730968,0.0,0.0,0.0,0.0
2224,1786799432,99816598,1786799432.099817,0.10466588125401088,-2.6788916956256648,0.7268024131353773,0.0,0.0,0.0,1.0,-0.09419184550627946,-0.06458556445686782,0.0,0.0,0.0,0.0
2225,1786799432,133219962,1786799432.133220,0.09955342574296644,-2.6799648740616746,0.7257055935640893,0.0,0.0,0.0,1.0,-0.09547905252554027,-0.06395584666820175,0.0,0.0,0.0,0.0
2226,1786799432,166536826,1786799432.166537,0.09824129618723987,-2.679529011332816,0.7257055935640893,0.0,0.0,0.0,1.0,-0.0888277938594865,-0.06060241539088811,0.0,0.0,0.0,0.0
2227,1786799432,199800813,1786799432.199801,0.09677614004417734,-2.6803482288101663,0.726754006042782,0.0,0.0,0.0,1.0,-0.08048309330565304,-0.0505416302496493,0.0,0.0,0.0,0.0
2228,1786799432,233198422,1786799432.233198,0.09474128554847994,-2.6810542306658904,0.7268561743778525,0.0,0.0,0.0,1.0,-0.08379692763183953,-0.05925030477154293,0.0,0.0,0.0,0.0
2229,1786799432,499840495,1786799432.499840,0.08312601626118443,-2.687448730775985,0.7262708691778534,0.0,0.0,0.0,1.0,-0.08825421679152054,-0.06082128077627344,0.0,0.0,0.0,0.0
2230,1786799432,666423175,1786799432.666423,0.08000944598813042,-2.697635356384685,0.727784210462835,0.0,0.0,0.0,1.0,-0.09495356082805961,-0.06313674388828036,0.0,0.0,0.0,0.0
2231,1786799432,899950066,1786799432.899950,0.0670803666282982,-2.7148324738189036,0.7273920908829051,0.0,0.0,0.0,1.0,-0.09161360329765064,-0.059716338025729065,0.0,0.0,0.0,0.0
2232,1786799432,933676942,1786799432.933677,0.06370126878675464,-2.717199042454033,0.7264191875552509,0.0,0.0,0.0,1.0,-0.09518775792756086,-0.0647581697165436,0.0,0.0,0.0,0.0
2233,1786799432,966472424,1786799432.966472,0.05791369253439882,-2.7176616933424143,0.7264191875552509,0.0,0.0,0.0,1.0,-0.0920981803848762,-0.06055014574005736,0.0,0.0,0.0,0.0
2234,1786799432,999923911,1786799432.999924,0.054567813500170814,-2.717387973530062,0.7274078823700543,0.0,0.0,0.0,1.0,-0.08362721707781644,-0.05442189176067367,0.0,0.0,0.0,0.0
2235,1786799433,299878946,1786799433.299879,0.04446357713326954,-2.7489630935230056,0.7264434821713556,0.0,0.0,0.0,1.0,-0.0949496424059858,-0.0611804488115646,0.0,0.0,0.0,0.0
2236,1786799433,599747332,1786799433.599747,0.012611529810563127,-2.763426325326696,0.725434251924158,0.0,0.0,0.0,1.0,-0.08907316154008234,-0.052866297303875306,0.0,0.0,0.0,0.0
2237,1786799434,33157416,1786799434.033157,-0.03396273986441223,-2.7832351654956073,0.7255264533713619,0.0,0.0,0.0,1.0,-0.09271452895192978,-0.05315151760431079,0.0,0.0,0.0,0.0
2238,1786799434,66507699,1786799434.066508,-0.0364660688560452,-2.784673307266937,0.7255264533713619,0.0,0.0,0.0,1.0,-0.09399878222193717,-0.05263633776917503,0.0,0.0,0.0,0.0
2239,1786799434,99838708,1786799434.099839,-0.03702520596801229,-2.786285757733064,0.725331234461173,0.0,0.0,0.0,1.0,-0.10198941350696143,-0.05450444564833619,0.0,0.0,0.0,0.0
2240,1786799434,199868184,1786799434.199868,-0.045708974760300336,-2.7905264760515403,0.7245901375268149,0.0,0.0,0.0,1.0,-0.09448323703383704,-0.0483391384107688,0.0,0.0,0.0,0.0
2241,1786799434,266531785,1786799434.266532,-0.04982598316247966,-2.7926389358467327,0.7264842582161984,0.0,0.0,0.0,1.0,-0.10255744008196771,-0.05048786119503218,0.0,0.0,0.0,0.0
2242,1786799434,433167789,1786799434.433168,-0.06556327227135839,-2.7947395695446033,0.727472962726889,0.0,0.0,0.0,1.0,-0.09679814454034451,-0.048173232691267054,0.0,0.0,0.0,0.0
2243,1786799434,466558275,1786799434.466558,-0.06863040273044341,-2.7958298110850603,0.727472962726889,0.0,0.0,0.0,1.0,-0.0979041023601559,-0.050051350637138975,0.0,0.0,0.0,0.0
2244,1786799434,566485786,1786799434.566486,-0.08207570898481897,-2.7957886758568584,0.7237874431321705,0.0,0.0,0.0,1.0,-0.09624652390687001,-0.045978536914715595,0.0,0.0,0.0,0.0
2245,1786799434,604024789,1786799434.604025,-0.0851914114016985,-2.7968750762942567,0.7249518946892035,0.0,0.0,0.0,1.0,-0.09452147261312915,-0.04318295622223228,0.0,0.0,0.0,0.0
2246,1786799434,633165151,1786799434.633165,-0.08825229790339328,-2.7977813741140567,0.7259027859492113,0.0,0.0,0.0,1.0,-0.10762273335723216,-0.049651463016844866,0.0,0.0,0.0,0.0
2247,1786799434,666582139,1786799434.666582,-0.09327918492439302,-2.7980341737210956,0.7259027859492113,0.0,0.0,0.0,1.0,-0.08871776838342675,-0.03755913274634106,0.0,0.0,0.0,0.0
2248,1786799434,699824371,1786799434.699824,-0.09610462200714309,-2.799103179832946,0.7246466227352231,0.0,0.0,0.0,1.0,-0.08573997517919461,-0.040217066565063526,0.0,0.0,0.0,0.0
2249,1786799434,733180881,1786799434.733181,-0.10051129279430882,-2.7996846767256187,0.7258574061754142,0.0,0.0,0.0,1.0,-0.10397941946845449,-0.04925822615251732,0.0,0.0,0.0,0.0
2250,1786799434,766522555,1786799434.766523,-0.10376022192262546,-2.801006905781446,0.7258574061754142,0.0,0.0,0.0,1.0,-0.09512914436190506,-0.042737629670885936,0.0,0.0,0.0,0.0
2251,1786799434,799868085,1786799434.799868,-0.1041747688893242,-2.802228427739973,0.7270627528402944,0.0,0.0,0.0,1.0,-0.08613096651972148,-0.04003816948790985,0.0,0.0,0.0,0.0
2252,1786799434,833186299,1786799434.833186,-0.10718176662923717,-2.80348261514125,0.7290630219189864,0.0,0.0,0.0,1.0,-0.09736408324099696,-0.04421835374729454,0.0,0.0,0.0,0.0
2253,1786799434,866562044,1786799434.866562,-0.10893905189496422,-2.80441433918763,0.7290630219189864,0.0,0.0,0.0,1.0,-0.10880981203767667,-0.04700706963324366,0.0,0.0,0.0,0.0
2254,1786799434,899819930,1786799434.899820,-0.11247493468938252,-2.806050925727559,0.7299901682294017,0.0,0.0,0.0,1.0,-0.09764271089530013,-0.04267105418359721,0.0,0.0,0.0,0.0
2255,1786799434,966499676,1786799434.966500,-0.11878913569473326,-2.8087993031161433,0.729265212836247,0.0,0.0,0.0,1.0,-0.09340132569227685,-0.04020539932037143,0.0,0.0,0.0,0.0
2256,1786799435,166546061,1786799435.166546,-0.11978008758130443,-2.824606704029264,0.7259537433319843,0.0,0.0,0.0,1.0,-0.10219312224475507,-0.04339991394156292,0.0,0.0,0.0,0.0
2257,1786799435,199876742,1786799435.199877,-0.12035693323719343,-2.8261121745403672,0.7282140665543932,0.0,0.0,0.0,1.0,-0.09488789982921607,-0.040422171206113196,0.0,0.0,0.0,0.0
2258,1786799435,366566563,1786799435.366567,-0.13581521938185226,-2.8337304522219893,0.7285398069000717,0.0,0.0,0.0,1.0,-0.10832298226233361,-0.04157959023264733,0.0,0.0,0.0,0.0
2259,1786799435,733360926,1786799435.733361,-0.1615756575968348,-2.849978225530874,0.726250580006259,0.0,0.0,0.0,1.0,-0.10504502334986446,-0.04295297809068138,0.0,0.0,0.0,0.0
2260,1786799435,866562441,1786799435.866562,-0.17620792667741725,-2.858441117328521,0.7234278543570968,0.0,0.0,0.0,1.0,-0.10405332039016174,-0.03608502298347656,0.0,0.0,0.0,0.0
2261,1786799435,933277426,1786799435.933277,-0.18337252456434427,-2.861410993071836,0.7258516996084619,0.0,0.0,0.0,1.0,-0.102114744952096,-0.035256637130456195,0.0,0.0,0.0,0.0
2262,1786799436,466557736,1786799436.466558,-0.24766144629084863,-2.8784667118155203,0.7274501867501193,0.0,0.0,0.0,1.0,-0.10236764399872604,-0.03448314276291892,0.0,0.0,0.0,0.0
2263,1786799436,933265559,1786799436.933265,-0.26818077261665607,-2.9012109837705005,0.7260559124266001,0.0,0.0,0.0,1.0,-0.11374315084462458,-0.032712097254889716,0.0,0.0,0.0,0.0
2264,1786799437,66599113,1786799437.066599,-0.2817511959453025,-2.904335392474919,0.7280245020175359,0.0,0.0,0.0,1.0,-0.10773798482871959,-0.026200155135605047,0.0,0.0,0.0,0.0
2265,1786799437,133261515,1786799437.133261,-0.2918210510040229,-2.9047359601705,0.7244016737585541,0.0,0.0,0.0,1.0,-0.11368696154932574,-0.02694587352333595,0.0,0.0,0.0,0.0
2266,1786799437,166584214,1786799437.166584,-0.29871224027171017,-2.904215256174596,0.7244016737585541,0.0,0.0,0.0,1.0,-0.11147970849359687,-0.026943560475536574,0.0,0.0,0.0,0.0
2267,1786799437,199915045,1786799437.199915,-0.3042546968918174,-2.9041651558104125,0.72270354848448,0.0,0.0,0.0,1.0,-0.10403157015318958,-0.024382324905909372,0.0,0.0,0.0,0.0
2268,1786799437,233250111,1786799437.233250,-0.30801930657581345,-2.9048496166961737,0.7238377691786252,0.0,0.0,0.0,1.0,-0.12761532024263145,-0.029854097427233276,0.0,0.0,0.0,0.0
2269,1786799437,333271213,1786799437.333271,-0.33126955858948115,-2.9051836824758728,0.7262799825693772,0.0,0.0,0.0,1.0,-0.10833125946789571,-0.025413913252036804,0.0,0.0,0.0,0.0
2270,1786799437,499876748,1786799437.499877,-0.3515970068802243,-2.90671959505916,0.7254261645719509,0.0,0.0,0.0,1.0,-0.12126063070942027,-0.02847685068803796,0.0,0.0,0.0,0.0
2271,1786799437,600089701,1786799437.600090,-0.36367381414727973,-2.9098032569238153,0.7265482020411336,0.0,0.0,0.0,1.0,-0.11404299427860047,-0.027230773127948048,0.0,0.0,0.0,0.0
2272,1786799437,766759254,1786799437.766759,-0.38289545398421687,-2.914616961490843,0.72624380010791,0.0,0.0,0.0,1.0,-0.12437828098436662,-0.027559826885936084,0.0,0.0,0.0,0.0
2273,1786799438,199957010,1786799438.199957,-0.4314638806512825,-2.9299507425388245,0.7283163924172258,0.0,0.0,0.0,1.0,-0.12323945573826144,-0.027046873013603548,0.0,0.0,0.0,0.0
2274,1786799438,233279288,1786799438.233279,-0.4331961400402893,-2.9316853368357534,0.729307318959915,0.0,0.0,0.0,1.0,-0.1268930937858975,-0.02519195495613226,0.0,0.0,0.0,0.0
2275,1786799438,433261428,1786799438.433261,-0.4553644252244968,-2.937832290245498,0.7292170075584666,0.0,0.0,0.0,1.0,-0.11768034327494227,-0.023630640133973126,0.0,0.0,0.0,0.0
2276,1786799438,499955685,1786799438.499956,-0.4635850397769019,-2.9392290546474853,0.7275687831899728,0.0,0.0,0.0,1.0,-0.12076139578925398,-0.021370847655454203,0.0,0.0,0.0,0.0
2277,1786799438,533315425,1786799438.533315,-0.4676327029827583,-2.9398731196667214,0.7279016924160996,0.0,0.0,0.0,1.0,-0.1224191933407949,-0.023128047065523974,0.0,0.0,0.0,0.0
2278,1786799438,800112634,1786799438.800113,-0.4991756222556507,-2.9462993096939534,0.7295677731270113,0.0,0.0,0.0,1.0,-0.1223353591662978,-0.022870668145877248,0.0,0.0,0.0,0.0
2279,1786799438,866571654,1786799438.866572,-0.5078766819666427,-2.947723647973382,0.7274596384955055,0.0,0.0,0.0,1.0,-0.1323854131156213,-0.023020928290199826,0.0,0.0,0.0,0.0
2280,1786799438,966603025,1786799438.966603,-0.5154250007854468,-2.9510547170249364,0.7261160608459034,0.0,0.0,0.0,1.0,-0.1289194854921243,-0.023920812263601803,0.0,0.0,0.0,0.0
2281,1786799438,999951975,1786799438.999952,-0.5197663034561852,-2.951795479684696,0.7269451932840622,0.0,0.0,0.0,1.0,-0.13155629981295314,-0.020796692209841566,0.0,0.0,0.0,0.0
2282,1786799439,66615205,1786799439.066615,-0.5251221720978805,-2.953531784335077,0.7258674489894102,0.0,0.0,0.0,1.0,-0.12890158057149698,-0.02400104235568952,0.0,0.0,0.0,0.0
2283,1786799439,99952285,1786799439.099952,-0.5285505454610018,-2.9540182539689113,0.7271979196564402,0.0,0.0,0.0,1.0,-0.11457561316776982,-0.02173888206782627,0.0,0.0,0.0,0.0
2284,1786799439,166620700,1786799439.166621,-0.5368843951053996,-2.954161024527532,0.727343403808682,0.0,0.0,0.0,1.0,-0.1344545418948,-0.023930650718771873,0.0,0.0,0.0,0.0
2285,1786799439,199953871,1786799439.199954,-0.5403056967193187,-2.954617082007068,0.7285122610518041,0.0,0.0,0.0,1.0,-0.12793548318610806,-0.023356014223797857,0.0,0.0,0.0,0.0
2286,1786799439,233259275,1786799439.233259,-0.543504511937968,-2.9551482898753316,0.7285436191101416,0.0,0.0,0.0,1.0,-0.11651885043258073,-0.021507076758393577,0.0,0.0,0.0,0.0
2287,1786799439,266659538,1786799439.266659,-0.5470288325504278,-2.955901349464092,0.7285436191101416,0.0,0.0,0.0,1.0,-0.1369534349695637,-0.02043518970877502,0.0,0.0,0.0,0.0
2288,1786799439,399941661,1786799439.399942,-0.5631062714492625,-2.9584429159152514,0.7280813668817627,0.0,0.0,0.0,1.0,-0.12369991317661645,-0.020517793888725506,0.0,0.0,0.0,0.0
2289,1786799439,433276266,1786799439.433276,-0.565363095113387,-2.9593326864426066,0.7257417783146431,0.0,0.0,0.0,1.0,-0.11975749337304872,-0.019217927836001618,0.0,0.0,0.0,0.0
2290,1786799439,466614278,1786799439.466614,-0.5686486975157958,-2.9601803118971786,0.7257417783146431,0.0,0.0,0.0,1.0,-0.10758207349959606,-0.017362205119257255,0.0,0.0,0.0,0.0
2291,1786799439,499969168,1786799439.499969,-0.5720816158563107,-2.9604783948260267,0.7281526749422385,0.0,0.0,0.0,1.0,-0.13469669429761918,-0.020147236458314184,0.0,0.0,0.0,0.0
2292,1786799440,266612468,1786799440.266613,-0.6086228301406322,-2.9960204484722093,0.7224346376244183,0.0,0.0,0.0,1.0,-0.03778297065544643,-0.06977037081031147,0.0,0.0,0.0,0.0
2293,1786799440,333296655,1786799440.333297,-0.6533134484251715,-2.9792787491991213,0.725033713687572,0.0,0.0,0.0,1.0,-0.1220921285021772,-0.020469394736777793,0.0,0.0,0.0,0.0
2294,1786799441,50194,1786799441.000050,-0.7260970925181667,-2.9992204684350394,0.7271916716064107,0.0,0.0,0.0,1.0,-0.11469353924552249,-0.019559657146457556,0.0,0.0,0.0,0.0
2295,1786799441,33325660,1786799441.033326,-0.72963130683193,-2.9998941550366505,0.7266384706275292,0.0,0.0,0.0,1.0,-0.1134415094370465,-0.019977877803985074,0.0,0.0,0.0,0.0
2296,1786799441,200078265,1786799441.200078,-0.7485340662792517,-3.0041404080658216,0.7288364448959336,0.0,0.0,0.0,1.0,-0.12360509834108271,-0.02203787925001991,0.0,0.0,0.0,0.0
2297,1786799441,233346762,1786799441.233347,-0.7531693139410205,-3.005063547737615,0.7267948317417088,0.0,0.0,0.0,1.0,-0.13223475357202122,-0.02473815923049385,0.0,0.0,0.0,0.0
2298,1786799441,299992943,1786799441.299993,-0.7611345672175069,-3.007030931297166,0.7271588389336171,0.0,0.0,0.0,1.0,-0.12537265599377892,-0.021458305545362204,0.0,0.0,0.0,0.0
2299,1786799441,466691005,1786799441.466691,-0.7801095251866617,-3.0075541503640726,0.7277767447072625,0.0,0.0,0.0,1.0,-0.12361048630814947,-0.020998229463258675,0.0,0.0,0.0,0.0
2300,1786799441,866657234,1786799441.866657,-0.8179408906123236,-3.0163895178566626,0.728726355076675,0.0,0.0,0.0,1.0,-0.12707655923984967,-0.02129822795476629,0.0,0.0,0.0,0.0
2301,1786799442,66691513,1786799442.066691,-0.8417953122305075,-3.021127447986557,0.7262961769335066,0.0,0.0,0.0,1.0,-0.12449176169801045,-0.02407555599802571,0.0,0.0,0.0,0.0
2302,1786799442,133376871,1786799442.133377,-0.8499953763031325,-3.0224182954854117,0.7284555458871382,0.0,0.0,0.0,1.0,-0.12576190571887175,-0.023600510001726516,0.0,0.0,0.0,0.0
2303,1786799442,200049607,1786799442.200050,-0.8586566400201789,-3.0237463662286705,0.7257816606041304,0.0,0.0,0.0,1.0,-0.11998086648228268,-0.0217743549987828,0.0,0.0,0.0,0.0
2304,1786799442,333351647,1786799442.333352,-0.8752507808068515,-3.026762280343573,0.7258146290721562,0.0,0.0,0.0,1.0,-0.12723026247511274,-0.02295783981987132,0.0,0.0,0.0,0.0
2305,1786799442,368630580,1786799442.368631,-0.8814079982506335,-3.0279553510348256,0.7250746455052808,0.0,0.0,0.0,1.0,-0.13230782431139373,-0.02516285681151754,0.0,0.0,0.0,0.0
2306,1786799442,400008872,1786799442.400009,-0.887280530510326,-3.0292344244606735,0.7250746455052808,0.0,0.0,0.0,1.0,-0.13299345397868917,-0.025795638412252245,0.0,0.0,0.0,0.0
2307,1786799442,499990017,1786799442.499990,-0.8934299044128444,-3.033244153059523,0.7260264850136079,0.0,0.0,0.0,1.0,-0.1301128620951454,-0.024171926543232282,0.0,0.0,0.0,0.0
2308,1786799442,533361144,1786799442.533361,-0.896998740002168,-3.0347062111367924,0.7279539117594019,0.0,0.0,0.0,1.0,-0.1295731051885896,-0.02338525276350794,0.0,0.0,0.0,0.0
2309,1786799442,566708720,1786799442.566709,-0.9016171074175379,-3.0357441810078,0.7279539117594019,0.0,0.0,0.0,1.0,-0.13092990543161,-0.023261191168973544,0.0,0.0,0.0,0.0
2310,1786799442,933360252,1786799442.933360,-0.9472333323471585,-3.046034824246832,0.7258599159124572,0.0,0.0,0.0,1.0,-0.12797628579645448,-0.02654104156466125,0.0,0.0,0.0,0.0
2311,1786799443,33367446,1786799443.033367,-0.9611300595188315,-3.048200960277801,0.7277656664857723,0.0,0.0,0.0,1.0,-0.12121879414616561,-0.02434163097062803,0.0,0.0,0.0,0.0
2312,1786799443,66701301,1786799443.066701,-0.9654833851703533,-3.0492515654278525,0.7277656664857723,0.0,0.0,0.0,1.0,-0.1224035796033685,-0.023782209513814035,0.0,0.0,0.0,0.0
2313,1786799443,100038049,1786799443.100038,-0.9717981837358209,-3.0495938752226506,0.7252825697543733,0.0,0.0,0.0,1.0,-0.12330188605485772,-0.022361889986763965,0.0,0.0,0.0,0.0
2314,1786799443,166715784,1786799443.166716,-0.9789167167688664,-3.05189921743124,0.7254230328957986,0.0,0.0,0.0,1.0,-0.12279693880465327,-0.02427621425426329,0.0,0.0,0.0,0.0
2315,1786799443,200031479,1786799443.200032,-0.9824264917847927,-3.0532049146600944,0.727191757064158,0.0,0.0,0.0,1.0,-0.11749371886113048,-0.023368244356409423,0.0,0.0,0.0,0.0
2316,1786799443,233353476,1786799443.233353,-0.9851785557580541,-3.05463257078102,0.7259742589685573,0.0,0.0,0.0,1.0,-0.12039426210651676,-0.02347168780643345,0.0,0.0,0.0,0.0
2317,1786799443,266662531,1786799443.266663,-0.9896471854669322,-3.0556178129644476,0.7259742589685573,0.0,0.0,0.0,1.0,-0.13261904211984504,-0.02625687350419231,0.0,0.0,0.0,0.0
2318,1786799443,299995094,1786799443.299995,-0.9940213296572615,-3.056563679042336,0.7272716506350548,0.0,0.0,0.0,1.0,-0.12668273778674805,-0.024626405445613817,0.0,0.0,0.0,0.0
2319,1786799443,333361965,1786799443.333362,-0.9976255516044201,-3.0577563933128022,0.7252856185510463,0.0,0.0,0.0,1.0,-0.12442466318008415,-0.02399118970449695,0.0,0.0,0.0,0.0
2320,1786799443,366684777,1786799443.366685,-1.0018566666558542,-3.0584731134273238,0.7252856185510463,0.0,0.0,0.0,1.0,-0.1291217514506688,-0.025695989707157314,0.0,0.0,0.0,0.0
2321,1786799443,866708471,1786799443.866709,-1.0762950158204063,-3.1316379342518585,0.7259164993714131,0.0,0.0,0.0,1.0,-0.09411138437854794,-0.00825353698459802,0.0,0.0,0.0,0.0
2322,1786799444,33369998,1786799444.033370,-1.085941609656988,-3.1342935297089007,0.7260178964736033,0.0,0.0,0.0,1.0,-0.12287121407282264,-0.02372185303869582,0.0,0.0,0.0,0.0
2323,1786799444,66702516,1786799444.066703,-1.090560867074485,-3.1359974604860605,0.7260178964736033,0.0,0.0,0.0,1.0,-0.13339441242081176,-0.02501061792096769,0.0,0.0,0.0,0.0
2324,1786799444,400045855,1786799444.400046,-1.1358081820249613,-3.114649097482144,0.7277484036720667,0.0,0.0,0.0,1.0,-0.11055342495650902,-0.009434461436520991,0.0,0.0,0.0,0.0
2325,1786799444,433372239,1786799444.433372,-1.1433262490536222,-3.1136003342987113,0.7292411949981649,0.0,0.0,0.0,1.0,-0.13350958609062244,-0.01863378175421232,0.0,0.0,0.0,0.0
2326,1786799444,800062406,1786799444.800062,-1.1728420824092591,-3.031560633876132,0.7240768139927178,0.0,0.0,0.0,1.0,-0.1351385451281408,-0.008181316112611664,0.0,0.0,0.0,0.0
2327,1786799444,833393925,1786799444.833394,-1.178534529110685,-3.036536159943633,0.7258411099520009,0.0,0.0,0.0,1.0,-0.13434275652529828,-0.005799488822207596,0.0,0.0,0.0,0.0
2328,1786799445,233425450,1786799445.233425,-1.2222894837361995,-3.042726558232825,0.726319122798267,0.0,0.0,0.0,1.0,-0.12276474190188713,-0.0035223494978948076,0.0,0.0,0.0,0.0
2329,1786799445,300043968,1786799445.300044,-1.233976120208224,-3.0464838288895977,0.7241242956728919,0.0,0.0,0.0,1.0,-0.13315480374043506,-0.007869311154253884,0.0,0.0,0.0,0.0
2330,1786799445,333370863,1786799445.333371,-1.2396890621737562,-3.048803201699653,0.7250808272597564,0.0,0.0,0.0,1.0,-0.13540903909649019,-0.009800687268525024,0.0,0.0,0.0,0.0
2331,1786799445,366711993,1786799445.366712,-1.2421944997249437,-3.0500287873031398,0.7250808272597564,0.0,0.0,0.0,1.0,-0.13647644100913048,-0.010318907691345561,0.0,0.0,0.0,0.0
2332,1786799445,400126900,1786799445.400127,-1.250071962840746,-3.051626858053519,0.7257057764234163,0.0,0.0,0.0,1.0,-0.13773014216661628,-0.011366430350056826,0.0,0.0,0.0,0.0
2333,1786799445,600050280,1786799445.600050,-1.2781382901385658,-3.0581397482666985,0.7243704971232351,0.0,0.0,0.0,1.0,-0.14059567419420296,-0.016640686760163996,0.0,0.0,0.0,0.0
2334,1786799445,966724221,1786799445.966724,-1.3291891055584397,-3.0635902509112065,0.7239342173012386,0.0,0.0,0.0,1.0,-0.14206210420994295,-0.0159797392383,0.0,0.0,0.0,0.0
2335,1786799446,33435273,1786799446.033435,-1.3379260761575615,-3.0643193046445103,0.7252896989191607,0.0,0.0,0.0,1.0,-0.13616817218927146,-0.01623386760856683,0.0,0.0,0.0,0.0
2336,1786799446,66716230,1786799446.066716,-1.347110845878996,-3.0650246338912277,0.7252896989191607,0.0,0.0,0.0,1.0,-0.13502008954549768,-0.01686524622061317,0.0,0.0,0.0,0.0
2337,1786799446,100053214,1786799446.100053,-1.354617537779328,-3.065042805179463,0.7266268606620719,0.0,0.0,0.0,1.0,-0.13495210611594535,-0.01694141954253038,0.0,0.0,0.0,0.0
2338,1786799446,133411743,1786799446.133412,-1.3586094784031495,-3.0652540390189777,0.7248903149631085,0.0,0.0,0.0,1.0,-0.13214704241465963,-0.01707726862917739,0.0,0.0,0.0,0.0
2339,1786799446,533432742,1786799446.533433,-1.4059259276376554,-3.0680453965339316,0.7262494135670717,0.0,0.0,0.0,1.0,-0.1148268304257877,-0.010617167774903145,0.0,0.0,0.0,0.0
2340,1786799446,633431612,1786799446.633432,-1.4180353535085466,-3.069089179413521,0.7236444618734262,0.0,0.0,0.0,1.0,-0.1316986171986545,-0.0175942822400686,0.0,0.0,0.0,0.0
2341,1786799446,733403448,1786799446.733403,-1.4311714868650505,-3.070638339910268,0.7250513252284362,0.0,0.0,0.0,1.0,-0.13330240140247857,-0.01708338749053326,0.0,0.0,0.0,0.0
2342,1786799446,966725155,1786799446.966725,-1.4763127656764112,-3.108948909482627,0.7265238745436409,0.0,0.0,0.0,1.0,-0.13218830808679188,-0.013219259683220352,0.0,0.0,0.0,0.0
2343,1786799447,100075760,1786799447.100076,-1.4832906993735406,-3.1089480702630086,0.7258234083876594,0.0,0.0,0.0,1.0,-0.13464839479952626,-0.01706008477477866,0.0,0.0,0.0,0.0
2344,1786799447,166757911,1786799447.166758,-1.4820782177584508,-3.113406168012639,0.7281086762172329,0.0,0.0,0.0,1.0,-0.12765562057140914,-0.01275746996318887,0.0,0.0,0.0,0.0
2345,1786799447,200112127,1786799447.200112,-1.4839977355833938,-3.1154618992040275,0.7256967397623965,0.0,0.0,0.0,1.0,-0.11865356509900817,-0.013499200264289215,0.0,0.0,0.0,0.0
2346,1786799447,233419739,1786799447.233420,-1.4864519041223652,-3.117063546222144,0.7243947735291847,0.0,0.0,0.0,1.0,-0.11904754344698776,-0.014535774898295481,0.0,0.0,0.0,0.0
2347,1786799447,266772412,1786799447.266773,-1.4894749293871286,-3.1184207594100952,0.7243947735291847,0.0,0.0,0.0,1.0,-0.1226603856085695,-0.013300745803110024,0.0,0.0,0.0,0.0
2348,1786799447,366750536,1786799447.366750,-1.4936414366194324,-3.1191314349143155,0.7270559671465989,0.0,0.0,0.0,1.0,-0.12889965730640238,-0.014079757357494262,0.0,0.0,0.0,0.0
2349,1786799447,600099186,1786799447.600099,-1.531068347036074,-3.1109226128599214,0.7275289716509477,0.0,0.0,0.0,1.0,-0.133341251786519,-0.012478293732766023,0.0,0.0,0.0,0.0
2350,1786799447,633441787,1786799447.633442,-1.535443155633164,-3.111523840700886,0.7272879477979043,0.0,0.0,0.0,1.0,-0.13305703965229704,-0.014534889504784642,0.0,0.0,0.0,0.0
2351,1786799447,800260709,1786799447.800261,-1.557747114031054,-3.1144466553551506,0.7282894063653141,0.0,0.0,0.0,1.0,-0.1334376336017457,-0.01811834342706068,0.0,0.0,0.0,0.0
2352,1786799448,33448663,1786799448.033449,-1.5898056410355732,-3.119187321766118,0.7274231157123647,0.0,0.0,0.0,1.0,-0.13628008609107128,-0.01572088135289015,0.0,0.0,0.0,0.0
2353,1786799448,233494545,1786799448.233495,-1.6142793121939274,-3.1239860799013197,0.7251840112933615,0.0,0.0,0.0,1.0,-0.1363575924268405,-0.01688430014146935,0.0,0.0,0.0,0.0
2354,1786799448,300121074,1786799448.300121,-1.6229914330602497,-3.124727446579359,0.7249929105243049,0.0,0.0,0.0,1.0,-0.13433123343836617,-0.017156292146086105,0.0,0.0,0.0,0.0
2355,1786799448,333441300,1786799448.333441,-1.6277746353938092,-3.1250542778782395,0.7264816404686709,0.0,0.0,0.0,1.0,-0.1435461563818598,-0.01812902335286938,0.0,0.0,0.0,0.0
2356,1786799448,900122703,1786799448.900123,-1.7208944611885642,-3.142343537743331,0.7261571366702553,0.0,0.0,0.0,1.0,-0.10864551307045263,-0.012233662298947616,0.0,0.0,0.0,0.0
2357,1786799448,933513826,1786799448.933514,-1.7228647171768383,-3.1474846101023592,0.7253185068692631,0.0,0.0,0.0,1.0,-0.125561374118674,-0.015170186936573734,0.0,0.0,0.0,0.0
2358,1786799448,966788034,1786799448.966788,-1.727167668709237,-3.147858959189421,0.7253185068692631,0.0,0.0,0.0,1.0,-0.1290158998671167,-0.017545741254101247,0.0,0.0,0.0,0.0
2359,1786799449,33464837,1786799449.033465,-1.7379861594157706,-3.148571046577871,0.7244522448468329,0.0,0.0,0.0,1.0,-0.13135470394405988,-0.019030316843498304,0.0,0.0,0.0,0.0
2360,1786799449,200179173,1786799449.200179,-1.757163746427235,-3.1528157817810505,0.7278124743302151,0.0,0.0,0.0,1.0,-0.12841041005026693,-0.017773451454539572,0.0,0.0,0.0,0.0
2361,1786799449,400197340,1786799449.400197,-1.7794282841841706,-3.157031805969471,0.7256340841692822,0.0,0.0,0.0,1.0,-0.13159003882900372,-0.016640743813131458,0.0,0.0,0.0,0.0
2362,1786799449,933520042,1786799449.933520,-1.8511030062490104,-3.1654938044663696,0.7255261580181802,0.0,0.0,0.0,1.0,-0.13825041762496548,-0.01746485145252394,0.0,0.0,0.0,0.0
2363,1786799449,966811932,1786799449.966812,-1.8548122333146893,-3.1658233294502223,0.7255261580181802,0.0,0.0,0.0,1.0,-0.1309599098237463,-0.016876818464309693,0.0,0.0,0.0,0.0
2364,1786799450,33470899,1786799450.033471,-1.8632252896355457,-3.1667289209799097,0.7258950356427639,0.0,0.0,0.0,1.0,-0.1254036252292982,-0.01739285245030862,0.0,0.0,0.0,0.0
2365,1786799450,66810976,1786799450.066811,-1.8642625327210194,-3.1648982862411668,0.7258950356427639,0.0,0.0,0.0,1.0,-0.12680868357619707,-0.015463793086644743,0.0,0.0,0.0,0.0
2366,1786799450,100123628,1786799450.100124,-1.8682892738805723,-3.165076299850666,0.7254295909282215,0.0,0.0,0.0,1.0,-0.12671543049826894,-0.01604831687517229,0.0,0.0,0.0,0.0
2367,1786799450,300167797,1786799450.300168,-1.886180993878849,-3.1638688711365086,0.7273993258125058,0.0,0.0,0.0,1.0,-0.1317898962799816,-0.013344086200824043,0.0,0.0,0.0,0.0
2368,1786799450,600194579,1786799450.600195,-1.917716737793885,-3.1737560165099623,0.7259013333223777,0.0,0.0,0.0,1.0,-0.12997063959892793,-0.016568011262726133,0.0,0.0,0.0,0.0
2369,1786799450,700173424,1786799450.700173,-1.9311411527401106,-3.1742937116591214,0.7235422365377419,0.0,0.0,0.0,1.0,-0.13301273969366478,-0.0142165016233306,0.0,0.0,0.0,0.0
2370,1786799451,200147397,1786799451.200147,-1.9991136366517654,-3.1845262462962767,0.7258998781265337,0.0,0.0,0.0,1.0,-0.13530395171797577,-0.021325384027665806,0.0,0.0,0.0,0.0
2371,1786799451,233481279,1786799451.233481,-2.00282637644726,-3.1846055784576266,0.722680782969697,0.0,0.0,0.0,1.0,-0.12955911186506647,-0.018984084697476138,0.0,0.0,0.0,0.0
2372,1786799452,240445,1786799452.000240,-2.1056937841395538,-3.2361035119393433,0.727241070152195,0.0,0.0,0.0,1.0,-0.09065772736418576,0.005943828982683641,0.0,0.0,0.0,0.0
2373,1786799452,33556418,1786799452.033556,-2.1080386066459127,-3.2335737414057295,0.7256529387645037,0.0,0.0,0.0,1.0,-0.13865353119722282,-0.020245703961765477,0.0,0.0,0.0,0.0
2374,1786799452,233560759,1786799452.233561,-2.132536877598831,-3.2341067583238567,0.7275605126116083,0.0,0.0,0.0,1.0,-0.134698647351191,-0.017728784755284034,0.0,0.0,0.0,0.0
2375,1786799452,666887928,1786799452.666888,-2.148809060443586,-3.194288442038663,0.7279036253283477,0.0,0.0,0.0,1.0,-0.08134303553587004,-0.0004944241562506169,0.0,0.0,0.0,0.0
2376,1786799452,833543417,1786799452.833543,-2.1709100164719857,-3.1932069786505908,0.7273717269467722,0.0,0.0,0.0,1.0,-0.1087470988266367,-0.006219986192533813,0.0,0.0,0.0,0.0
2377,1786799453,66908170,1786799453.066908,-2.1992818738928026,-3.1955763191245268,0.7257968951491217,0.0,0.0,0.0,1.0,-0.13438426339987555,-0.014085148095676014,0.0,0.0,0.0,0.0
2378,1786799453,133533189,1786799453.133533,-2.2084337684696465,-3.195674678165056,0.725357922846804,0.0,0.0,0.0,1.0,-0.14033758217510747,0.0110964885941209,0.0,0.0,0.0,0.0
2379,1786799453,400229029,1786799453.400229,-2.233127173442126,-3.201185760445628,0.7257789665820467,0.0,0.0,0.0,1.0,-0.13111371874510824,0.013922411081546866,0.0,0.0,0.0,0.0
2380,1786799453,600234711,1786799453.600235,-2.270193353218467,-3.1798791293669035,0.7271819187086032,0.0,0.0,0.0,1.0,-0.1358454284574395,0.010592989301153908,0.0,0.0,0.0,0.0
2381,1786799453,666912690,1786799453.666913,-2.283805581378367,-3.179748777782078,0.7255911862871889,0.0,0.0,0.0,1.0,-0.13615381282186043,0.010503856920749833,0.0,0.0,0.0,0.0
2382,1786799453,766903272,1786799453.766903,-2.2997582559327743,-3.180733569846411,0.7256424988314585,0.0,0.0,0.0,1.0,-0.14058040476288117,0.015153567867327106,0.0,0.0,0.0,0.0
2383,1786799453,933600144,1786799453.933600,-2.3195713339835375,-3.1787089380805438,0.7281322062010125,0.0,0.0,0.0,1.0,-0.13849941849963363,0.015147920973842382,0.0,0.0,0.0,0.0
2384,1786799454,200310899,1786799454.200311,-2.361082991809843,-3.1739392238674142,0.72812877188338,0.0,0.0,0.0,1.0,-0.13260463253440224,0.013311157253535441,0.0,0.0,0.0,0.0
2385,1786799454,300256772,1786799454.300257,-2.3732334778737965,-3.1704303860654353,0.7266203349371473,0.0,0.0,0.0,1.0,-0.1330316420898515,0.017844888466940836,0.0,0.0,0.0,0.0
2386,1786799454,333558348,1786799454.333558,-2.380435552060632,-3.1686868653947338,0.7258436658584709,0.0,0.0,0.0,1.0,-0.132941981405668,0.01709085902499093,0.0,0.0,0.0,0.0
2387,1786799454,400241069,1786799454.400241,-2.3911100288306866,-3.1672708444314956,0.7256899759121288,0.0,0.0,0.0,1.0,-0.1364829954053638,0.018932614265519513,0.0,0.0,0.0,0.0
2388,1786799454,466900920,1786799454.466901,-2.4010612532026787,-3.1660740328620687,0.7252012988936521,0.0,0.0,0.0,1.0,-0.12605291149254633,0.015199699541547611,0.0,0.0,0.0,0.0
2389,1786799454,666904347,1786799454.666904,-2.447562004880023,-3.1854164671449245,0.7273237006309259,0.0,0.0,0.0,1.0,-0.11930154552387338,0.013012931132707746,0.0,0.0,0.0,0.0
2390,1786799455,333625367,1786799455.333625,-2.519406724059703,-3.1741865617168266,0.7243203090415083,0.0,0.0,0.0,1.0,-0.094933355486892,0.030722272657359734,0.0,0.0,0.0,0.0
2391,1786799455,466918193,1786799455.466918,-2.540612664669366,-3.17261172437481,0.728189217941827,0.0,0.0,0.0,1.0,-0.1244186946120202,0.01799888721284015,0.0,0.0,0.0,0.0
2392,1786799456,332020,1786799456.000332,-2.569884588601358,-3.143391764777028,0.7278747033196924,0.0,0.0,0.0,1.0,-0.1398573363159953,0.015053772696656212,0.0,0.0,0.0,0.0
2393,1786799456,100261027,1786799456.100261,-2.585395971403493,-3.143745183093607,0.7246559972353842,0.0,0.0,0.0,1.0,-0.13769442360532955,0.014651442669845863,0.0,0.0,0.0,0.0
2394,1786799456,600412408,1786799456.600412,-2.6592631682543804,-3.1384556125180136,0.7271013700458063,0.0,0.0,0.0,1.0,-0.13974488619779526,0.002650809964792821,0.0,0.0,0.0,0.0
2395,1786799457,333607133,1786799457.333607,-2.7602341254615865,-3.140096840923495,0.7221640666746068,0.0,0.0,0.0,1.0,-0.14182522111820647,0.005375602845231196,0.0,0.0,0.0,0.0
2396,1786799457,366936647,1786799457.366937,-2.7650570138274784,-3.13952528778613,0.7221640666746068,0.0,0.0,0.0,1.0,-0.14257156238555305,0.008312130559760735,0.0,0.0,0.0,0.0
2397,1786799457,533667465,1786799457.533668,-2.785863335729429,-3.139555227030403,0.7240069092134789,0.0,0.0,0.0,1.0,-0.1272804265249484,0.00835439920491479,0.0,0.0,0.0,0.0
2398,1786799457,600440012,1786799457.600440,-2.7945436729042648,-3.140212785624054,0.7228031058128466,0.0,0.0,0.0,1.0,-0.13255216586484245,0.0031825967227080317,0.0,0.0,0.0,0.0
2399,1786799457,833709848,1786799457.833710,-2.8244444198786347,-3.1388739790213114,0.7268984815242656,0.0,0.0,0.0,1.0,-0.12522136593245692,0.006820630201727718,0.0,0.0,0.0,0.0
2400,1786799457,900296879,1786799457.900297,-2.8177473195587908,-3.1440882659879783,0.7280168251992144,0.0,0.0,0.0,1.0,-0.1197535749756528,0.005049357584892486,0.0,0.0,0.0,0.0
2401,1786799457,933648586,1786799457.933649,-2.821147611113137,-3.1442388987559555,0.7271561193603582,0.0,0.0,0.0,1.0,-0.13919087452399334,0.005159808767827765,0.0,0.0,0.0,0.0
2402,1786799458,166974014,1786799458.166974,-2.8441088965487804,-3.1467293897342428,0.7259767809602783,0.0,0.0,0.0,1.0,-0.1290862945953448,0.0028015056198685247,0.0,0.0,0.0,0.0
2403,1786799458,266966353,1786799458.266966,-2.856682093035932,-3.146086622074293,0.7260055515140257,0.0,0.0,0.0,1.0,-0.1260698582047573,0.005670575060226858,0.0,0.0,0.0,0.0
2404,1786799459,200344615,1786799459.200345,-2.972940428718797,-3.1355661758514066,0.7275090985152021,0.0,0.0,0.0,1.0,-0.12377770938149509,0.00958300342577242,0.0,0.0,0.0,0.0
2405,1786799459,500417707,1786799459.500418,-3.0092454970508093,-3.1360154741251867,0.7306072926737535,0.0,0.0,0.0,1.0,-0.11602947823424362,0.0039260828267132725,0.0,0.0,0.0,0.0
2406,1786799459,733752121,1786799459.733752,-3.0347853809165333,-3.1356716969482896,0.7294656489718809,0.0,0.0,0.0,1.0,-0.1027877812081942,0.0019010347149224461,0.0,0.0,0.0,0.0
2407,1786799459,766995150,1786799459.766995,-3.039749472001173,-3.1357773488204166,0.7294656489718809,0.0,0.0,0.0,1.0,-0.12285824543208165,0.001315466629158948,0.0,0.0,0.0,0.0
2408,1786799459,800442008,1786799459.800442,-3.044276037086835,-3.136163413848598,0.7277444382189804,0.0,0.0,0.0,1.0,-0.1248466667778696,8.277084871944652e-06,0.0,0.0,0.0,0.0
2409,1786799459,833666799,1786799459.833667,-3.0485752920595104,-3.1364892665486654,0.7282393105286218,0.0,0.0,0.0,1.0,-0.12021372607549356,0.0012673242904751825,0.0,0.0,0.0,0.0
2410,1786799459,867005886,1786799459.867006,-3.053529516008302,-3.1368845738861753,0.7282393105286218,0.0,0.0,0.0,1.0,-0.13710839557450147,0.001513414880595245,0.0,0.0,0.0,0.0
2411,1786799459,933762355,1786799459.933762,-3.0641151906162154,-3.1326923149644395,0.7285177373809595,0.0,0.0,0.0,1.0,-0.13060627924654755,0.001973615310612513,0.0,0.0,0.0,0.0
2412,1786799460,33698011,1786799460.033698,-3.074802814578849,-3.1255134747667457,0.7261941147436343,0.0,0.0,0.0,1.0,-0.14097885721825848,0.001521601231162406,0.0,0.0,0.0,0.0
2413,1786799460,167017936,1786799460.167018,-3.08867554225629,-3.1173236797102444,0.7246849014956009,0.0,0.0,0.0,1.0,-0.12864927992102368,0.001436340372133027,0.0,0.0,0.0,0.0
2414,1786799460,233690456,1786799460.233691,-3.095862727293788,-3.1151417243042236,0.7218804463999826,0.0,0.0,0.0,1.0,-0.13462116002131602,0.0032181806507406803,0.0,0.0,0.0,0.0
2415,1786799460,266979627,1786799460.266980,-3.0989359287390883,-3.113316766607835,0.7218804463999826,0.0,0.0,0.0,1.0,-0.13027622616907905,0.004329852599372166,0.0,0.0,0.0,0.0
2416,1786799460,433734125,1786799460.433734,-3.1182840300794705,-3.10992397514593,0.7235763720161167,0.0,0.0,0.0,1.0,-0.1269853909307256,0.005082509718932031,0.0,0.0,0.0,0.0
2417,1786799460,600399445,1786799460.600399,-3.1376589193329814,-3.1086129441429433,0.7246185184527741,0.0,0.0,0.0,1.0,-0.11431114263550664,0.003864738964672834,0.0,0.0,0.0,0.0
2418,1786799461,533762462,1786799461.533762,-3.316047038777068,-3.171833506094521,0.7286006220427288,0.0,0.0,0.0,1.0,-0.19683984792198134,-0.03722277069490672,0.0,0.0,0.0,0.0
2419,1786799461,700433843,1786799461.700434,-3.3033644261762696,-3.151167260056499,0.7270727011488652,0.0,0.0,0.0,1.0,-0.1294893284698893,0.004418857544012167,0.0,0.0,0.0,0.0
2420,1786799461,967113452,1786799461.967113,-3.3389908966051536,-3.1507454607150436,0.7261964951616299,0.0,0.0,0.0,1.0,-0.13042566251590604,0.00663899378819824,0.0,0.0,0.0,0.0
2421,1786799462,133763322,1786799462.133763,-3.359981364261454,-3.1499974005784415,0.7250808697371313,0.0,0.0,0.0,1.0,-0.12450362605087423,0.0015575331272006934,0.0,0.0,0.0,0.0
2422,1786799462,267083104,1786799462.267083,-3.3765694354408478,-3.149398324661655,0.727391716460663,0.0,0.0,0.0,1.0,-0.12426313727095367,0.006440110571465425,0.0,0.0,0.0,0.0
2423,1786799462,333841933,1786799462.333842,-3.3847409647888504,-3.1491403131775875,0.7249248263076171,0.0,0.0,0.0,1.0,-0.1196078176825758,0.006577307985981802,0.0,0.0,0.0,0.0
2424,1786799462,400386251,1786799462.400386,-3.3932828224468707,-3.148705781838766,0.7269053672084291,0.0,0.0,0.0,1.0,-0.12978619026730714,0.006910517060536946,0.0,0.0,0.0,0.0
2425,1786799462,433709534,1786799462.433710,-3.3974119195255206,-3.1482997725063764,0.7261598446182141,0.0,0.0,0.0,1.0,-0.12976074323816458,0.005849652106098231,0.0,0.0,0.0,0.0
2426,1786799462,500456449,1786799462.500456,-3.4060503119108514,-3.147956870096717,0.7244989030133043,0.0,0.0,0.0,1.0,-0.12909414043619694,0.004408418660150605,0.0,0.0,0.0,0.0
2427,1786799462,567065354,1786799462.567065,-3.4145365048113803,-3.1475231451403207,0.7258849970350675,0.0,0.0,0.0,1.0,-0.12855992871655383,0.005170543511075949,0.0,0.0,0.0,0.0
2428,1786799462,900431279,1786799462.900431,-3.4435572548986553,-3.123824003776089,0.7255348829463513,0.0,0.0,0.0,1.0,-0.1302437698896836,0.007330966825366894,0.0,0.0,0.0,0.0
2429,1786799463,33734749,1786799463.033735,-3.4609363430825475,-3.122641863833212,0.7273161115109287,0.0,0.0,0.0,1.0,-0.13240223437660434,0.007126864588228499,0.0,0.0,0.0,0.0
2430,1786799463,67089791,1786799463.067090,-3.4686806810671094,-3.119908390813964,0.7273161115109287,0.0,0.0,0.0,1.0,-0.13850941206821057,0.005300456639913418,0.0,0.0,0.0,0.0
2431,1786799463,367135793,1786799463.367136,-3.5306288852499748,-3.1481894061898217,0.7291630697458854,0.0,0.0,0.0,1.0,-0.11580771782359867,0.004599967562845586,0.0,0.0,0.0,0.0
2432,1786799464,498170,1786799464.000498,-3.580118676538291,-3.1652454103928447,0.7239414295773414,0.0,0.0,0.0,1.0,-0.055678748023928956,-0.001525938156686335,0.0,0.0,0.0,0.0
2433,1786799464,33773584,1786799464.033774,-3.582544654014665,-3.1642368674995036,0.7265913990578908,0.0,0.0,0.0,1.0,-0.1300408090207177,0.017997523973682112,0.0,0.0,0.0,0.0
2434,1786799464,133782712,1786799464.133783,-3.606605790741618,-3.148557019674667,0.7237634287826273,0.0,0.0,0.0,1.0,-0.13634690943967664,0.02442060827651052,0.0,0.0,0.0,0.0
2435,1786799464,200415404,1786799464.200415,-3.6204877948058467,-3.1439178964417005,0.7241742789781724,0.0,0.0,0.0,1.0,-0.14464863119398572,0.023778507573539436,0.0,0.0,0.0,0.0
2436,1786799464,233843536,1786799464.233844,-3.6244081574709233,-3.142331227402395,0.7231012408182411,0.0,0.0,0.0,1.0,-0.14377025381083117,0.021197764599129424,0.0,0.0,0.0,0.0
2437,1786799464,300474539,1786799464.300475,-3.633118994602439,-3.140151918533031,0.7239053293197033,0.0,0.0,0.0,1.0,-0.135694708665352,0.022588516301773262,0.0,0.0,0.0,0.0
2438,1786799464,333735141,1786799464.333735,-3.6372423460048235,-3.138266841105697,0.7240715264461293,0.0,0.0,0.0,1.0,-0.16129280782430563,0.029275084872347618,0.0,0.0,0.0,0.0
2439,1786799464,700466488,1786799464.700466,-3.6785366959544312,-3.1312709219973036,0.7243240085632632,0.0,0.0,0.0,1.0,-0.09112626167849999,0.02463304406316799,0.0,0.0,0.0,0.0
2440,1786799465,67149735,1786799465.067150,-3.72099391640674,-3.1112853471794994,0.7271079031692652,0.0,0.0,0.0,1.0,-0.09915109848616169,0.04208321143596104,0.0,0.0,0.0,0.0
2441,1786799465,100469456,1786799465.100469,-3.729519971843377,-3.104837013792179,0.725719543222669,0.0,0.0,0.0,1.0,-0.11023178314990258,0.05130303718414534,0.0,0.0,0.0,0.0
2442,1786799465,167151392,1786799465.167151,-3.7393674292862604,-3.101970041537185,0.7262716115259804,0.0,0.0,0.0,1.0,-0.11761383499037412,0.056801023500546624,0.0,0.0,0.0,0.0
2443,1786799465,200526586,1786799465.200526,-3.7438638214060207,-3.1000223982224284,0.7243931027811046,0.0,0.0,0.0,1.0,-0.14166179567063986,0.07239623241903997,0.0,0.0,0.0,0.0
2444,1786799465,400447961,1786799465.400448,-3.7795741422843907,-3.093132505428576,0.725180980588852,0.0,0.0,0.0,1.0,-0.12005807329447904,0.06701173373375723,0.0,0.0,0.0,0.0
2445,1786799465,467126438,1786799465.467126,-3.7858953054483973,-3.0885821872637758,0.7276906771127367,0.0,0.0,0.0,1.0,-0.128149848864742,0.0790053233239307,0.0,0.0,0.0,0.0
2446,1786799465,500518009,1786799465.500518,-3.79004240224004,-3.0863742609479887,0.725656483605114,0.0,0.0,0.0,1.0,-0.11076482690723033,0.0669446364484736,0.0,0.0,0.0,0.0
2447,1786799465,600462047,1786799465.600462,-3.800458394779967,-3.0796656664056576,0.7250991732911798,0.0,0.0,0.0,1.0,-0.11634404868183833,0.07549026121297524,0.0,0.0,0.0,0.0
2448,1786799465,767150364,1786799465.767150,-3.819782633625663,-3.0655626295705423,0.7250859529122116,0.0,0.0,0.0,1.0,-0.11506409098532557,0.08003427633255364,0.0,0.0,0.0,0.0
2449,1786799465,900455383,1786799465.900455,-3.83417314299379,-3.0548151045343057,0.7240312663717339,0.0,0.0,0.0,1.0,-0.11275000169035033,0.08025531022534318,0.0,0.0,0.0,0.0
2450,1786799465,933830486,1786799465.933830,-3.838263870519369,-3.051241486846906,0.7247368251318997,0.0,0.0,0.0,1.0,-0.1155495634254317,0.08220323998306389,0.0,0.0,0.0,0.0
2451,1786799465,967155715,1786799465.967156,-3.8434876375146807,-3.0483116550232925,0.7247368251318997,0.0,0.0,0.0,1.0,-0.11638354823829558,0.08406588133045984,0.0,0.0,0.0,0.0
2452,1786799466,544342,1786799466.000544,-3.8482565496911993,-3.0423544620597314,0.7251184376525003,0.0,0.0,0.0,1.0,-0.11618087635784896,0.08543305054504831,0.0,0.0,0.0,0.0
2453,1786799466,133844139,1786799466.133844,-3.863332373520116,-3.0291572429598173,0.727086046525981,0.0,0.0,0.0,1.0,-0.11038996177789982,0.087209352301497,0.0,0.0,0.0,0.0
2454,1786799466,667212698,1786799466.667213,-3.9253469791670295,-2.988175101170257,0.728500951280987,0.0,0.0,0.0,1.0,-0.1102779000025471,0.08738719644118355,0.0,0.0,0.0,0.0
2455,1786799466,700502018,1786799466.700502,-3.9317833079309894,-2.9811230005315363,0.7278596962356505,0.0,0.0,0.0,1.0,-0.11384549845739769,0.10003556509535948,0.0,0.0,0.0,0.0
2456,1786799467,333859933,1786799467.333860,-4.005277030144072,-2.920309726833001,0.7255589455411036,0.0,0.0,0.0,1.0,-0.11374010590911085,0.10017576521860741,0.0,0.0,0.0,0.0
2457,1786799467,667196462,1786799467.667197,-4.033113528192969,-2.897173229199746,0.7256060256291275,0.0,0.0,0.0,1.0,-0.09669060400695599,0.08411105214456786,0.0,0.0,0.0,0.0
2458,1786799468,630910,1786799468.000631,-4.05159440262432,-2.8652660822410896,0.7230319468088924,0.0,0.0,0.0,1.0,-0.08468769279950247,0.07982051696683151,0.0,0.0,0.0,0.0
2459,1786799468,200516270,1786799468.200516,-4.06567157733366,-2.8484195722318573,0.7239022181669613,0.0,0.0,0.0,1.0,-0.08392173891535477,0.08189292848954635,0.0,0.0,0.0,0.0
2460,1786799468,400554083,1786799468.400554,-4.083072746663168,-2.8301205499448634,0.7278029214264643,0.0,0.0,0.0,1.0,-0.08273052393202515,0.0849262841103322,0.0,0.0,0.0,0.0
2461,1786799469,616454,1786799469.000617,-4.131482122060803,-2.7719720926074225,0.7258594600060951,0.0,0.0,0.0,1.0,-0.0797634811671568,0.08283696436876731,0.0,0.0,0.0,0.0
2462,1786799469,233885625,1786799469.233886,-4.152138392458124,-2.7515493151686936,0.7287549606124529,0.0,0.0,0.0,1.0,-0.0896235729037254,0.0737654726094167,0.0,0.0,0.0,0.0
2463,1786799469,367212942,1786799469.367213,-4.159984440601336,-2.73696373025944,0.7275097062932381,0.0,0.0,0.0,1.0,-0.10155944707468807,0.07806975489136615,0.0,0.0,0.0,0.0
2464,1786799469,700585748,1786799469.700586,-4.184142080757202,-2.7134575728913477,0.7276037502061504,0.0,0.0,0.0,1.0,-0.10671190237525141,0.07324630851866022,0.0,0.0,0.0,0.0
2465,1786799469,733904218,1786799469.733904,-4.184880124587694,-2.70981703906327,0.7252184372312958,0.0,0.0,0.0,1.0,-0.10453862396136615,0.0755140453970615,0.0,0.0,0.0,0.0
2466,1786799469,767230950,1786799469.767231,-4.184176458267246,-2.7131124530733484,0.7252184372312958,0.0,0.0,0.0,1.0,-0.09746366338741512,0.0715773505052045,0.0,0.0,0.0,0.0
2467,1786799469,833875635,1786799469.833876,-4.193738291532672,-2.7083368691703695,0.7229577887055911,0.0,0.0,0.0,1.0,-0.10916075360241274,0.07848751662911954,0.0,0.0,0.0,0.0
2468,1786799469,933893262,1786799469.933893,-4.205295856636387,-2.700236753773172,0.7247683028511392,0.0,0.0,0.0,1.0,-0.10532083334606404,0.07477483632036051,0.0,0.0,0.0,0.0
2469,1786799470,133949041,1786799470.133949,-4.229770709925551,-2.690086977680507,0.7236211921951826,0.0,0.0,0.0,1.0,-0.10880042085297977,0.07465949918943202,0.0,0.0,0.0,0.0
2470,1786799470,167220012,1786799470.167220,-4.234040594483547,-2.686198055952855,0.7236211921951826,0.0,0.0,0.0,1.0,-0.10899364702059064,0.07563356582558782,0.0,0.0,0.0,0.0
2471,1786799470,200569438,1786799470.200569,-4.238000917334392,-2.683705197394557,0.7238414739909396,0.0,0.0,0.0,1.0,-0.10905900743026796,0.07536897283636378,0.0,0.0,0.0,0.0
2472,1786799470,400563285,1786799470.400563,-4.261122671635943,-2.6698428901421227,0.7245829543942471,0.0,0.0,0.0,1.0,-0.10440479242108384,0.06684922669197033,0.0,0.0,0.0,0.0
2473,1786799470,467243065,1786799470.467243,-4.2669153876502435,-2.666270167747289,0.7263646976251349,0.0,0.0,0.0,1.0,-0.10102420712428214,0.06652722181247987,0.0,0.0,0.0,0.0
2474,1786799470,500664070,1786799470.500664,-4.269933669576174,-2.6636076772343444,0.7253441960463698,0.0,0.0,0.0,1.0,-0.10168625652872923,0.06563199648390874,0.0,0.0,0.0,0.0
2475,1786799470,800588047,1786799470.800588,-4.299548031772132,-2.644517389070156,0.7238968851966097,0.0,0.0,0.0,1.0,-0.10194007177399113,0.0660020999149285,0.0,0.0,0.0,0.0
2476,1786799470,833875781,1786799470.833876,-4.303987922677677,-2.6414100833047858,0.724183317194844,0.0,0.0,0.0,1.0,-0.11355172543693957,0.07244976047168028,0.0,0.0,0.0,0.0
2477,1786799471,133937372,1786799471.133937,-4.3351008023469735,-2.616795829235522,0.7253667302917751,0.0,0.0,0.0,1.0,-0.10723841581199373,0.06890613239126683,0.0,0.0,0.0,0.0
2478,1786799471,334010499,1786799471.334011,-4.355279652525359,-2.6039046540456776,0.7259571894922996,0.0,0.0,0.0,1.0,-0.10959136026826771,0.06473113902449676,0.0,0.0,0.0,0.0
2479,1786799471,567257934,1786799471.567258,-4.379187513993181,-2.5859366950034373,0.7258840695160933,0.0,0.0,0.0,1.0,-0.09513609537314555,0.05670437649310307,0.0,0.0,0.0,0.0
2480,1786799471,600657730,1786799471.600658,-4.382088881141988,-2.5838267554494685,0.728072538901804,0.0,0.0,0.0,1.0,-0.08981845256267358,0.055625156010949535,0.0,0.0,0.0,0.0
2481,1786799471,800657429,1786799471.800658,-4.406993842479722,-2.5807066413069846,0.7271567860983852,0.0,0.0,0.0,1.0,-0.11070232339716693,0.06253355063132723,0.0,0.0,0.0,0.0
2482,1786799472,235427043,1786799472.235427,-4.459042752965945,-2.571680205073237,0.7272433636474023,0.0,0.0,0.0,1.0,-0.11029609348117653,0.05680581368495603,0.0,0.0,0.0,0.0
2483,1786799472,367239108,1786799472.367239,-4.4751903245904225,-2.5657567156384378,0.7276097441510168,0.0,0.0,0.0,1.0,-0.10818252541313166,0.061953257470908345,0.0,0.0,0.0,0.0
2484,1786799472,400648709,1786799472.400649,-4.481818917110234,-2.5661902582176266,0.7293298391299265,0.0,0.0,0.0,1.0,-0.11774144395226707,0.06456460997847797,0.0,0.0,0.0,0.0
2485,1786799472,533973682,1786799472.533974,-4.498649767584659,-2.5594981003234007,0.7257576696553825,0.0,0.0,0.0,1.0,-0.11294316801788412,0.06075704807037688,0.0,0.0,0.0,0.0
2486,1786799472,567277635,1786799472.567278,-4.503518938132897,-2.558685376637035,0.7257576696553825,0.0,0.0,0.0,1.0,-0.11530666474526105,0.0612583525866076,0.0,0.0,0.0,0.0
2487,1786799472,600654023,1786799472.600654,-4.508180142118615,-2.5574636740598278,0.7275827730032878,0.0,0.0,0.0,1.0,-0.11485660968584409,0.060954106268002656,0.0,0.0,0.0,0.0
2488,1786799472,634230564,1786799472.634231,-4.512603820913227,-2.556159603084784,0.7269124217035791,0.0,0.0,0.0,1.0,-0.11451914634497407,0.06255638001420616,0.0,0.0,0.0,0.0
2489,1786799472,700598205,1786799472.700598,-4.52133633962004,-2.553031421095029,0.7283226446079466,0.0,0.0,0.0,1.0,-0.11809495181485184,0.0664289535538529,0.0,0.0,0.0,0.0
2490,1786799472,767294251,1786799472.767294,-4.528989929730282,-2.5492955397535564,0.7280019563450794,0.0,0.0,0.0,1.0,-0.10142618690663313,0.05692699166512269,0.0,0.0,0.0,0.0
2491,1786799472,800611874,1786799472.800612,-4.532957816405611,-2.5476528810686956,0.725376240998623,0.0,0.0,0.0,1.0,-0.117138788295376,0.06388671141198655,0.0,0.0,0.0,0.0
2492,1786799473,618982,1786799473.000619,-4.55606360610977,-2.53657547828344,0.7254582817072724,0.0,0.0,0.0,1.0,-0.10390594113082868,0.05910906043773723,0.0,0.0,0.0,0.0
2493,1786799473,67326000,1786799473.067326,-4.563200697303464,-2.532895741837901,0.7234463840523684,0.0,0.0,0.0,1.0,-0.10548170759726487,0.05972395484163758,0.0,0.0,0.0,0.0
2494,1786799473,467295623,1786799473.467296,-4.571191978962677,-2.4732563545426576,0.7261511747888629,0.0,0.0,0.0,1.0,-0.10676192576905066,0.06280590904194497,0.0,0.0,0.0,0.0
2495,1786799473,533931560,1786799473.533931,-4.578594117049233,-2.4689675782786793,0.7235846723851495,0.0,0.0,0.0,1.0,-0.11126672011451758,0.06288357512503555,0.0,0.0,0.0,0.0
2496,1786799473,800730671,1786799473.800731,-4.608751308629126,-2.452841699254446,0.7244384135693122,0.0,0.0,0.0,1.0,-0.11012733963440954,0.06372595559904942,0.0,0.0,0.0,0.0
2497,1786799473,900684477,1786799473.900685,-4.620451761278617,-2.44312263383444,0.7259897082875182,0.0,0.0,0.0,1.0,-0.10937193967238673,0.06395008172657682,0.0,0.0,0.0,0.0
2498,1786799474,674749,1786799474.000675,-4.628687650469419,-2.4384897379652384,0.7255045067262866,0.0,0.0,0.0,1.0,-0.10762399412005687,0.06262118613012224,0.0,0.0,0.0,0.0
2499,1786799474,100648930,1786799474.100649,-4.63844349972463,-2.4327554745880087,0.7268558539110033,0.0,0.0,0.0,1.0,-0.099064035873665,0.061907789615590805,0.0,0.0,0.0,0.0
2500,1786799474,233974875,1786799474.233975,-4.6508116507783965,-2.426233290276334,0.725616856635837,0.0,0.0,0.0,1.0,-0.10000144326727438,0.06059905335257876,0.0,0.0,0.0,0.0
2501,1786799474,367318056,1786799474.367318,-4.665462848981291,-2.4175321690812193,0.7241894694769847,0.0,0.0,0.0,1.0,-0.10359450273348042,0.06190713776553458,0.0,0.0,0.0,0.0
2502,1786799474,400649559,1786799474.400650,-4.669017779583443,-2.415447058917077,0.7251607950647462,0.0,0.0,0.0,1.0,-0.10471948168935477,0.06263826787065889,0.0,0.0,0.0,0.0
2503,1786799474,467327088,1786799474.467327,-4.676949447814801,-2.410545867493733,0.7240078711749379,0.0,0.0,0.0,1.0,-0.10694396805013452,0.06374380592170643,0.0,0.0,0.0,0.0
2504,1786799474,534018894,1786799474.534019,-4.688285906959302,-2.4026961116318892,0.722557431428846,0.0,0.0,0.0,1.0,-0.10741185233555732,0.06383914466885249,0.0,0.0,0.0,0.0
2505,1786799474,567309036,1786799474.567309,-4.691634966103976,-2.4007462091459453,0.722557431428846,0.0,0.0,0.0,1.0,-0.10739437848660223,0.06269264278273823,0.0,0.0,0.0,0.0
2506,1786799474,600772775,1786799474.600773,-4.69586598090249,-2.3979358176364234,0.7239441048358284,0.0,0.0,0.0,1.0,-0.10761832796787897,0.06252568979720116,0.0,0.0,0.0,0.0
2507,1786799474,633948825,1786799474.633949,-4.6994795157954075,-2.3957853312627337,0.7258751265747941,0.0,0.0,0.0,1.0,-0.1089232559480922,0.06485782897691772,0.0,0.0,0.0,0.0
2508,1786799474,700672584,1786799474.700673,-4.706782748890337,-2.3914646044213477,0.7279074051706054,0.0,0.0,0.0,1.0,-0.10979144328080667,0.06458400388938319,0.0,0.0,0.0,0.0
2509,1786799474,800719256,1786799474.800719,-4.725790809195421,-2.3777051034705696,0.727640200692113,0.0,0.0,0.0,1.0,-0.10697193726819391,0.06672028591969273,0.0,0.0,0.0,0.0
2510,1786799474,833970367,1786799474.833970,-4.7293367265905335,-2.375413659628512,0.7250987515500859,0.0,0.0,0.0,1.0,-0.10742310181936493,0.06783701320282423,0.0,0.0,0.0,0.0
2511,1786799474,867336396,1786799474.867337,-4.736106552592151,-2.3706806719000593,0.7250987515500859,0.0,0.0,0.0,1.0,-0.10692397949897005,0.06659546856214228,0.0,0.0,0.0,0.0
2512,1786799474,900675310,1786799474.900675,-4.739760797344239,-2.368366974737302,0.726762775100709,0.0,0.0,0.0,1.0,-0.10741052950974138,0.06774046938601122,0.0,0.0,0.0,0.0
2513,1786799475,134052392,1786799475.134052,-4.764182579217621,-2.3547900317123833,0.7254614987568412,0.0,0.0,0.0,1.0,-0.10969033371890623,0.06197702800290448,0.0,0.0,0.0,0.0
2514,1786799475,500739937,1786799475.500740,-4.802568991282115,-2.3304101605503176,0.7297686743465771,0.0,0.0,0.0,1.0,-0.10358391078808887,0.06868356638612418,0.0,0.0,0.0,0.0
2515,1786799475,567356053,1786799475.567356,-4.8102566048281075,-2.325170223730539,0.7295961089061757,0.0,0.0,0.0,1.0,-0.10743945118922504,0.07196539839705095,0.0,0.0,0.0,0.0
2516,1786799475,600744376,1786799475.600744,-4.814383969973735,-2.3222800361729803,0.7285398342074205,0.0,0.0,0.0,1.0,-0.11014427189205767,0.0744829826256153,0.0,0.0,0.0,0.0
2517,1786799476,267388516,1786799476.267389,-4.885602914483924,-2.2763608316624584,0.7244114836161214,0.0,0.0,0.0,1.0,-0.10185703883511875,0.07188301508728862,0.0,0.0,0.0,0.0
2518,1786799476,300714925,1786799476.300715,-4.890309149385362,-2.2705662567110734,0.7235780789614329,0.0,0.0,0.0,1.0,-0.10514849901440779,0.0815100705280298,0.0,0.0,0.0,0.0
2519,1786799476,334017443,1786799476.334018,-4.893984959748875,-2.2656916164566594,0.724437719582862,0.0,0.0,0.0,1.0,-0.10503297412983637,0.0887356950597779,0.0,0.0,0.0,0.0
2520,1786799476,500760995,1786799476.500761,-4.916998011131326,-2.2485566500708716,0.724991716915141,0.0,0.0,0.0,1.0,-0.10218510802477683,0.08928566223724234,0.0,0.0,0.0,0.0
2521,1786799476,700734325,1786799476.700734,-4.935634296658847,-2.229991394732646,0.7276611775095978,0.0,0.0,0.0,1.0,-0.09470129558219016,0.0936393780394394,0.0,0.0,0.0,0.0
2522,1786799477,134050670,1786799477.134051,-4.973964422940471,-2.1917540719616313,0.727121031734348,0.0,0.0,0.0,1.0,-0.08731885727476199,0.08755181671051743,0.0,0.0,0.0,0.0
2523,1786799477,434042308,1786799477.434042,-4.9987548915700275,-2.1602831602727552,0.7250117343349969,0.0,0.0,0.0,1.0,-0.08308524628366808,0.10054427025651072,0.0,0.0,0.0,0.0
2524,1786799477,600875898,1786799477.600876,-5.012102227716089,-2.1402923782720564,0.7232420443251205,0.0,0.0,0.0,1.0,-0.08041787916787894,0.10955384400496639,0.0,0.0,0.0,0.0
2525,1786799477,967522787,1786799477.967523,-5.039718105954198,-2.1001574184265244,0.724433243231396,0.0,0.0,0.0,1.0,-0.0754873699764757,0.10983525223833089,0.0,0.0,0.0,0.0
2526,1786799478,1954063,1786799478.001954,-5.043906394725539,-2.0934079758018176,0.7255345717458385,0.0,0.0,0.0,1.0,-0.0790724531860531,0.116804198866137,0.0,0.0,0.0,0.0
2527,1786799478,167431071,1786799478.167431,-5.056047124360293,-2.071331037088331,0.7226407854185499,0.0,0.0,0.0,1.0,-0.07532677859521285,0.12464069648312658,0.0,0.0,0.0,0.0
2528,1786799478,200770524,1786799478.200771,-5.057083462017974,-2.064811648903297,0.7236264675330076,0.0,0.0,0.0,1.0,-0.0694122503564414,0.132143527838351,0.0,0.0,0.0,0.0
2529,1786799478,400802180,1786799478.400802,-5.068842355330539,-2.036969665814354,0.7241816779531802,0.0,0.0,0.0,1.0,-0.048490252869113536,0.1457937610728324,0.0,0.0,0.0,0.0
2530,1786799478,534080509,1786799478.534081,-5.07519022770084,-2.017666758554243,0.7266902347932406,0.0,0.0,0.0,1.0,-0.04707763565848733,0.14320716383277263,0.0,0.0,0.0,0.0
2531,1786799478,634047623,1786799478.634048,-5.07991651989657,-2.0028377410734794,0.7243020458864333,0.0,0.0,0.0,1.0,-0.04733866773153729,0.15095776480309664,0.0,0.0,0.0,0.0
2532,1786799478,667517006,1786799478.667517,-5.081218479654561,-1.996490819755837,0.7243020458864333,0.0,0.0,0.0,1.0,-0.044280015796068835,0.16437694276393836,0.0,0.0,0.0,0.0
2533,1786799478,934165044,1786799478.934165,-5.089844179921609,-1.9564468260234902,0.7268127842321929,0.0,0.0,0.0,1.0,-0.0311829009913625,0.15030480462473184,0.0,0.0,0.0,0.0
2534,1786799479,367470555,1786799479.367471,-5.103142758980599,-1.8971360912799016,0.72821372580045,0.0,0.0,0.0,1.0,-0.030242271581116732,0.12892138251103508,0.0,0.0,0.0,0.0
2535,1786799479,600777860,1786799479.600778,-5.102620791910474,-1.8582601787925366,0.724640035021774,0.0,0.0,0.0,1.0,-0.011878328915010526,0.14918444930841382,0.0,0.0,0.0,0.0
2536,1786799480,134140479,1786799480.134140,-5.186642879229524,-1.6904774195200005,0.7255831512480796,0.0,0.0,0.0,1.0,-0.023535453173639476,0.12244088762121921,0.0,0.0,0.0,0.0
2537,1786799480,267410397,1786799480.267410,-5.162394465431179,-1.655566149911114,0.7244676361101393,0.0,0.0,0.0,1.0,0.021205279531966673,0.14473617493837299,0.0,0.0,0.0,0.0
2538,1786799480,500764676,1786799480.500765,-5.120173724422787,-1.636299079928839,0.7223323319059569,0.0,0.0,0.0,1.0,0.05585187897545235,0.14119558195704612,0.0,0.0,0.0,0.0
2539,1786799480,600799309,1786799480.600799,-5.112652224723719,-1.6452347077495122,0.7237260992263291,0.0,0.0,0.0,1.0,0.06257926584749138,0.15440224072503733,0.0,0.0,0.0,0.0
2540,1786799480,967466693,1786799480.967467,-5.118016959442803,-1.5950625758391241,0.7257776593767556,0.0,0.0,0.0,1.0,0.01093701853866362,0.09867784466449331,0.0,0.0,0.0,0.0
2541,1786799481,820709,1786799481.000821,-5.103295463254848,-1.57791877940959,0.7252716744697079,0.0,0.0,0.0,1.0,0.05616733521915206,0.1370040826252485,0.0,0.0,0.0,0.0
2542,1786799481,334156856,1786799481.334157,-5.1042715710913935,-1.5259657747227497,0.7226713987610273,0.0,0.0,0.0,1.0,0.03035478193998766,0.08521287419892737,0.0,0.0,0.0,0.0
2543,1786799481,567459541,1786799481.567460,-5.001650395560613,-1.5441011022537587,0.7262013660058215,0.0,0.0,0.0,1.0,0.10771114368653867,0.12861786863104163,0.0,0.0,0.0,0.0
2544,1786799482,34201597,1786799482.034202,-4.8865975213307,-1.5667985838402314,0.7266061761514303,0.0,0.0,0.0,1.0,0.07491773533413437,0.09355562404125678,0.0,0.0,0.0,0.0
2545,1786799482,67523856,1786799482.067524,-4.88051592555322,-1.562105150072393,0.7266061761514303,0.0,0.0,0.0,1.0,0.0852184587089046,0.10252514580749472,0.0,0.0,0.0,0.0
2546,1786799482,367649520,1786799482.367650,-4.867439263009807,-1.542955192348351,0.7269910137233568,0.0,0.0,0.0,1.0,0.07874295653806927,0.0971852964531584,0.0,0.0,0.0,0.0
2547,1786799482,700867430,1786799482.700867,-4.871034301921355,-1.520461735646856,0.7285996956087505,0.0,0.0,0.0,1.0,0.07872810270005146,0.10134798048790555,0.0,0.0,0.0,0.0
2548,1786799482,734109051,1786799482.734109,-4.866677178358277,-1.5162818064351224,0.7244592521228795,0.0,0.0,0.0,1.0,0.08631787091865699,0.09528844919641946,0.0,0.0,0.0,0.0
2549,1786799483,100895735,1786799483.100896,-4.824102817979356,-1.4638191664605082,0.7223917757795358,0.0,0.0,0.0,1.0,0.08106893379854116,0.09750529205746544,0.0,0.0,0.0,0.0
2550,1786799483,167561968,1786799483.167562,-4.818866994071343,-1.4560067765879172,0.7233395753049886,0.0,0.0,0.0,1.0,0.07738980079104739,0.09747456848243494,0.0,0.0,0.0,0.0
2551,1786799483,200821667,1786799483.200822,-4.816879635061147,-1.452634332873458,0.7229866432276161,0.0,0.0,0.0,1.0,0.07032233676240142,0.09469910193037384,0.0,0.0,0.0,0.0
2552,1786799483,334170057,1786799483.334170,-4.807590849969705,-1.4399712026173783,0.7239372522282411,0.0,0.0,0.0,1.0,0.06879434170076217,0.09214216998091031,0.0,0.0,0.0,0.0
2553,1786799483,367443201,1786799483.367443,-4.805327448475027,-1.436669223118264,0.7239372522282411,0.0,0.0,0.0,1.0,0.06610591872508001,0.09946694748888976,0.0,0.0,0.0,0.0
2554,1786799483,567617936,1786799483.567618,-4.792232425423202,-1.41758989462059,0.7224735904107684,0.0,0.0,0.0,1.0,0.06390418515094864,0.08948787252649607,0.0,0.0,0.0,0.0
2555,1786799483,600841002,1786799483.600841,-4.790197750619486,-1.41476883318137,0.7234580182067387,0.0,0.0,0.0,1.0,0.06475278128541767,0.09892503814943718,0.0,0.0,0.0,0.0
2556,1786799483,767540410,1786799483.767540,-4.779322171594793,-1.3989283482742945,0.7235026678609856,0.0,0.0,0.0,1.0,0.06574016240806925,0.09578409674469153,0.0,0.0,0.0,0.0
2557,1786799484,567488911,1786799484.567489,-4.813363987007675,-1.3046172566783016,0.7259778026217099,0.0,0.0,0.0,1.0,0.06304457929669233,0.09769173749718454,0.0,0.0,0.0,0.0
2558,1786799485,971846,1786799485.000972,-4.788169565868727,-1.2559894192005454,0.7293080325999372,0.0,0.0,0.0,1.0,0.054357645161544225,0.10737288952802088,0.0,0.0,0.0,0.0
2559,1786799485,267634531,1786799485.267635,-4.7767883422334325,-1.2258005655377258,0.7256471456607659,0.0,0.0,0.0,1.0,0.04992649654878598,0.1125780032517239,0.0,0.0,0.0,0.0
2560,1786799485,600842219,1786799485.600842,-4.760464545582146,-1.178598691958416,0.7273736576061838,0.0,0.0,0.0,1.0,0.0497101183876572,0.11969093636907602,0.0,0.0,0.0,0.0
2561,1786799485,634224776,1786799485.634225,-4.763167117402118,-1.1737562686846457,0.7272244341231602,0.0,0.0,0.0,1.0,0.044998077648470254,0.12116784328974546,0.0,0.0,0.0,0.0
2562,1786799485,934228721,1786799485.934229,-4.756076371278113,-1.140498927933877,0.7249827446474318,0.0,0.0,0.0,1.0,0.04385694099119461,0.1095392797397873,0.0,0.0,0.0,0.0
2563,1786799485,967636486,1786799485.967637,-4.754951109791172,-1.1352838207669604,0.7249827446474318,0.0,0.0,0.0,1.0,0.041469357318504596,0.11425500770981445,0.0,0.0,0.0,0.0
2564,1786799486,100868651,1786799486.100869,-4.751915709917329,-1.116940997590105,0.724380235837661,0.0,0.0,0.0,1.0,0.043604432878499064,0.11909134769628898,0.0,0.0,0.0,0.0
2565,1786799486,534268557,1786799486.534269,-4.731478615958495,-1.0588786923526683,0.7225763029838017,0.0,0.0,0.0,1.0,0.04166799838612234,0.11603807801660489,0.0,0.0,0.0,0.0
2566,1786799486,600896183,1786799486.600896,-4.729505837674978,-1.0505916142615332,0.7237152902561339,0.0,0.0,0.0,1.0,0.044001408543114406,0.1251528470907748,0.0,0.0,0.0,0.0
2567,1786799486,667677773,1786799486.667678,-4.726681863820335,-1.0418528013017694,0.7264475472642831,0.0,0.0,0.0,1.0,0.04070462347902828,0.11664503401086435,0.0,0.0,0.0,0.0
2568,1786799486,867626427,1786799486.867626,-4.709329970145549,-1.0242155910934465,0.7262896330202968,0.0,0.0,0.0,1.0,0.040527662582436674,0.11550773918201884,0.0,0.0,0.0,0.0
2569,1786799486,900900314,1786799486.900900,-4.708202198786456,-1.0208507743636717,0.7256542148360292,0.0,0.0,0.0,1.0,0.031298398370906325,0.09866746499004614,0.0,0.0,0.0,0.0
2570,1786799486,934273095,1786799486.934273,-4.707439711475099,-1.0184121259360452,0.7263852404169765,0.0,0.0,0.0,1.0,0.03513570815093957,0.11128041478770748,0.0,0.0,0.0,0.0
2571,1786799486,967619822,1786799486.967620,-4.70588189671988,-1.0130930877143152,0.7263852404169765,0.0,0.0,0.0,1.0,0.0374777833977043,0.1185468278220879,0.0,0.0,0.0,0.0
2572,1786799487,200905087,1786799487.200905,-4.703188661519216,-0.9879742955122801,0.724799540938515,0.0,0.0,0.0,1.0,0.03305335789166057,0.11069411245971202,0.0,0.0,0.0,0.0
2573,1786799487,934297468,1786799487.934298,-4.680317115366405,-0.8956564691066444,0.7232640925156293,0.0,0.0,0.0,1.0,0.029766539054744596,0.11409095539776844,0.0,0.0,0.0,0.0
2574,1786799487,967597572,1786799487.967597,-4.6764787029926,-0.8874427107599292,0.7232640925156293,0.0,0.0,0.0,1.0,0.038391657113722,0.12772652019147004,0.0,0.0,0.0,0.0
2575,1786799488,905878,1786799488.000906,-4.676485335697303,-0.8842324550383756,0.7240770704233624,0.0,0.0,0.0,1.0,0.03631620880747181,0.11963544518221733,0.0,0.0,0.0,0.0
2576,1786799488,34286687,1786799488.034287,-4.675756254907274,-0.880852350222642,0.7224653795712832,0.0,0.0,0.0,1.0,0.030684867263014816,0.10275338172233313,0.0,0.0,0.0,0.0
2577,1786799488,167568721,1786799488.167569,-4.681696576785843,-0.8661841003091093,0.7237447447304133,0.0,0.0,0.0,1.0,0.03128701968088827,0.10856195664737457,0.0,0.0,0.0,0.0
2578,1786799488,334288400,1786799488.334288,-4.672755152203786,-0.85149192029893,0.7272924634855944,0.0,0.0,0.0,1.0,0.0330901225631672,0.1140373899915153,0.0,0.0,0.0,0.0
2579,1786799488,467660105,1786799488.467660,-4.666480437754288,-0.8389387203796317,0.7282136108738883,0.0,0.0,0.0,1.0,0.03874911056850332,0.12547119840266396,0.0,0.0,0.0,0.0
2580,1786799488,600950468,1786799488.600950,-4.661393365547728,-0.8218156232999032,0.7291216307684817,0.0,0.0,0.0,1.0,0.03965099784204866,0.12745677270004532,0.0,0.0,0.0,0.0
2581,1786799489,67642960,1786799489.067643,-4.63951546127576,-0.7594028154642982,0.7261781734627981,0.0,0.0,0.0,1.0,0.04010992323271525,0.12011234023043636,0.0,0.0,0.0,0.0
2582,1786799489,134298680,1786799489.134299,-4.637120718888928,-0.7532619617509018,0.7273042974296283,0.0,0.0,0.0,1.0,0.037722337203509294,0.10881916741852983,0.0,0.0,0.0,0.0
2583,1786799489,434345698,1786799489.434346,-4.675338695272096,-0.6522432981148099,0.7286298605286016,0.0,0.0,0.0,1.0,0.04098718501096682,0.10857522171818268,0.0,0.0,0.0,0.0
2584,1786799489,467713117,1786799489.467713,-4.67404235626103,-0.6486237509462192,0.7286298605286016,0.0,0.0,0.0,1.0,0.036680649975511154,0.10851757897087932,0.0,0.0,0.0,0.0
2585,1786799489,600944724,1786799489.600945,-4.640792766521108,-0.6564337808895064,0.727777363841434,0.0,0.0,0.0,1.0,0.037821146842507106,0.10570137655141056,0.0,0.0,0.0,0.0
2586,1786799490,943200,1786799490.000943,-4.6142655481421295,-0.6224309929230183,0.7256550842685472,0.0,0.0,0.0,1.0,0.037969711221619365,0.11332396547957525,0.0,0.0,0.0,0.0
2587,1786799490,34359113,1786799490.034359,-4.612785443058082,-0.6215774059608712,0.7268791145861111,0.0,0.0,0.0,1.0,0.04265998953901403,0.11451170194700741,0.0,0.0,0.0,0.0
2588,1786799490,101006601,1786799490.101007,-4.6094351951373715,-0.6161200317739117,0.7261915292809782,0.0,0.0,0.0,1.0,0.04516620394627125,0.11892012247791203,0.0,0.0,0.0,0.0
2589,1786799490,134346552,1786799490.134346,-4.608317731858415,-0.6136644432387803,0.7266213401764888,0.0,0.0,0.0,1.0,0.040575000441225424,0.10957043959171901,0.0,0.0,0.0,0.0
2590,1786799490,167774099,1786799490.167774,-4.606330637917794,-0.6105676223072871,0.7266213401764888,0.0,0.0,0.0,1.0,0.04860310506372187,0.12642963505875185,0.0,0.0,0.0,0.0
2591,1786799490,234301042,1786799490.234301,-4.6016350381185545,-0.6026553902336653,0.7249188915780636,0.0,0.0,0.0,1.0,0.04097535914739618,0.10918443288102869,0.0,0.0,0.0,0.0
2592,1786799490,267679689,1786799490.267680,-4.59996206896048,-0.5997135377510125,0.7249188915780636,0.0,0.0,0.0,1.0,0.04620352929016251,0.11772159208498803,0.0,0.0,0.0,0.0
2593,1786799490,334358251,1786799490.334358,-4.596867678065393,-0.5923629831753157,0.7233998389824228,0.0,0.0,0.0,1.0,0.0472942600046204,0.12403940366813547,0.0,0.0,0.0,0.0
2594,1786799490,367630472,1786799490.367630,-4.59375403419981,-0.5902067514889668,0.7233998389824228,0.0,0.0,0.0,1.0,0.04206278436050921,0.1080713285247652,0.0,0.0,0.0,0.0
2595,1786799490,400988094,1786799490.400988,-4.589627549400136,-0.5859444219854304,0.7243380962354576,0.0,0.0,0.0,1.0,0.050813088132915483,0.12883547329101136,0.0,0.0,0.0,0.0
2596,1786799490,934358912,1786799490.934359,-4.561677470401322,-0.5248407043730559,0.723294547918968,0.0,0.0,0.0,1.0,0.04139887691559624,0.11180718362839906,0.0,0.0,0.0,0.0
2597,1786799491,67693885,1786799491.067694,-4.5556776896676965,-0.5118254802399771,0.7272669805270137,0.0,0.0,0.0,1.0,0.04699540701385553,0.11599685713719723,0.0,0.0,0.0,0.0
2598,1786799491,200988510,1786799491.200989,-4.549490046635785,-0.5022973934715464,0.7249910223019208,0.0,0.0,0.0,1.0,0.04635981674812535,0.11538393503816155,0.0,0.0,0.0,0.0
2599,1786799491,500976527,1786799491.500977,-4.53190476932611,-0.4678009674148589,0.7240977258288431,0.0,0.0,0.0,1.0,0.04886323918903496,0.11725481349564591,0.0,0.0,0.0,0.0
2600,1786799491,534317350,1786799491.534317,-4.530667208834173,-0.4648663754510749,0.7261188200472853,0.0,0.0,0.0,1.0,0.04543964548241876,0.10800316865660162,0.0,0.0,0.0,0.0
2601,1786799491,567657631,1786799491.567658,-4.5291581247423025,-0.4614829009380812,0.7261188200472853,0.0,0.0,0.0,1.0,0.049519805208391145,0.11926640263954731,0.0,0.0,0.0,0.0
2602,1786799491,867759652,1786799491.867760,-4.514153130378567,-0.4264782562587113,0.7251764759523512,0.0,0.0,0.0,1.0,0.05006617466592526,0.11405342502028844,0.0,0.0,0.0,0.0
2603,1786799492,980534,1786799492.000981,-4.507804124855374,-0.41190621297999863,0.7257069870516933,0.0,0.0,0.0,1.0,0.0480260237610168,0.11083229205458217,0.0,0.0,0.0,0.0
2604,1786799492,34407265,1786799492.034407,-4.508344620064539,-0.42676854030121736,0.7253045463402559,0.0,0.0,0.0,1.0,0.05134799982888433,0.12266838336277917,0.0,0.0,0.0,0.0
2605,1786799492,67676848,1786799492.067677,-4.513600289563309,-0.42838422047980074,0.7253045463402559,0.0,0.0,0.0,1.0,0.050421057919224604,0.11296778518300582,0.0,0.0,0.0,0.0
2606,1786799492,600992532,1786799492.600992,-4.483444442844736,-0.36005929272978077,0.7243801987715573,0.0,0.0,0.0,1.0,0.04882418178813888,0.11486165720829658,0.0,0.0,0.0,0.0
2607,1786799492,634321999,1786799492.634322,-4.475528888065856,-0.3489021667918879,0.7239002435261027,0.0,0.0,0.0,1.0,0.0469614587072437,0.11019535522046803,0.0,0.0,0.0,0.0
2608,1786799493,467717840,1786799493.467718,-4.433123073490022,-0.2514326831611513,0.7273474478117485,0.0,0.0,0.0,1.0,0.045292071197378034,0.11216582056806683,0.0,0.0,0.0,0.0
2609,1786799493,501041303,1786799493.501041,-4.4308080178734395,-0.2469969277038191,0.7271579667733943,0.0,0.0,0.0,1.0,0.0509962594948701,0.11727052764143579,0.0,0.0,0.0,0.0
2610,1786799493,734378100,1786799493.734378,-4.419658976308532,-0.2202104680442969,0.7254907884885593,0.0,0.0,0.0,1.0,0.04713972044096426,0.11523807227467028,0.0,0.0,0.0,0.0
2611,1786799494,201111237,1786799494.201111,-4.400932451904405,-0.1723565538624554,0.7259324115593999,0.0,0.0,0.0,1.0,0.036372228595063144,0.10082422302362223,0.0,0.0,0.0,0.0
2612,1786799494,301057900,1786799494.301058,-4.396605663676636,-0.16242875032968773,0.7261149690386399,0.0,0.0,0.0,1.0,0.05718948768546211,0.12379402303681454,0.0,0.0,0.0,0.0
2613,1786799494,501060318,1786799494.501060,-4.417346160577529,-0.09782059835496337,0.7251374236613858,0.0,0.0,0.0,1.0,0.06394568004101442,0.12933558987712668,0.0,0.0,0.0,0.0
2614,1786799494,701058562,1786799494.701059,-4.3917664421989135,-0.06162371882332396,0.724434922542489,0.0,0.0,0.0,1.0,0.06108533495950633,0.1148629993854471,0.0,0.0,0.0,0.0
2615,1786799494,901158074,1786799494.901158,-4.379279607775367,-0.03952962965080142,0.7235459775266854,0.0,0.0,0.0,1.0,0.06098748265839071,0.11013439036039509,0.0,0.0,0.0,0.0
2616,1786799494,934390581,1786799494.934391,-4.375850195025326,-0.03383826134345824,0.721539557822782,0.0,0.0,0.0,1.0,0.0667375198394478,0.12176783625071744,0.0,0.0,0.0,0.0
2617,1786799495,101036965,1786799495.101037,-4.330788947608097,-0.038598729409965005,0.7236416843127474,0.0,0.0,0.0,1.0,0.06536624760758555,0.10698352849827295,0.0,0.0,0.0,0.0
2618,1786799495,134390905,1786799495.134391,-4.3285011924536905,-0.03481965533917064,0.7264755958137639,0.0,0.0,0.0,1.0,0.07249224338884232,0.1209651459082416,0.0,0.0,0.0,0.0
2619,1786799495,201050643,1786799495.201051,-4.323840132723617,-0.027220735179729116,0.7253895234521851,0.0,0.0,0.0,1.0,0.06801698190608603,0.10911050669311616,0.0,0.0,0.0,0.0
2620,1786799495,334420160,1786799495.334420,-4.31464585972022,-0.01409203585106722,0.7220596676762278,0.0,0.0,0.0,1.0,0.07228108573162595,0.09647142312914643,0.0,0.0,0.0,0.0
2621,1786799495,634524351,1786799495.634524,-4.293809905073172,0.03114857480019051,0.7242394646328686,0.0,0.0,0.0,1.0,0.07706349705410646,0.08572687294055213,0.0,0.0,0.0,0.0
2622,1786799495,667747385,1786799495.667747,-4.282372668268554,0.04449465946664999,0.7242394646328686,0.0,0.0,0.0,1.0,0.10414803597011858,0.11108065967765483,0.0,0.0,0.0,0.0
2623,1786799495,902332761,1786799495.902333,-4.182389226249772,0.0056949643924024684,0.7264845556336755,0.0,0.0,0.0,1.0,0.09477177599143394,0.09793347355693888,0.0,0.0,0.0,0.0
2624,1786799496,201236366,1786799496.201236,-4.157178272045628,0.0452638735872819,0.7269748608407686,0.0,0.0,0.0,1.0,0.06659263500591579,0.07395401984534905,0.0,0.0,0.0,0.0
2625,1786799496,267799771,1786799496.267800,-4.128964180360956,0.015223884317963066,0.7281831917431291,0.0,0.0,0.0,1.0,0.11847654139278227,0.10548522852194053,0.0,0.0,0.0,0.0
2626,1786799496,334458454,1786799496.334458,-4.122952946449695,0.02399735061064945,0.7258923329153206,0.0,0.0,0.0,1.0,0.10429494058310175,0.09344391836407094,0.0,0.0,0.0,0.0
2627,1786799496,534458662,1786799496.534459,-4.106886909809062,0.04765786393274141,0.7314541762529937,0.0,0.0,0.0,1.0,0.09367412772704897,0.09206825432863203,0.0,0.0,0.0,0.0
2628,1786799496,934494175,1786799496.934494,-4.1136832146565565,0.08762132933751232,0.7301870929458981,0.0,0.0,0.0,1.0,0.07562109484711707,0.08518829230911325,0.0,0.0,0.0,0.0
2629,1786799496,967750259,1786799496.967750,-4.106357307948594,0.09385997623363673,0.7301870929458981,0.0,0.0,0.0,1.0,0.09480375934467032,0.0902934603822302,0.0,0.0,0.0,0.0
2630,1786799497,34521102,1786799497.034521,-4.121811764212982,0.09407494133744221,0.7260575543525057,0.0,0.0,0.0,1.0,0.10220672789013974,0.09603440687868464,0.0,0.0,0.0,0.0
2631,1786799497,101132517,1786799497.101133,-4.123868408109704,0.10517174555179709,0.7282135653570841,0.0,0.0,0.0,1.0,0.08911882678585459,0.08311466649274996,0.0,0.0,0.0,0.0
2632,1786799497,401114040,1786799497.401114,-4.127795369188382,0.17320502887316547,0.7225127035975515,0.0,0.0,0.0,1.0,0.07998782808787946,0.07362491428947188,0.0,0.0,0.0,0.0
2633,1786799497,434535655,1786799497.434536,-4.123890816686591,0.17774229102834438,0.7233032483238632,0.0,0.0,0.0,1.0,0.08300294042463431,0.07965244304826283,0.0,0.0,0.0,0.0
2634,1786799497,467835736,1786799497.467836,-4.120693000398293,0.1810387191158136,0.7233032483238632,0.0,0.0,0.0,1.0,0.08462228043158149,0.08192149001202742,0.0,0.0,0.0,0.0
2635,1786799497,534460888,1786799497.534461,-4.1155084570796205,0.18597991451986484,0.7247234679884033,0.0,0.0,0.0,1.0,0.08215513160752891,0.08074266025150345,0.0,0.0,0.0,0.0
2636,1786799497,567831317,1786799497.567831,-4.111896677206506,0.18975275423737603,0.7247234679884033,0.0,0.0,0.0,1.0,0.08783218066241864,0.086774079123203,0.0,0.0,0.0,0.0
2637,1786799497,601090035,1786799497.601090,-4.108925509189864,0.19275027502061803,0.7243954411407081,0.0,0.0,0.0,1.0,0.0877425424273687,0.08766500323286272,0.0,0.0,0.0,0.0
2638,1786799497,901238494,1786799497.901238,-4.08172434226944,0.23515465403256863,0.7239495516357546,0.0,0.0,0.0,1.0,0.09495657336383832,0.08213935225879163,0.0,0.0,0.0,0.0
2639,1786799497,935012023,1786799497.935012,-4.078717531066338,0.2380046785854648,0.7231527864068908,0.0,0.0,0.0,1.0,0.08813442241455582,0.09132897420652264,0.0,0.0,0.0,0.0
2640,1786799497,967782610,1786799497.967782,-4.071152899753511,0.21485495810801458,0.7231527864068908,0.0,0.0,0.0,1.0,0.08979461537375234,0.08827184838210721,0.0,0.0,0.0,0.0
2641,1786799498,34507612,1786799498.034508,-4.061345808663052,0.22604481799797238,0.7213104320496241,0.0,0.0,0.0,1.0,0.08768768529562158,0.08762804925267302,0.0,0.0,0.0,0.0
2642,1786799498,134537779,1786799498.134538,-4.053872870723264,0.23537103250244318,0.7241576378372544,0.0,0.0,0.0,1.0,0.0908119319830988,0.08787327642243217,0.0,0.0,0.0,0.0
2643,1786799498,301167110,1786799498.301167,-4.036375710213972,0.254036612288592,0.7236847383356728,0.0,0.0,0.0,1.0,0.09359846763807697,0.09287986126604982,0.0,0.0,0.0,0.0
2644,1786799498,501144848,1786799498.501145,-4.016125156509455,0.27190271452984627,0.7238190502233256,0.0,0.0,0.0,1.0,0.08722737838560538,0.08514010590784836,0.0,0.0,0.0,0.0
2645,1786799498,534515597,1786799498.534516,-4.009729023635295,0.27630494419434415,0.7273021336048285,0.0,0.0,0.0,1.0,0.08848399610058683,0.08755652497288051,0.0,0.0,0.0,0.0
2646,1786799498,601142727,1786799498.601143,-4.0039276825849655,0.28187698547613316,0.7263739307777538,0.0,0.0,0.0,1.0,0.09016373361471687,0.08980990804356212,0.0,0.0,0.0,0.0
2647,1786799498,801157484,1786799498.801157,-3.986143517771197,0.2994507717757888,0.7275735886374577,0.0,0.0,0.0,1.0,0.09334864095560004,0.09725347500696249,0.0,0.0,0.0,0.0
2648,1786799499,34531344,1786799499.034531,-3.9643966934921577,0.3225628332367547,0.7278946169153863,0.0,0.0,0.0,1.0,0.0929124310747957,0.09982923976876659,0.0,0.0,0.0,0.0
2649,1786799499,301134664,1786799499.301135,-3.941761763420658,0.34464198562848347,0.7288277310620023,0.0,0.0,0.0,1.0,0.08536979763786058,0.09569838664343065,0.0,0.0,0.0,0.0
2650,1786799499,401164327,1786799499.401164,-3.9378027303520726,0.35119622531032846,0.7273785727293032,0.0,0.0,0.0,1.0,0.08016862365392063,0.08902748801014215,0.0,0.0,0.0,0.0
2651,1786799499,567779730,1786799499.567780,-3.9258779485773143,0.3651762936053058,0.7289593949463766,0.0,0.0,0.0,1.0,0.08600222738922235,0.09552851766887673,0.0,0.0,0.0,0.0
2652,1786799499,934631484,1786799499.934632,-3.9022713694348203,0.3944453452637613,0.7298286524680251,0.0,0.0,0.0,1.0,0.07553229749354506,0.0894534356468414,0.0,0.0,0.0,0.0
2653,1786799500,134489514,1786799500.134490,-3.8859456955879965,0.41405065102354177,0.7277381141863681,0.0,0.0,0.0,1.0,0.08051008842708333,0.09453510025811213,0.0,0.0,0.0,0.0
2654,1786799500,334509553,1786799500.334510,-3.8689482365953873,0.4355118026839393,0.7251770679840769,0.0,0.0,0.0,1.0,0.08116934200195465,0.0970436567572429,0.0,0.0,0.0,0.0
2655,1786799500,401144153,1786799500.401144,-3.8635151958041867,0.44261998586352025,0.7248572254080253,0.0,0.0,0.0,1.0,0.08474307592455133,0.10386833554825238,0.0,0.0,0.0,0.0
2656,1786799500,434601674,1786799500.434602,-3.8609228660993162,0.44583147178945826,0.7275564796299029,0.0,0.0,0.0,1.0,0.08184944017366902,0.1015769021626133,0.0,0.0,0.0,0.0
2657,1786799500,534512910,1786799500.534513,-3.8530397521776507,0.4558339806386913,0.7263289191154756,0.0,0.0,0.0,1.0,0.08192203040146798,0.10015889905201378,0.0,0.0,0.0,0.0
2658,1786799501,1194131,1786799501.001194,-3.8159123163916533,0.501901971168246,0.7276532228789937,0.0,0.0,0.0,1.0,0.08179830100794082,0.10020644884615976,0.0,0.0,0.0,0.0
2659,1786799501,134577477,1786799501.134578,-3.805622285461883,0.5138371236743384,0.724024081146758,0.0,0.0,0.0,1.0,0.0763039255172603,0.09560366020910258,0.0,0.0,0.0,0.0
2660,1786799501,334633179,1786799501.334633,-3.7919600781913188,0.5316788069320655,0.7255294564894054,0.0,0.0,0.0,1.0,0.07675590860985018,0.09681992835954102,0.0,0.0,0.0,0.0
2661,1786799501,467893763,1786799501.467894,-3.7817454113691396,0.5445900873672866,0.7237629658175455,0.0,0.0,0.0,1.0,0.07820882860171074,0.10047300217995152,0.0,0.0,0.0,0.0
2662,1786799501,534561403,1786799501.534561,-3.7767498389284935,0.55083336120342,0.7249196271352637,0.0,0.0,0.0,1.0,0.07657794532387197,0.09651029490048234,0.0,0.0,0.0,0.0
2663,1786799501,567814237,1786799501.567814,-3.7742353386551217,0.554073865833622,0.7249196271352637,0.0,0.0,0.0,1.0,0.08429614803714792,0.10669392302039504,0.0,0.0,0.0,0.0
2664,1786799501,801233377,1786799501.801233,-3.7552908975507178,0.5783201677164334,0.7239313773678914,0.0,0.0,0.0,1.0,0.07878044329012378,0.1026359181338461,0.0,0.0,0.0,0.0
2665,1786799501,834568281,1786799501.834568,-3.7535161098195466,0.5864397149163505,0.7250302635779948,0.0,0.0,0.0,1.0,0.07862935264698043,0.10026420356486965,0.0,0.0,0.0,0.0
2666,1786799502,201204154,1786799502.201204,-3.7244414319208587,0.6230100211007175,0.7244332566114954,0.0,0.0,0.0,1.0,0.07892046517154201,0.10246749865501517,0.0,0.0,0.0,0.0
2667,1786799502,334549569,1786799502.334550,-3.715954212978329,0.6344063611829216,0.7238836304489965,0.0,0.0,0.0,1.0,0.06936234607421321,0.09459669219003425,0.0,0.0,0.0,0.0
2668,1786799502,367837619,1786799502.367838,-3.713650746096482,0.6373666183839246,0.7238836304489965,0.0,0.0,0.0,1.0,0.07913663043219998,0.10243250959270536,0.0,0.0,0.0,0.0
2669,1786799502,567913848,1786799502.567914,-3.700733481753212,0.6576140661866687,0.7246065881247653,0.0,0.0,0.0,1.0,0.07307948516838167,0.0924261825270271,0.0,0.0,0.0,0.0
2670,1786799503,67909786,1786799503.067910,-3.6654936409474974,0.689333900575829,0.7271691908905111,0.0,0.0,0.0,1.0,0.07024828186747768,0.09320748771373782,0.0,0.0,0.0,0.0
2671,1786799503,134592645,1786799503.134593,-3.6652047728217907,0.6982591730182901,0.7287251075223127,0.0,0.0,0.0,1.0,0.07589620800274803,0.0972320023050325,0.0,0.0,0.0,0.0
2672,1786799503,167870604,1786799503.167871,-3.6600334941600154,0.7056036029376425,0.7287251075223127,0.0,0.0,0.0,1.0,0.08167675069937165,0.10438048612484342,0.0,0.0,0.0,0.0
2673,1786799503,201223334,1786799503.201223,-3.6570330721503836,0.7092646815810317,0.728427799440501,0.0,0.0,0.0,1.0,0.06925940186492112,0.0896910808287456,0.0,0.0,0.0,0.0
2674,1786799503,234572006,1786799503.234572,-3.6543686500747548,0.7128213073796013,0.7284912979210845,0.0,0.0,0.0,1.0,0.07567560541553572,0.10111027616423585,0.0,0.0,0.0,0.0
2675,1786799503,267885509,1786799503.267885,-3.651041789386774,0.7170095807900014,0.7284912979210845,0.0,0.0,0.0,1.0,0.07570485120034766,0.10047572872891768,0.0,0.0,0.0,0.0
2676,1786799503,801235126,1786799503.801235,-3.613808352089902,0.7570460412089979,0.7288028610646966,0.0,0.0,0.0,1.0,0.07666900475443776,0.09430568670131509,0.0,0.0,0.0,0.0
2677,1786799504,68001713,1786799504.068002,-3.5879054938199495,0.7907332593453709,0.7262001020573596,0.0,0.0,0.0,1.0,0.07884465570526251,0.09962398554878667,0.0,0.0,0.0,0.0
2678,1786799504,401298120,1786799504.401298,-3.55811494591031,0.8274719261383492,0.7275558885941057,0.0,0.0,0.0,1.0,0.07914643475655098,0.10245338735827456,0.0,0.0,0.0,0.0
2679,1786799504,534578489,1786799504.534579,-3.5473778040785167,0.8408033039171046,0.7293052431859423,0.0,0.0,0.0,1.0,0.08291701758787348,0.10164681792292271,0.0,0.0,0.0,0.0
2680,1786799504,567894732,1786799504.567895,-3.5447677316842388,0.8439605466137219,0.7293052431859423,0.0,0.0,0.0,1.0,0.0832834369420876,0.10189916518650649,0.0,0.0,0.0,0.0
2681,1786799504,634579054,1786799504.634579,-3.5393530676521543,0.8504802992433369,0.7274611859838039,0.0,0.0,0.0,1.0,0.07977489732243197,0.09784025068352367,0.0,0.0,0.0,0.0
2682,1786799504,667892361,1786799504.667892,-3.53669018592724,0.8537493552833464,0.7274611859838039,0.0,0.0,0.0,1.0,0.08366384617110315,0.10369502228348948,0.0,0.0,0.0,0.0
2683,1786799504,734578546,1786799504.734579,-3.531699662910423,0.8600833204378815,0.7272642043639187,0.0,0.0,0.0,1.0,0.07755695707118476,0.09562493998039232,0.0,0.0,0.0,0.0
2684,1786799504,801280562,1786799504.801280,-3.526712465508414,0.8661512134445628,0.7266216022779058,0.0,0.0,0.0,1.0,0.07612058036284128,0.09349937892995042,0.0,0.0,0.0,0.0
2685,1786799504,834579876,1786799504.834580,-3.524285974413413,0.8690156221401315,0.7272184018679071,0.0,0.0,0.0,1.0,0.07914630704108558,0.09502146941723194,0.0,0.0,0.0,0.0
2686,1786799505,601335925,1786799505.601336,-3.436388314348182,0.9647413984465949,0.7252261995888447,0.0,0.0,0.0,1.0,0.12212129942603914,0.12986538061394848,0.0,0.0,0.0,0.0
2687,1786799506,67936132,1786799506.067936,-3.420603918571789,0.9867997459182605,0.7254415633043785,0.0,0.0,0.0,1.0,0.08654983332556296,0.10161130657958133,0.0,0.0,0.0,0.0
2688,1786799506,101299458,1786799506.101300,-3.420018030164764,0.9878139925045959,0.7242524231959786,0.0,0.0,0.0,1.0,0.08180268716423598,0.09850615465411282,0.0,0.0,0.0,0.0
2689,1786799506,201292729,1786799506.201293,-3.4118249327123777,0.9972795772509118,0.724301429103627,0.0,0.0,0.0,1.0,0.08058981569263823,0.09555794035484867,0.0,0.0,0.0,0.0
2690,1786799506,368004499,1786799506.368005,-3.3993682823872753,1.0125014481026793,0.7270818819217549,0.0,0.0,0.0,1.0,0.08017878987352021,0.09840500345106308,0.0,0.0,0.0,0.0
2691,1786799506,467980279,1786799506.467980,-3.3904630092599177,1.0231484070017447,0.7249284723772793,0.0,0.0,0.0,1.0,0.0819667916151837,0.10314641552562226,0.0,0.0,0.0,0.0
2692,1786799506,534731005,1786799506.534731,-3.3850236517720855,1.029421367085463,0.7252010395135322,0.0,0.0,0.0,1.0,0.07853825043438363,0.09565255126656491,0.0,0.0,0.0,0.0
2693,1786799506,567928777,1786799506.567929,-3.3823991311544965,1.0325855330135636,0.7252010395135322,0.0,0.0,0.0,1.0,0.08246460865451459,0.09875691732554265,0.0,0.0,0.0,0.0
2694,1786799507,68036842,1786799507.068037,-3.354514676752144,1.071613989195924,0.7276293122732219,0.0,0.0,0.0,1.0,0.08257390085659153,0.09906808805369577,0.0,0.0,0.0,0.0
2695,1786799507,567981243,1786799507.567981,-3.313068046706759,1.1194513106033357,0.7258809694567359,0.0,0.0,0.0,1.0,0.07458231433192412,0.08879859795644471,0.0,0.0,0.0,0.0
2696,1786799507,601323785,1786799507.601324,-3.30990871976085,1.123007898647994,0.7274766195432525,0.0,0.0,0.0,1.0,0.07921553196483057,0.09339523216338264,0.0,0.0,0.0,0.0
2697,1786799507,701404485,1786799507.701405,-3.2985345222199474,1.1361982487641509,0.7263111814276098,0.0,0.0,0.0,1.0,0.0829229243402526,0.10054410005979444,0.0,0.0,0.0,0.0
2698,1786799508,101307000,1786799508.101307,-3.254737290629075,1.179807889039652,0.7271064418963952,0.0,0.0,0.0,1.0,0.08624696082224825,0.10054322271735715,0.0,0.0,0.0,0.0
2699,1786799508,301401893,1786799508.301402,-3.2385405644835696,1.1976725728280404,0.7286595547869984,0.0,0.0,0.0,1.0,0.08769058133222954,0.09942463015406598,0.0,0.0,0.0,0.0
2700,1786799508,901369352,1786799508.901369,-3.1911119703732513,1.2552481200778947,0.7271534729677304,0.0,0.0,0.0,1.0,0.0874910854350701,0.09949043713379262,0.0,0.0,0.0,0.0
2701,1786799508,934657179,1786799508.934657,-3.189339283982722,1.2578969161680722,0.7271189361405224,0.0,0.0,0.0,1.0,0.08379340799944572,0.09742246631438466,0.0,0.0,0.0,0.0
2702,1786799509,134745783,1786799509.134746,-3.1737376571315394,1.276084579644575,0.7249567918892392,0.0,0.0,0.0,1.0,0.0827088125170491,0.10098119379586673,0.0,0.0,0.0,0.0
2703,1786799509,167987972,1786799509.167988,-3.1704985330442454,1.279572598955638,0.7249567918892392,0.0,0.0,0.0,1.0,0.08290116027155581,0.10022952487874823,0.0,0.0,0.0,0.0
2704,1786799509,268012217,1786799509.268012,-3.1622801760182977,1.2893265204999085,0.7278726995237982,0.0,0.0,0.0,1.0,0.0838493488875045,0.09991185994495617,0.0,0.0,0.0,0.0
2705,1786799509,301377102,1786799509.301377,-3.1594274624384067,1.2926005995138365,0.7283797701942814,0.0,0.0,0.0,1.0,0.08891343259386364,0.10552601842732659,0.0,0.0,0.0,0.0
2706,1786799509,334715075,1786799509.334715,-3.156812703511342,1.2959997400206804,0.7278049813123885,0.0,0.0,0.0,1.0,0.08535348452441928,0.10014630422692247,0.0,0.0,0.0,0.0
2707,1786799509,501336928,1786799509.501337,-3.1422250350528156,1.3139659625395752,0.7266482099170013,0.0,0.0,0.0,1.0,0.08242535762591338,0.09948334480594304,0.0,0.0,0.0,0.0
2708,1786799509,534736508,1786799509.534736,-3.139442694305494,1.3169475897272283,0.7249301160124648,0.0,0.0,0.0,1.0,0.0843096080601577,0.09818789833268518,0.0,0.0,0.0,0.0
2709,1786799510,234902962,1786799510.234903,-3.0840271111648025,1.383349053355862,0.7263519475125267,0.0,0.0,0.0,1.0,0.07926600247778369,0.09121108994713711,0.0,0.0,0.0,0.0
2710,1786799510,301332413,1786799510.301332,-3.0738742624354476,1.3955073218181502,0.7259080492152377,0.0,0.0,0.0,1.0,0.08829035856290104,0.1066586752560505,0.0,0.0,0.0,0.0
2711,1786799510,468034896,1786799510.468035,-3.0595716180138126,1.412324752905144,0.7256033663622019,0.0,0.0,0.0,1.0,0.085523071594283,0.1015028896677782,0.0,0.0,0.0,0.0
2712,1786799511,835473514,1786799511.835474,-2.932598471759933,1.555233868197123,0.72533173443344,0.0,0.0,0.0,1.0,0.08747289424911092,0.10533982103536593,0.0,0.0,0.0,0.0
2713,1786799511,934957895,1786799511.934958,-2.947406386640713,1.546908864202937,0.7255964083980793,0.0,0.0,0.0,1.0,0.04627506523840469,0.06804117499206848,0.0,0.0,0.0,0.0
2714,1786799511,968105414,1786799511.968105,-2.9459914904216866,1.5488973958305006,0.7255964083980793,0.0,0.0,0.0,1.0,0.04858129154915593,0.07002740759405963,0.0,0.0,0.0,0.0
2715,1786799512,101445760,1786799512.101446,-2.9367399799942007,1.5565255192544307,0.7267880803195975,0.0,0.0,0.0,1.0,0.05398378253535712,0.07586181783999281,0.0,0.0,0.0,0.0
2716,1786799512,168108380,1786799512.168108,-2.9302371730927224,1.56063269999373,0.7288193132447268,0.0,0.0,0.0,1.0,0.07504300195910805,0.08969579356224848,0.0,0.0,0.0,0.0
2717,1786799512,301400940,1786799512.301401,-2.919380368069584,1.5721086606156969,0.7260258692464527,0.0,0.0,0.0,1.0,0.08097519147337624,0.09629101542122838,0.0,0.0,0.0,0.0
2718,1786799512,334804235,1786799512.334804,-2.916508689520006,1.5754922010261763,0.7253711226093642,0.0,0.0,0.0,1.0,0.09273591373919003,0.1083839974558352,0.0,0.0,0.0,0.0
2719,1786799512,368124457,1786799512.368124,-2.9130653392966543,1.5775044345622664,0.7253711226093642,0.0,0.0,0.0,1.0,0.08486752252534263,0.09996713582505655,0.0,0.0,0.0,0.0
2720,1786799512,401527709,1786799512.401528,-2.9101925007778853,1.5801745138164711,0.7231030509813097,0.0,0.0,0.0,1.0,0.07391731045057254,0.0893694749356876,0.0,0.0,0.0,0.0
2721,1786799512,534797520,1786799512.534797,-2.8994480482405827,1.5921952468991987,0.7267791153873416,0.0,0.0,0.0,1.0,0.08342223559470165,0.09978638370386719,0.0,0.0,0.0,0.0
2722,1786799512,568091600,1786799512.568092,-2.8964224672784766,1.5950099913616396,0.7267791153873416,0.0,0.0,0.0,1.0,0.08383488969654652,0.09847209249651384,0.0,0.0,0.0,0.0
2723,1786799512,601439753,1786799512.601440,-2.893287923576679,1.597984186535987,0.7258585829125868,0.0,0.0,0.0,1.0,0.09310449332667185,0.10875679994420186,0.0,0.0,0.0,0.0
2724,1786799513,1603081,1786799513.001603,-2.8756833958305403,1.6720567849325074,0.7262656095471636,0.0,0.0,0.0,1.0,0.08314569228902588,0.09837872269995585,0.0,0.0,0.0,0.0
2725,1786799513,401618711,1786799513.401619,-2.843303162236893,1.7095085597902546,0.7284477755198937,0.0,0.0,0.0,1.0,0.07700096802173813,0.09403313601459677,0.0,0.0,0.0,0.0
2726,1786799513,434837200,1786799513.434837,-2.8395720430387144,1.7126995131423373,0.7284178787331929,0.0,0.0,0.0,1.0,0.08555337645344369,0.10254719247838995,0.0,0.0,0.0,0.0
2727,1786799513,468357119,1786799513.468357,-2.836688444632731,1.7152730176108757,0.7284178787331929,0.0,0.0,0.0,1.0,0.06973028256077797,0.08398848354191192,0.0,0.0,0.0,0.0
2728,1786799513,534769630,1786799513.534770,-2.831429557156879,1.7208145557467587,0.725314318127848,0.0,0.0,0.0,1.0,0.08033970143699089,0.09924933024259033,0.0,0.0,0.0,0.0
2729,1786799513,601514347,1786799513.601514,-2.825467806356661,1.7267459259877165,0.7294030988142424,0.0,0.0,0.0,1.0,0.08633544204438506,0.10214656038661232,0.0,0.0,0.0,0.0
2730,1786799513,701465443,1786799513.701465,-2.8169667627048796,1.736152774727607,0.727357274667194,0.0,0.0,0.0,1.0,0.07947584033453116,0.09461677063691279,0.0,0.0,0.0,0.0
2731,1786799513,868207991,1786799513.868208,-2.8031962833868214,1.7515711883059444,0.7270667087499959,0.0,0.0,0.0,1.0,0.08219043258586659,0.09578954292282876,0.0,0.0,0.0,0.0
2732,1786799513,968150549,1786799513.968151,-2.7944607670137334,1.7596706368583876,0.7283586227432286,0.0,0.0,0.0,1.0,0.08088356931949199,0.09269070753418947,0.0,0.0,0.0,0.0
2733,1786799514,134919248,1786799514.134919,-2.781213782894648,1.7741071520088445,0.7291129724949263,0.0,0.0,0.0,1.0,0.07517863304799134,0.08856851461326887,0.0,0.0,0.0,0.0
2734,1786799514,401494310,1786799514.401494,-2.7504195474898943,1.8149325296079581,0.7250762508654074,0.0,0.0,0.0,1.0,0.08052594820168052,0.09985797539173003,0.0,0.0,0.0,0.0
2735,1786799514,468166986,1786799514.468167,-2.744401049763267,1.820965295370979,0.7252968135778878,0.0,0.0,0.0,1.0,0.08137484588070526,0.0999975879193023,0.0,0.0,0.0,0.0
2736,1786799514,501479335,1786799514.501479,-2.7402793662512384,1.824509771618486,0.7241783125319642,0.0,0.0,0.0,1.0,0.07327179932742052,0.09197765474458927,0.0,0.0,0.0,0.0
2737,1786799514,901539198,1786799514.901539,-2.6999053866440157,1.8764760380760683,0.7224842458546878,0.0,0.0,0.0,1.0,0.07718360517158059,0.0945520062222693,0.0,0.0,0.0,0.0
2738,1786799515,134799383,1786799515.134799,-2.6722803376865745,1.9003208682106716,0.7226215129573418,0.0,0.0,0.0,1.0,0.08130698153934796,0.09605979278170597,0.0,0.0,0.0,0.0
2739,1786799515,468270689,1786799515.468271,-2.6418993186101307,1.933430316245861,0.7200561203045938,0.0,0.0,0.0,1.0,0.0846312313536742,0.10076207522748254,0.0,0.0,0.0,0.0
2740,1786799515,668245958,1786799515.668246,-2.625395787547731,1.9510707193321726,0.7220167495113261,0.0,0.0,0.0,1.0,0.07743114830377358,0.09241953704265622,0.0,0.0,0.0,0.0
2741,1786799515,734795270,1786799515.734795,-2.621778468487163,1.9538265972158362,0.7250260023378544,0.0,0.0,0.0,1.0,0.08126859380003996,0.0986764364795127,0.0,0.0,0.0,0.0
2742,1786799515,768153647,1786799515.768154,-2.6193698901237585,1.9564541261723614,0.7250260023378544,0.0,0.0,0.0,1.0,0.0714774171461627,0.08929476267451132,0.0,0.0,0.0,0.0
2743,1786799515,968213653,1786799515.968214,-2.611036140835676,1.956592324719519,0.7259703549827546,0.0,0.0,0.0,1.0,0.08206147014075457,0.09950058767736215,0.0,0.0,0.0,0.0
2744,1786799516,1643102,1786799516.001643,-2.6076093176500166,1.958679086022673,0.7236275567466119,0.0,0.0,0.0,1.0,0.08122063639587765,0.09837725144054929,0.0,0.0,0.0,0.0
2745,1786799516,134816619,1786799516.134817,-2.6064170444050454,1.9767868430587225,0.727180425046663,0.0,0.0,0.0,1.0,0.07956840520573145,0.09701208548674893,0.0,0.0,0.0,0.0
2746,1786799516,301641506,1786799516.301641,-2.5921355950722536,1.992973798022755,0.7261110704296507,0.0,0.0,0.0,1.0,0.07896855907057375,0.09700570114438811,0.0,0.0,0.0,0.0
2747,1786799516,334902935,1786799516.334903,-2.590187104742057,1.9952854220074752,0.7285038495014245,0.0,0.0,0.0,1.0,0.07870224491595891,0.09554904780194731,0.0,0.0,0.0,0.0
2748,1786799516,368137242,1786799516.368137,-2.5853463588890655,1.9880974545066668,0.7285038495014245,0.0,0.0,0.0,1.0,0.08638935437031073,0.10277291376159188,0.0,0.0,0.0,0.0
2749,1786799516,668490439,1786799516.668490,-2.5553294153978943,2.0178708924668385,0.7292768150430446,0.0,0.0,0.0,1.0,0.07981821480128717,0.09720738412039204,0.0,0.0,0.0,0.0
2750,1786799516,701486495,1786799516.701487,-2.5527480636011326,2.0210089440889654,0.7297178097078977,0.0,0.0,0.0,1.0,0.07675295510316242,0.09313359765713014,0.0,0.0,0.0,0.0
2751,1786799516,734900108,1786799516.734900,-2.552795533269471,2.0203849357864767,0.7270679878527432,0.0,0.0,0.0,1.0,0.07248340529649627,0.08964683416104824,0.0,0.0,0.0,0.0
2752,1786799516,768175380,1786799516.768175,-2.5521391691475497,2.021877435007241,0.7270679878527432,0.0,0.0,0.0,1.0,0.07500116560676934,0.09221018879228429,0.0,0.0,0.0,0.0
2753,1786799516,834790913,1786799516.834791,-2.546120022854941,2.026771553439194,0.727297551167441,0.0,0.0,0.0,1.0,0.0795177979096432,0.0950712359895907,0.0,0.0,0.0,0.0
2754,1786799517,1609892,1786799517.001610,-2.5349302479981706,2.0390369093167298,0.7249130929412066,0.0,0.0,0.0,1.0,0.07671226399182209,0.0940617311819983,0.0,0.0,0.0,0.0
2755,1786799517,168273090,1786799517.168273,-2.5217723465174267,2.0543199495812514,0.72984052059878,0.0,0.0,0.0,1.0,0.07827283595597904,0.09391806683296572,0.0,0.0,0.0,0.0
2756,1786799517,368187936,1786799517.368188,-2.5068651526290466,2.0714827553312727,0.7324824125664646,0.0,0.0,0.0,1.0,0.07933161302925107,0.09494579215248079,0.0,0.0,0.0,0.0
2757,1786799517,834857961,1786799517.834858,-2.4716409068980294,2.115173497877259,0.7225084769799428,0.0,0.0,0.0,1.0,0.07999401774804477,0.09913931263595166,0.0,0.0,0.0,0.0
2758,1786799517,934933301,1786799517.934933,-2.459408579633875,2.126237794272339,0.7261033401972007,0.0,0.0,0.0,1.0,0.07953274751240223,0.09516065477652125,0.0,0.0,0.0,0.0
2759,1786799518,201535830,1786799518.201536,-2.433181910549667,2.1547310159512643,0.7237319705482059,0.0,0.0,0.0,1.0,0.07599428331224611,0.09580715080521136,0.0,0.0,0.0,0.0
2760,1786799518,468257539,1786799518.468257,-2.408757637077059,2.181800381767177,0.7240663600056323,0.0,0.0,0.0,1.0,0.08316777688682442,0.10106457541088941,0.0,0.0,0.0,0.0
2761,1786799518,634871319,1786799518.634871,-2.3946687242491986,2.1982427556136575,0.7249925928215813,0.0,0.0,0.0,1.0,0.0829982253522874,0.1023933942247826,0.0,0.0,0.0,0.0
2762,1786799518,868252193,1786799518.868252,-2.3754395619905537,2.221453615800878,0.7265604830478265,0.0,0.0,0.0,1.0,0.08271748603426492,0.10179831914952112,0.0,0.0,0.0,0.0
2763,1786799518,901524821,1786799518.901525,-2.372281188271698,2.225137113097289,0.7269533143127002,0.0,0.0,0.0,1.0,0.08913358210485758,0.10635203303071056,0.0,0.0,0.0,0.0
2764,1786799518,934910333,1786799518.934910,-2.368144365582598,2.2292242872215633,0.7258762652734001,0.0,0.0,0.0,1.0,0.08359011917732613,0.10037545589217647,0.0,0.0,0.0,0.0
2765,1786799518,968210562,1786799518.968210,-2.3646759090823757,2.2325403833100115,0.7258762652734001,0.0,0.0,0.0,1.0,0.0828538059554782,0.09793554450390521,0.0,0.0,0.0,0.0
2766,1786799519,234905877,1786799519.234906,-2.3464837132007403,2.2602898436298844,0.7278247446239007,0.0,0.0,0.0,1.0,0.07742388154192396,0.09572297040325531,0.0,0.0,0.0,0.0
2767,1786799519,268212724,1786799519.268213,-2.3487429575248076,2.2605782899146103,0.7278247446239007,0.0,0.0,0.0,1.0,0.08512803406974848,0.10719217738914012,0.0,0.0,0.0,0.0
2768,1786799520,68255621,1786799520.068256,-2.2363820614834644,2.3600488091218415,0.7245305136919585,0.0,0.0,0.0,1.0,0.1391784133329304,0.12360683236783777,0.0,0.0,0.0,0.0
2769,1786799520,168250077,1786799520.168250,-2.2541987331774287,2.357591632030057,0.7264699748294415,0.0,0.0,0.0,1.0,0.08407166460948926,0.1024548463388487,0.0,0.0,0.0,0.0
2770,1786799520,201577638,1786799520.201578,-2.251785704826373,2.360106307312005,0.7275760355480235,0.0,0.0,0.0,1.0,0.08220044924177514,0.09878717499447837,0.0,0.0,0.0,0.0
2771,1786799520,401670355,1786799520.401670,-2.2351799012168634,2.3780090076020954,0.7253914930246649,0.0,0.0,0.0,1.0,0.07890236998510944,0.09386367953419728,0.0,0.0,0.0,0.0
2772,1786799520,534921828,1786799520.534922,-2.222283788080553,2.389336768736934,0.7284992670261066,0.0,0.0,0.0,1.0,0.077534240027875,0.09567182043592072,0.0,0.0,0.0,0.0
2773,1786799520,668259256,1786799520.668259,-2.211178227692729,2.4009881408199965,0.7269190997155983,0.0,0.0,0.0,1.0,0.08067373518263463,0.0970254164324929,0.0,0.0,0.0,0.0
2774,1786799520,768241170,1786799520.768241,-2.202706794278889,2.409932825780399,0.7283374173554914,0.0,0.0,0.0,1.0,0.08230128495974659,0.09822732865922576,0.0,0.0,0.0,0.0
2775,1786799520,901644473,1786799520.901644,-2.1917775593295072,2.4227327238435583,0.7255487695113957,0.0,0.0,0.0,1.0,0.08019605921773153,0.09790285797019153,0.0,0.0,0.0,0.0
2776,1786799520,968353900,1786799520.968354,-2.184311205424075,2.429660617650823,0.7256173838086196,0.0,0.0,0.0,1.0,0.08736302063053288,0.10391345081693061,0.0,0.0,0.0,0.0
2777,1786799521,468273772,1786799521.468274,-2.140269377870599,2.47796585182072,0.7268026458404235,0.0,0.0,0.0,1.0,0.08363785929987194,0.10060621537485764,0.0,0.0,0.0,0.0
2778,1786799521,668337742,1786799521.668338,-2.126735072578567,2.496555668964392,0.7288933127856417,0.0,0.0,0.0,1.0,0.07692116372807518,0.09471310376322933,0.0,0.0,0.0,0.0
2779,1786799522,201649598,1786799522.201650,-2.0839161955660597,2.547395035350257,0.723275285245982,0.0,0.0,0.0,1.0,0.0791506638636901,0.0950104059338279,0.0,0.0,0.0,0.0
2780,1786799522,234941603,1786799522.234942,-2.0807982565337095,2.550925524044719,0.7262310633355691,0.0,0.0,0.0,1.0,0.0821238014975875,0.09867720924304157,0.0,0.0,0.0,0.0
2781,1786799522,368290250,1786799522.368290,-2.069290511240938,2.5644747084491097,0.730222714963383,0.0,0.0,0.0,1.0,0.08476011807293808,0.10055187285623239,0.0,0.0,0.0,0.0
2782,1786799522,401653010,1786799522.401653,-2.0664177962802235,2.567612756525036,0.7286818823625223,0.0,0.0,0.0,1.0,0.0839658258830168,0.10207858920565703,0.0,0.0,0.0,0.0
2783,1786799522,468308188,1786799522.468308,-2.0608483543035945,2.5742526039756646,0.7311979127517406,0.0,0.0,0.0,1.0,0.08256938374910688,0.1018859213883674,0.0,0.0,0.0,0.0
2784,1786799522,501617764,1786799522.501618,-2.0580493197032865,2.5777343750476325,0.7275794368757945,0.0,0.0,0.0,1.0,0.08437115262521268,0.10327915258951266,0.0,0.0,0.0,0.0
2785,1786799522,534954124,1786799522.534954,-2.0548500909545417,2.581110289656851,0.7270552084445726,0.0,0.0,0.0,1.0,0.08323781105513291,0.10080667802793616,0.0,0.0,0.0,0.0
2786,1786799522,568283526,1786799522.568284,-2.0521677498575333,2.5844241100345675,0.7270552084445726,0.0,0.0,0.0,1.0,0.08249416321962949,0.09969983745409157,0.0,0.0,0.0,0.0
2787,1786799522,601666117,1786799522.601666,-2.050045753395823,2.587125713566201,0.7246361957638167,0.0,0.0,0.0,1.0,0.08401315334694875,0.09864832593505302,0.0,0.0,0.0,0.0
2788,1786799522,634914564,1786799522.634915,-2.0473282535444106,2.5905440626691734,0.7214360281326271,0.0,0.0,0.0,1.0,0.08355297323061288,0.09830660331859138,0.0,0.0,0.0,0.0
2789,1786799522,668358138,1786799522.668358,-2.045608323597417,2.593039212109722,0.7214360281326271,0.0,0.0,0.0,1.0,0.080708019142903,0.09693228852015481,0.0,0.0,0.0,0.0
2790,1786799522,701616347,1786799522.701616,-2.043247272639361,2.596214602176045,0.722222790156033,0.0,0.0,0.0,1.0,0.0730732463945029,0.08878697427106648,0.0,0.0,0.0,0.0
2791,1786799522,734958334,1786799522.734958,-2.040602285625459,2.5994005455223457,0.7243925721120962,0.0,0.0,0.0,1.0,0.08601251759695781,0.101251471312051,0.0,0.0,0.0,0.0
2792,1786799523,201640880,1786799523.201641,-2.001213788692235,2.637713479123793,0.7264071625989587,0.0,0.0,0.0,1.0,0.07825518618104266,0.0961237307045431,0.0,0.0,0.0,0.0
2793,1786799523,501688591,1786799523.501688,-1.9700251480913682,2.672064272069285,0.7236143899311134,0.0,0.0,0.0,1.0,0.08179536924260614,0.1012366225064648,0.0,0.0,0.0,0.0
2794,1786799523,535028450,1786799523.535028,-1.966690572308016,2.6758477089496546,0.7227006988527568,0.0,0.0,0.0,1.0,0.09001001637426746,0.10792741302528576,0.0,0.0,0.0,0.0
2795,1786799523,634959621,1786799523.634960,-1.9586275381267164,2.6868522462948405,0.7247903150168614,0.0,0.0,0.0,1.0,0.07953041270000422,0.09824601754778622,0.0,0.0,0.0,0.0
2796,1786799523,701661254,1786799523.701661,-1.95295999473249,2.6957520499106353,0.7243797342925592,0.0,0.0,0.0,1.0,0.08863958034651076,0.10676639705484456,0.0,0.0,0.0,0.0
2797,1786799524,401777330,1786799524.401777,-1.9114912338361734,2.7599800112457196,0.7259876891442409,0.0,0.0,0.0,1.0,0.07047079163218835,0.0916171179734126,0.0,0.0,0.0,0.0
2798,1786799524,535037774,1786799524.535038,-1.9010628563735885,2.773003809257416,0.7267303464888889,0.0,0.0,0.0,1.0,0.08118131177964323,0.09953792599782257,0.0,0.0,0.0,0.0
2799,1786799524,601720103,1786799524.601720,-1.8951250491448377,2.7798352460306868,0.7261032342066539,0.0,0.0,0.0,1.0,0.08176726604866014,0.10082833499480859,0.0,0.0,0.0,0.0
2800,1786799525,468360399,1786799525.468360,-1.838463013971749,2.8788241122603786,0.7287232279650231,0.0,0.0,0.0,1.0,0.044840018061761105,0.14358066473120487,0.0,0.0,0.0,0.0
2801,1786799525,601754778,1786799525.601755,-1.8172493104553666,2.8844564418766243,0.7279129528152373,0.0,0.0,0.0,1.0,0.07142359722367173,0.1038209572308984,0.0,0.0,0.0,0.0
2802,1786799525,968412272,1786799525.968412,-1.7847442104475721,2.940185022406535,0.7271982718778709,0.0,0.0,0.0,1.0,0.06890892193099395,0.06667149277423595,0.0,0.0,0.0,0.0
2803,1786799526,1823092,1786799526.001823,-1.7823344659095373,2.944669316148328,0.7262881660764875,0.0,0.0,0.0,1.0,0.0930223962573348,0.1075635339273596,0.0,0.0,0.0,0.0
2804,1786799526,235074845,1786799526.235075,-1.7603397347805352,2.972594571484507,0.7258797707333671,0.0,0.0,0.0,1.0,0.09178217454437884,0.09650908421499704,0.0,0.0,0.0,0.0
2805,1786799526,301767277,1786799526.301767,-1.753474918920583,2.9798144040202033,0.7247783151348768,0.0,0.0,0.0,1.0,0.0946981242278565,0.09857798936689849,0.0,0.0,0.0,0.0
2806,1786799526,368486051,1786799526.368486,-1.7494344979710803,2.9863035467768757,0.7267309076745471,0.0,0.0,0.0,1.0,0.09551535325942521,0.09948852553502534,0.0,0.0,0.0,0.0
2807,1786799526,435009604,1786799526.435010,-1.7423494796857337,2.993044341165466,0.7258786751772117,0.0,0.0,0.0,1.0,0.09505057600661006,0.09691209216320125,0.0,0.0,0.0,0.0
2808,1786799526,501686303,1786799526.501686,-1.7174997874612625,2.995830090844823,0.724053750628944,0.0,0.0,0.0,1.0,0.09705694268993649,0.09747737733181956,0.0,0.0,0.0,0.0
2809,1786799526,668381946,1786799526.668382,-1.7030417663026576,3.010370185351336,0.7266646461398313,0.0,0.0,0.0,1.0,0.10105796207252912,0.09133709907646188,0.0,0.0,0.0,0.0
2810,1786799527,435063871,1786799527.435064,-1.6366882247898253,3.0659663108146145,0.7239651136358073,0.0,0.0,0.0,1.0,0.06869575327648988,0.04970584687308658,0.0,0.0,0.0,0.0
2811,1786799528,168448834,1786799528.168449,-1.3656711288809298,2.7667568671013987,0.7249397898505139,0.0,0.0,0.0,1.0,0.08076073303829978,0.01274678628340975,0.0,0.0,0.0,0.0
2812,1786799528,301725685,1786799528.301726,-1.3523842451513755,2.770657164342512,0.7252566363845515,0.0,0.0,0.0,1.0,0.11830758055852433,0.045943196645000545,0.0,0.0,0.0,0.0
2813,1786799528,335091807,1786799528.335092,-1.348234832623163,2.772290954478403,0.7270204244953709,0.0,0.0,0.0,1.0,0.13035669122182553,0.0519796552876141,0.0,0.0,0.0,0.0
2814,1786799528,368483553,1786799528.368484,-1.3518979354810217,2.8076747612786637,0.7270204244953709,0.0,0.0,0.0,1.0,0.1292848784209027,0.04728713626457753,0.0,0.0,0.0,0.0
2815,1786799528,435065723,1786799528.435066,-1.3433821834929383,2.8107074597620594,0.7259024935000817,0.0,0.0,0.0,1.0,0.12651189722598796,0.0438172829742931,0.0,0.0,0.0,0.0
2816,1786799528,601834742,1786799528.601835,-1.323071628501653,2.8153650136982717,0.7243280631630435,0.0,0.0,0.0,1.0,0.12233176020172297,0.04075906205115753,0.0,0.0,0.0,0.0
2817,1786799528,668379695,1786799528.668380,-1.310670843695215,2.8182787871548314,0.7241632309758947,0.0,0.0,0.0,1.0,0.12835233225231063,0.044759559291528236,0.0,0.0,0.0,0.0
2818,1786799529,35113956,1786799529.035114,-1.2734045479144545,2.8372850240584304,0.7242755911337521,0.0,0.0,0.0,1.0,0.10683128039928266,0.04387269190542666,0.0,0.0,0.0,0.0
2819,1786799529,435098594,1786799529.435099,-1.231900462907186,2.8769312806101697,0.7217742138277146,0.0,0.0,0.0,1.0,0.12053393079015484,0.054726341242091844,0.0,0.0,0.0,0.0
2820,1786799529,635103912,1786799529.635104,-1.2220809067800786,2.8865394207414177,0.7250519501818303,0.0,0.0,0.0,1.0,0.10963726943994023,0.04877747030608526,0.0,0.0,0.0,0.0
2821,1786799529,735117925,1786799529.735118,-1.2172123653702354,2.889540573052237,0.7278588131732756,0.0,0.0,0.0,1.0,0.10913563473748776,0.04748486522563424,0.0,0.0,0.0,0.0
2822,1786799529,868588670,1786799529.868589,-1.2026215105117792,2.8958027198322833,0.7296594971052426,0.0,0.0,0.0,1.0,0.10944577729337886,0.04665230036418906,0.0,0.0,0.0,0.0
2823,1786799529,901767077,1786799529.901767,-1.1906896870167802,2.901185998677132,0.7308252334539299,0.0,0.0,0.0,1.0,0.10680678394602783,0.04848704836079742,0.0,0.0,0.0,0.0
2824,1786799530,1780102,1786799530.001780,-1.1883489183371374,2.9023760665549183,0.7287278425529417,0.0,0.0,0.0,1.0,0.10723807299577505,0.0499532817725634,0.0,0.0,0.0,0.0
2825,1786799530,68439441,1786799530.068439,-1.181102940679203,2.9057448829997314,0.7262503877338289,0.0,0.0,0.0,1.0,0.10797960005891463,0.05023107139740654,0.0,0.0,0.0,0.0
2826,1786799530,135160438,1786799530.135160,-1.1824500042285386,2.909691875353486,0.726349640405641,0.0,0.0,0.0,1.0,0.10753961822960648,0.05014550920319349,0.0,0.0,0.0,0.0
2827,1786799530,235086749,1786799530.235087,-1.1716001156039422,2.914424661631773,0.7271725211431843,0.0,0.0,0.0,1.0,0.1086793639768473,0.04737768468303252,0.0,0.0,0.0,0.0
2828,1786799530,501819155,1786799530.501819,-1.1416532525178251,2.9274378326790647,0.7263547464803038,0.0,0.0,0.0,1.0,0.11336717425499743,0.04908031075149062,0.0,0.0,0.0,0.0
2829,1786799530,535117147,1786799530.535117,-1.137739792635486,2.9297711503629733,0.724926964977358,0.0,0.0,0.0,1.0,0.11402061543456793,0.05338685707776339,0.0,0.0,0.0,0.0
2830,1786799530,601814126,1786799530.601814,-1.1306901021012248,2.9313575859601926,0.7273392023158427,0.0,0.0,0.0,1.0,0.11497658575230607,0.052129364810854624,0.0,0.0,0.0,0.0
2831,1786799530,736192857,1786799530.736193,-1.1151088473333601,2.9385171852519365,0.7258746619370458,0.0,0.0,0.0,1.0,0.11643582850361137,0.05388050813803758,0.0,0.0,0.0,0.0
2832,1786799530,901868647,1786799530.901869,-1.0958528113559538,2.9458337216191106,0.7260412424659932,0.0,0.0,0.0,1.0,0.10514710027860683,0.05002227816492345,0.0,0.0,0.0,0.0
2833,1786799530,935139608,1786799530.935140,-1.0920786700143097,2.947584952952827,0.7258600102842445,0.0,0.0,0.0,1.0,0.12170505242423107,0.055243588816693404,0.0,0.0,0.0,0.0
2834,1786799530,968463534,1786799530.968463,-1.08884607851952,2.947279593176047,0.7258600102842445,0.0,0.0,0.0,1.0,0.09716184746401359,0.044556845329115885,0.0,0.0,0.0,0.0
2835,1786799531,101897271,1786799531.101897,-1.0750812657583584,2.9539657079665282,0.7237917646484606,0.0,0.0,0.0,1.0,0.10914759205351729,0.05566725668303629,0.0,0.0,0.0,0.0
2836,1786799531,135136051,1786799531.135136,-1.0714589566056105,2.9557854678151374,0.7265973206615526,0.0,0.0,0.0,1.0,0.10880894841174779,0.05383417576305127,0.0,0.0,0.0,0.0
2837,1786799531,168498283,1786799531.168498,-1.067690854103489,2.957659984001629,0.7265973206615526,0.0,0.0,0.0,1.0,0.11064600955125828,0.055337365735033124,0.0,0.0,0.0,0.0
2838,1786799531,535173272,1786799531.535173,-1.021706975402834,2.976315423699438,0.7226400416549442,0.0,0.0,0.0,1.0,0.10415711042410665,0.062350588814631576,0.0,0.0,0.0,0.0
2839,1786799531,768613606,1786799531.768614,-0.9984409916478327,2.9881599192029116,0.7247968698870546,0.0,0.0,0.0,1.0,0.11217479795937478,0.06227530182854257,0.0,0.0,0.0,0.0
2840,1786799532,268657051,1786799532.268657,-0.9440986064787733,3.0253892635376527,0.7258074101197184,0.0,0.0,0.0,1.0,0.11633327412799263,0.07036626920445269,0.0,0.0,0.0,0.0
2841,1786799532,335183286,1786799532.335183,-0.9365006640708291,3.030022559904536,0.726279281405278,0.0,0.0,0.0,1.0,0.11516240918383285,0.06967824723683377,0.0,0.0,0.0,0.0
2842,1786799532,368489482,1786799532.368490,-0.9324772478560241,3.032464576480197,0.726279281405278,0.0,0.0,0.0,1.0,0.11727958720906524,0.07170512361658181,0.0,0.0,0.0,0.0
2843,1786799532,401786500,1786799532.401787,-0.9284752718360565,3.034935578165662,0.726141367696702,0.0,0.0,0.0,1.0,0.11869370088674197,0.07324462182774796,0.0,0.0,0.0,0.0
2844,1786799532,601848994,1786799532.601849,-0.9079170958497933,3.044113283773922,0.7252523045690623,0.0,0.0,0.0,1.0,0.12210369052495319,0.07514393027072427,0.0,0.0,0.0,0.0
2845,1786799532,635159048,1786799532.635159,-0.9034814790885086,3.047138318439928,0.7249238792180415,0.0,0.0,0.0,1.0,0.12593981784940506,0.0804877259801069,0.0,0.0,0.0,0.0
2846,1786799532,701745149,1786799532.701745,-0.8960570231131282,3.0497538594274802,0.7287031499320813,0.0,0.0,0.0,1.0,0.11177591455514128,0.07395143044872236,0.0,0.0,0.0,0.0
2847,1786799532,935224857,1786799532.935225,-0.8696505598803341,3.0670432693708882,0.7279058174368375,0.0,0.0,0.0,1.0,0.11442286840401306,0.07415095734347489,0.0,0.0,0.0,0.0
2848,1786799532,968495573,1786799532.968496,-0.8659075870292661,3.0695404214516993,0.7279058174368375,0.0,0.0,0.0,1.0,0.11058508872120082,0.0759579922300308,0.0,0.0,0.0,0.0
2849,1786799533,35180907,1786799533.035181,-0.858673451101934,3.0745258578990278,0.7270101951569241,0.0,0.0,0.0,1.0,0.1065733160283773,0.07367359844906439,0.0,0.0,0.0,0.0
2850,1786799533,101802221,1786799533.101802,-0.8517266286719956,3.079362127617559,0.7262021299163105,0.0,0.0,0.0,1.0,0.10342603968077213,0.072698095733351,0.0,0.0,0.0,0.0
2851,1786799533,135719636,1786799533.135720,-0.8482292977989516,3.0818234958306903,0.724501417976871,0.0,0.0,0.0,1.0,0.10333357035028479,0.07233018717789623,0.0,0.0,0.0,0.0
2852,1786799533,168486234,1786799533.168486,-0.8436464734748537,3.0850284596319764,0.7269880336744685,0.0,0.0,0.0,1.0,0.10556737744179821,0.07388044364462931,0.0,0.0,0.0,0.0
2853,1786799533,202213203,1786799533.202213,-0.8410163579823458,3.086792854559163,0.7269880336744685,0.0,0.0,0.0,1.0,0.11103812748917635,0.0764463685411817,0.0,0.0,0.0,0.0
2854,1786799533,368538108,1786799533.368538,-0.82312122329928,3.099008712841462,0.7276555419826425,0.0,0.0,0.0,1.0,0.10414492518887769,0.07044543955790689,0.0,0.0,0.0,0.0
2855,1786799534,138111606,1786799534.138112,-0.7698889184596904,3.13396109377973,0.7261463855262711,0.0,0.0,0.0,1.0,0.087358616510084,0.06078994295359248,0.0,0.0,0.0,0.0
2856,1786799534,201856570,1786799534.201857,-0.7572055911845936,3.143091318830434,0.727130294662671,0.0,0.0,0.0,1.0,0.10186284205511432,0.07323356232909863,0.0,0.0,0.0,0.0
2857,1786799534,435248164,1786799534.435248,-0.7330956895861469,3.1605488497000795,0.7242099841950101,0.0,0.0,0.0,1.0,0.10383821875909278,0.07535917194057204,0.0,0.0,0.0,0.0
2858,1786799534,468582757,1786799534.468583,-0.7297039656641324,3.16308386817542,0.7242099841950101,0.0,0.0,0.0,1.0,0.10317350065759404,0.07535618924506837,0.0,0.0,0.0,0.0
2859,1786799535,468671275,1786799535.468671,-0.6265447567230922,3.238429618991143,0.7265521543152584,0.0,0.0,0.0,1.0,0.10317350065759404,0.07535618924506837,0.0,0.0,0.0,0.0
2860,1786799536,168715069,1786799536.168715,-0.5519754263008974,3.288160435434473,0.7303187628692869,0.0,0.0,0.0,1.0,0.10601321242507182,0.07157872256226207,0.0,0.0,0.0,0.0
2861,1786799536,235196197,1786799536.235196,-0.5458602320117638,3.2920983250837184,0.7302847572331747,0.0,0.0,0.0,1.0,0.10208775069359438,0.06900914569235002,0.0,0.0,0.0,0.0
2862,1786799536,668531411,1786799536.668531,-0.5012457443869849,3.3218888498981904,0.7281934720300551,0.0,0.0,0.0,1.0,0.10370350984269272,0.06847328333793459,0.0,0.0,0.0,0.0
2863,1786799537,168676046,1786799537.168676,-0.44739290290828215,3.3573791543943265,0.7253291430481752,0.0,0.0,0.0,1.0,0.11081129947424402,0.07290981548096562,0.0,0.0,0.0,0.0
2864,1786799537,401976573,1786799537.401977,-0.4229309193251751,3.3731866990101125,0.7256820741299177,0.0,0.0,0.0,1.0,0.10152110317932361,0.06505743365023137,0.0,0.0,0.0,0.0
2865,1786799537,437564241,1786799537.437564,-0.4189395280581447,3.375900116249551,0.7230411327475603,0.0,0.0,0.0,1.0,0.10695190170851812,0.06831385762438218,0.0,0.0,0.0,0.0
2866,1786799537,501872790,1786799537.501873,-0.41215517244686417,3.380385219566824,0.7254677998786337,0.0,0.0,0.0,1.0,0.10404247712184958,0.07117200626635863,0.0,0.0,0.0,0.0
2867,1786799537,535287475,1786799537.535287,-0.40865313129132375,3.382759264493181,0.7265989861558723,0.0,0.0,0.0,1.0,0.10556793081494867,0.07092490122632854,0.0,0.0,0.0,0.0
2868,1786799537,602007354,1786799537.602007,-0.40150125186410435,3.3875672549110982,0.7278005671822961,0.0,0.0,0.0,1.0,0.10881659278440502,0.07319898793499788,0.0,0.0,0.0,0.0
2869,1786799538,268710164,1786799538.268710,-0.3289385575788444,3.43637888967751,0.7286494288550851,0.0,0.0,0.0,1.0,0.10881659278440502,0.07319898793499788,0.0,0.0,0.0,0.0
2870,1786799538,935311565,1786799538.935312,-0.6569047896644058,2.756021522074522,0.726901234704741,0.0,0.0,0.0,1.0,0.01891152341897484,0.04071624959997022,0.0,0.0,0.0,0.0
2871,1786799539,101957225,1786799539.101957,-0.6042687043285984,2.7872121799523963,0.7274214027635703,0.0,0.0,0.0,1.0,0.13795699111244988,0.04815279717547133,0.0,0.0,0.0,0.0
2872,1786799539,135324069,1786799539.135324,-0.5999760257434268,2.788729018049829,0.7285924160915982,0.0,0.0,0.0,1.0,0.12736037017526577,0.051360136014060656,0.0,0.0,0.0,0.0
2873,1786799539,168680055,1786799539.168680,-0.5693247634255094,2.7823776291670317,0.7285924160915982,0.0,0.0,0.0,1.0,0.13190356790613367,0.049212897455400514,0.0,0.0,0.0,0.0
2874,1786799539,201933590,1786799539.201934,-0.5489144683626961,2.7785686444742375,0.7271230288937717,0.0,0.0,0.0,1.0,0.12219720990830407,0.04534886418013667,0.0,0.0,0.0,0.0
2875,1786799539,835356883,1786799539.835357,-0.5742565247845768,2.9491937690755705,0.7240085031968375,0.0,0.0,0.0,1.0,0.042538573488205944,0.012507297916457077,0.0,0.0,0.0,0.0
2876,1786799539,901999999,1786799539.902000,-0.5382233322556491,2.937643672949876,0.7269582097313282,0.0,0.0,0.0,1.0,0.1590117466244267,0.016272986248281898,0.0,0.0,0.0,0.0
2877,1786799540,68694673,1786799540.068695,-0.5067985796872527,2.9369636047288283,0.7262523176207916,0.0,0.0,0.0,1.0,0.15807306271711719,0.00855877126141353,0.0,0.0,0.0,0.0
2878,1786799540,101972314,1786799540.101972,-0.5021779698989235,2.937296748624555,0.7256693117337977,0.0,0.0,0.0,1.0,0.13057368994205432,0.011765484061972514,0.0,0.0,0.0,0.0
2879,1786799540,135273611,1786799540.135274,-0.4975800287311891,2.937645647746189,0.7259234289520171,0.0,0.0,0.0,1.0,0.145430394904781,0.009174343716549222,0.0,0.0,0.0,0.0
2880,1786799540,235311799,1786799540.235312,-0.49832961155754063,2.989184801882608,0.7234171859967985,0.0,0.0,0.0,1.0,0.1451304743256493,0.0004047166746496845,0.0,0.0,0.0,0.0
2881,1786799540,501940941,1786799540.501941,-0.438336845616627,3.0241896844323763,0.7242571434128259,0.0,0.0,0.0,1.0,0.1366498165090688,-0.010853577026901607,0.0,0.0,0.0,0.0
2882,1786799540,801943105,1786799540.801943,-0.37842890893634973,3.024656047484757,0.7265043247455656,0.0,0.0,0.0,1.0,0.14050264290722958,-0.018563944132868077,0.0,0.0,0.0,0.0
2883,1786799540,935286181,1786799540.935286,-0.3516011493904312,3.0367087979187746,0.7235779814690384,0.0,0.0,0.0,1.0,0.1466306144348559,-0.018381331463563678,0.0,0.0,0.0,0.0
2884,1786799541,1994093,1786799541.001994,-0.34046660415883423,3.0372242759583745,0.7239847708664071,0.0,0.0,0.0,1.0,0.15042242982633697,-0.01784646979075627,0.0,0.0,0.0,0.0
2885,1786799541,35326966,1786799541.035327,-0.3352895529495896,3.0510428351177987,0.7272096748086373,0.0,0.0,0.0,1.0,0.1506612878501926,-0.019971510940171758,0.0,0.0,0.0,0.0
2886,1786799541,68672806,1786799541.068673,-0.32903178820430057,3.0541409907117147,0.7272096748086373,0.0,0.0,0.0,1.0,0.15144291922514974,-0.02216995439869515,0.0,0.0,0.0,0.0
2887,1786799542,168829448,1786799542.168829,-0.1493432510725654,3.056726482206277,0.726387920230581,0.0,0.0,0.0,1.0,0.15120991747752532,-0.019343802293878876,0.0,0.0,0.0,0.0
2888,1786799542,435427982,1786799542.435428,-0.12139471516327127,3.0326908699717894,0.7258141047350909,0.0,0.0,0.0,1.0,0.1335417284008939,-0.04406323828307951,0.0,0.0,0.0,0.0
2889,1786799542,502022463,1786799542.502023,-0.11491081883387189,3.0240919938383994,0.7267883048157551,0.0,0.0,0.0,1.0,0.13008903179205053,-0.05352287985469712,0.0,0.0,0.0,0.0
2890,1786799542,802100964,1786799542.802101,-0.07907049823760204,3.009744952604893,0.7254565316136399,0.0,0.0,0.0,1.0,0.1245954410231659,-0.04696377278044175,0.0,0.0,0.0,0.0
2891,1786799543,102149477,1786799543.102149,-0.040731786457778085,2.9949856714772682,0.7250404294259314,0.0,0.0,0.0,1.0,0.117439081359887,-0.04416624304391355,0.0,0.0,0.0,0.0
2892,1786799543,368813407,1786799543.368814,-0.012702468133017675,2.984163867276112,0.7222150926576023,0.0,0.0,0.0,1.0,0.11625291897432974,-0.04688321943657239,0.0,0.0,0.0,0.0
2893,1786799543,502043435,1786799543.502043,0.00297323802163163,2.978359221270882,0.7225757489006277,0.0,0.0,0.0,1.0,0.11760991648777068,-0.04340314863345343,0.0,0.0,0.0,0.0
2894,1786799543,668803168,1786799543.668803,0.022209177842235306,2.9715416100590897,0.7234985010399596,0.0,0.0,0.0,1.0,0.11577121192478551,-0.041136113778021184,0.0,0.0,0.0,0.0
2895,1786799544,802119100,1786799544.802119,0.15323397695601848,2.9249855538990435,0.7273271110066916,0.0,0.0,0.0,1.0,0.11577121192478551,-0.041136113778021184,0.0,0.0,0.0,0.0
2896,1786799545,168837089,1786799545.168837,0.19969202757765991,2.925502560648047,0.7265469173523333,0.0,0.0,0.0,1.0,0.12033493548501303,-0.020842204278693134,0.0,0.0,0.0,0.0
2897,1786799545,335432778,1786799545.335433,0.22159347355874992,2.9206949578235193,0.7266647060963136,0.0,0.0,0.0,1.0,0.12651897947924912,-0.0219308085073113,0.0,0.0,0.0,0.0
2898,1786799545,602137017,1786799545.602137,0.2569669121681155,2.915285179637798,0.7287507507065228,0.0,0.0,0.0,1.0,0.13502714747456893,-0.019740016199104607,0.0,0.0,0.0,0.0
2899,1786799546,68925278,1786799546.068925,0.31778591729152517,2.9065354142570365,0.7267630582750267,0.0,0.0,0.0,1.0,0.12578219449515537,-0.018473842845453066,0.0,0.0,0.0,0.0
2900,1786799546,502206435,1786799546.502206,0.3748337772415038,2.898475374226919,0.7267152296833265,0.0,0.0,0.0,1.0,0.13538626102248402,-0.01851863364468013,0.0,0.0,0.0,0.0
2901,1786799546,668891612,1786799546.668892,0.3976961383136661,2.89597587492152,0.7219823102155603,0.0,0.0,0.0,1.0,0.13552247961361968,-0.01600465304398626,0.0,0.0,0.0,0.0
2902,1786799546,902252913,1786799546.902253,0.43128891014529813,2.8925945691384998,0.7235328957643503,0.0,0.0,0.0,1.0,0.1260505279888562,-0.01252922223646051,0.0,0.0,0.0,0.0
2903,1786799547,102236573,1786799547.102237,0.4529249927218135,2.8904894358787185,0.7273391167506194,0.0,0.0,0.0,1.0,0.1242515450728577,-0.008138155130355772,0.0,0.0,0.0,0.0
2904,1786799547,235603060,1786799547.235603,0.4695200560894932,2.889314528694719,0.7260397163541444,0.0,0.0,0.0,1.0,0.12411312692912219,-0.010015261654474516,0.0,0.0,0.0,0.0
2905,1786799547,468842126,1786799547.468842,0.4988701386087975,2.8871372337992733,0.7246658070969922,0.0,0.0,0.0,1.0,0.12676467185973073,-0.008943400931612774,0.0,0.0,0.0,0.0
2906,1786799547,535428657,1786799547.535429,0.5072346430528647,2.8863328939403816,0.7259215774168551,0.0,0.0,0.0,1.0,0.126444166025563,-0.010409500414288522,0.0,0.0,0.0,0.0
2907,1786799547,968913549,1786799547.968914,0.5619045288267781,2.8816099497984995,0.7267560464519242,0.0,0.0,0.0,1.0,0.12576193726381918,-0.011257440591439035,0.0,0.0,0.0,0.0
2908,1786799548,135552058,1786799548.135552,0.5823518816682114,2.879815685918377,0.7258644892935701,0.0,0.0,0.0,1.0,0.12188351188974253,-0.010052100494124708,0.0,0.0,0.0,0.0
2909,1786799548,368772656,1786799548.368773,0.6102495380880839,2.8774913246794345,0.7252199846907372,0.0,0.0,0.0,1.0,0.11758767780214026,-0.010262882683333566,0.0,0.0,0.0,0.0
2910,1786799548,568806562,1786799548.568807,0.6346588780279223,2.8752454598001354,0.7284440765626777,0.0,0.0,0.0,1.0,0.12414427617883336,-0.012615899170881264,0.0,0.0,0.0,0.0
2911,1786799548,602187942,1786799548.602188,0.6392549081600887,2.8759755387521766,0.7286318783906164,0.0,0.0,0.0,1.0,0.1244926854339158,-0.009212855957161807,0.0,0.0,0.0,0.0
2912,1786799548,702119556,1786799548.702120,0.6517244799426347,2.8746742518316903,0.7273673497067751,0.0,0.0,0.0,1.0,0.12606133038371192,-0.011956297271929966,0.0,0.0,0.0,0.0
2913,1786799548,902235980,1786799548.902236,0.6774584045037457,2.872084102590419,0.7252753679548531,0.0,0.0,0.0,1.0,0.1242660913884156,-0.01261846061626706,0.0,0.0,0.0,0.0
2914,1786799548,935555851,1786799548.935556,0.6817712617987279,2.8720812448166804,0.7258760916591964,0.0,0.0,0.0,1.0,0.1346531654416463,-0.010922518828759407,0.0,0.0,0.0,0.0
2915,1786799548,968789446,1786799548.968789,0.6859411159759681,2.871702214178522,0.7258760916591964,0.0,0.0,0.0,1.0,0.11138364273792101,-0.01146223437841637,0.0,0.0,0.0,0.0
2916,1786799549,102188408,1786799549.102188,0.7020881560110599,2.869949010645384,0.7278275330053419,0.0,0.0,0.0,1.0,0.13190906129470126,-0.014958717693439847,0.0,0.0,0.0,0.0
2917,1786799549,136345054,1786799549.136345,0.7064776242575039,2.8694543722436716,0.7261284483284207,0.0,0.0,0.0,1.0,0.12511506001699815,-0.01400155953074029,0.0,0.0,0.0,0.0
2918,1786799549,202165006,1786799549.202165,0.7148000775065668,2.8685975182034467,0.7280270135225858,0.0,0.0,0.0,1.0,0.1277724009348268,-0.012031828749499589,0.0,0.0,0.0,0.0
2919,1786799549,235610341,1786799549.235610,0.718821333228199,2.8681990238299617,0.7277665256580762,0.0,0.0,0.0,1.0,0.11268859222125677,-0.011821664576338355,0.0,0.0,0.0,0.0
2920,1786799549,268863043,1786799549.268863,0.7228043470379735,2.867745432213389,0.7277665256580762,0.0,0.0,0.0,1.0,0.12684749312538454,-0.015500177067057527,0.0,0.0,0.0,0.0
2921,1786799549,302128956,1786799549.302129,0.726982426727206,2.8672593031102824,0.7302859761040443,0.0,0.0,0.0,1.0,0.12433906785170233,-0.01373958740163509,0.0,0.0,0.0,0.0
2922,1786799549,535527624,1786799549.535528,0.7536057476439773,2.8641377434780573,0.7260215306720547,0.0,0.0,0.0,1.0,0.11341788811923481,-0.013352601410053904,0.0,0.0,0.0,0.0
2923,1786799550,2280132,1786799550.002280,0.8093405125999418,2.8576331048099455,0.7274011998523664,0.0,0.0,0.0,1.0,0.12446883624927808,-0.014646021003207714,0.0,0.0,0.0,0.0
2924,1786799550,902200519,1786799550.902200,0.920815672958117,2.844516025955996,0.726164080571617,0.0,0.0,0.0,1.0,0.12446883624927808,-0.014646021003207714,0.0,0.0,0.0,0.0
2925,1786799551,2241457,1786799551.002241,0.9331005213706351,2.8407685150613595,0.7285569934097902,0.0,0.0,0.0,1.0,0.12325449987080463,-0.01875048072038115,0.0,0.0,0.0,0.0
2926,1786799551,102221711,1786799551.102222,0.946476452978608,2.8390565844195113,0.7286151341871926,0.0,0.0,0.0,1.0,0.1285894001858431,-0.02020692288687495,0.0,0.0,0.0,0.0
2927,1786799551,168843723,1786799551.168844,0.9559065912895086,2.8379930579087977,0.7267210568738359,0.0,0.0,0.0,1.0,0.13720942650801138,-0.02098779620775842,0.0,0.0,0.0,0.0
2928,1786799551,368867883,1786799551.368868,0.9828407779171116,2.8338889428038723,0.7250922830716899,0.0,0.0,0.0,1.0,0.13210010457884713,-0.02004849175908529,0.0,0.0,0.0,0.0
2929,1786799551,535607740,1786799551.535608,1.0048427594271576,2.8304512421068484,0.7246347052114676,0.0,0.0,0.0,1.0,0.13180757667149579,-0.021185914029370367,0.0,0.0,0.0,0.0
2930,1786799551,568842758,1786799551.568843,1.0090171793224219,2.8298168443386498,0.7246347052114676,0.0,0.0,0.0,1.0,0.1194144679122373,-0.016982020484894778,0.0,0.0,0.0,0.0
2931,1786799551,768990019,1786799551.768990,1.0338923976458236,2.8260703137370013,0.7278694534230025,0.0,0.0,0.0,1.0,0.12844601779347042,-0.01924781779504052,0.0,0.0,0.0,0.0
2932,1786799552,102303728,1786799552.102304,1.075606688236359,2.819352949173612,0.7248432949022824,0.0,0.0,0.0,1.0,0.12267536142361654,-0.020246535526097877,0.0,0.0,0.0,0.0
2933,1786799552,135584077,1786799552.135584,1.0804839707495155,2.8190668574910136,0.723672856690088,0.0,0.0,0.0,1.0,0.12871793544193721,-0.021153831554284137,0.0,0.0,0.0,0.0
2934,1786799552,602227917,1786799552.602228,1.1415299371807812,2.8083729307280683,0.7293200523781039,0.0,0.0,0.0,1.0,0.131829579141677,-0.023764260293480662,0.0,0.0,0.0,0.0
2935,1786799552,702268440,1786799552.702268,1.1549970040238442,2.8063731702633783,0.7280501719620367,0.0,0.0,0.0,1.0,0.13323722971715418,-0.021808714268335652,0.0,0.0,0.0,0.0
2936,1786799552,735630911,1786799552.735631,1.1594211198391342,2.8056306522063856,0.7273477729125876,0.0,0.0,0.0,1.0,0.13293251913579993,-0.022073254407423082,0.0,0.0,0.0,0.0
2937,1786799552,768903984,1786799552.768904,1.1635607399362922,2.8050459031225827,0.7273477729125876,0.0,0.0,0.0,1.0,0.12549391206092272,-0.02087504249852975,0.0,0.0,0.0,0.0
2938,1786799552,902279689,1786799552.902280,1.1810062740054814,2.802213205089167,0.7222394211425268,0.0,0.0,0.0,1.0,0.1361058348258137,-0.021601539517887524,0.0,0.0,0.0,0.0
2939,1786799552,968854974,1786799552.968855,1.1897738598726537,2.8007834062910693,0.7236671725170155,0.0,0.0,0.0,1.0,0.12697750907408836,-0.021300654039116938,0.0,0.0,0.0,0.0
2940,1786799553,2215147,1786799553.002215,1.1941753179258185,2.8000783543748087,0.7242603208724026,0.0,0.0,0.0,1.0,0.13751136588203502,-0.021063083014811242,0.0,0.0,0.0,0.0
2941,1786799554,535738564,1786799554.535738,1.1042357766550932,2.387042269209731,0.7257324774571761,0.0,0.0,0.0,1.0,0.020476678917277003,-0.10676293873565232,0.0,0.0,0.0,0.0
2942,1786799554,568889005,1786799554.568889,1.1885962059055437,2.4542706160470162,0.7257324774571761,0.0,0.0,0.0,1.0,0.13121844447682435,-0.027491646545320936,0.0,0.0,0.0,0.0
2943,1786799554,902217508,1786799554.902218,1.2722567127380806,2.5002193091135334,0.7253784049288199,0.0,0.0,0.0,1.0,0.13484741796229482,-0.02425315781838487,0.0,0.0,0.0,0.0
2944,1786799555,202376975,1786799555.202377,1.326408478807144,2.5171020145333474,0.7286687885862844,0.0,0.0,0.0,1.0,0.13328725800646318,-0.028534201806300466,0.0,0.0,0.0,0.0
2945,1786799555,335713336,1786799555.335713,1.3584740421709274,2.5359111930173803,0.7257961470149468,0.0,0.0,0.0,1.0,0.12974794431657521,-0.026674359992989713,0.0,0.0,0.0,0.0
2946,1786799555,535657187,1786799555.535657,1.3963148956496472,2.5520728223637192,0.7283534482916237,0.0,0.0,0.0,1.0,0.12295673553354015,-0.023716056227177068,0.0,0.0,0.0,0.0
2947,1786799556,535653205,1786799556.535653,1.5654508162275658,2.5922867562169403,0.7248072190434033,0.0,0.0,0.0,1.0,0.12351051375167177,-0.024896667961886186,0.0,0.0,0.0,0.0
2948,1786799556,568961702,1786799556.568962,1.5713839859637382,2.593531370901805,0.7261142938484246,0.0,0.0,0.0,1.0,0.12203213421665901,-0.028634658770937436,0.0,0.0,0.0,0.0
2949,1786799556,635654188,1786799556.635654,1.5838512365111157,2.5985514980618394,0.7247391667908956,0.0,0.0,0.0,1.0,0.12405840076515394,-0.029574530111532913,0.0,0.0,0.0,0.0
2950,1786799557,402310977,1786799557.402311,1.692190119103639,2.595145154960279,0.7281324653948464,0.0,0.0,0.0,1.0,0.12382177002113857,-0.02908586470059618,0.0,0.0,0.0,0.0
2951,1786799557,435682819,1786799557.435683,1.6998923735944462,2.5949590783548278,0.7265419997346615,0.0,0.0,0.0,1.0,0.1330493660896998,-0.027559543387929555,0.0,0.0,0.0,0.0
2952,1786799557,468976744,1786799557.468977,1.7132618316676531,2.6029321821630447,0.7265419997346615,0.0,0.0,0.0,1.0,0.13933412622931043,-0.03021049244000837,0.0,0.0,0.0,0.0
2953,1786799558,935741303,1786799558.935741,1.9380798967598025,2.6403897470190874,0.7266029457049834,0.0,0.0,0.0,1.0,0.1255831854703021,-0.01858775102444834,0.0,0.0,0.0,0.0
2954,1786799559,135727507,1786799559.135727,1.9652756718498434,2.6325549937255905,0.7256713107032464,0.0,0.0,0.0,1.0,0.12318704982208513,-0.02661265611098856,0.0,0.0,0.0,0.0
2955,1786799559,602349202,1786799559.602349,2.027716666050896,2.626599788883637,0.7269217732012574,0.0,0.0,0.0,1.0,0.12753948107704052,-0.025838372059653326,0.0,0.0,0.0,0.0
2956,1786799559,735768924,1786799559.735769,2.04655010685007,2.625260213112597,0.7267206547239086,0.0,0.0,0.0,1.0,0.13201406708428087,-0.027336733980319255,0.0,0.0,0.0,0.0
2957,1786799560,135840166,1786799560.135840,2.1029734146907746,2.6188451081943267,0.7273540012068562,0.0,0.0,0.0,1.0,0.13263341519325067,-0.03025726179471986,0.0,0.0,0.0,0.0
2958,1786799560,202352980,1786799560.202353,2.110947829534364,2.6165785005956614,0.7261017691785538,0.0,0.0,0.0,1.0,0.12587546654727083,-0.02723879197848206,0.0,0.0,0.0,0.0
2959,1786799560,469184661,1786799560.469185,2.146004830969158,2.6128758585574596,0.7263404625079244,0.0,0.0,0.0,1.0,0.12357754923095189,-0.0292514455842516,0.0,0.0,0.0,0.0
2960,1786799560,502340017,1786799560.502340,2.1517941335479804,2.612811701739676,0.7258873770244755,0.0,0.0,0.0,1.0,0.1366709981989935,-0.03181555459481425,0.0,0.0,0.0,0.0
2961,1786799560,702344537,1786799560.702345,2.18117337626021,2.6109010607243404,0.7254990612100377,0.0,0.0,0.0,1.0,0.12768715377501758,-0.028341293401824175,0.0,0.0,0.0,0.0
2962,1786799560,735835556,1786799560.735836,2.1854479881368114,2.60989875890294,0.7256016004724307,0.0,0.0,0.0,1.0,0.1275666667940773,-0.03153578864561108,0.0,0.0,0.0,0.0
2963,1786799561,35765643,1786799561.035766,2.232813723660918,2.6096130930181385,0.7268607465546066,0.0,0.0,0.0,1.0,0.13297343654086713,-0.029134164331539984,0.0,0.0,0.0,0.0
2964,1786799561,69037116,1786799561.069037,2.2341987114640833,2.6087866236802926,0.7268607465546066,0.0,0.0,0.0,1.0,0.12219876440436421,-0.02675569036227522,0.0,0.0,0.0,0.0
2965,1786799561,135733842,1786799561.135734,2.245586202481972,2.608746634043385,0.7252298353695271,0.0,0.0,0.0,1.0,0.12926736802836156,-0.02974946490549658,0.0,0.0,0.0,0.0
2966,1786799561,202453898,1786799561.202454,2.2545647738290224,2.6066647764423507,0.7238671869796851,0.0,0.0,0.0,1.0,0.13052091429691845,-0.030230299091520786,0.0,0.0,0.0,0.0
2967,1786799561,235766812,1786799561.235767,2.258891645401805,2.6057205179647323,0.7255725351676469,0.0,0.0,0.0,1.0,0.12924784807587697,-0.026463686709464963,0.0,0.0,0.0,0.0
2968,1786799561,269080946,1786799561.269081,2.2633115354450126,2.60467914417654,0.7255725351676469,0.0,0.0,0.0,1.0,0.12988850176574646,-0.02909036107577553,0.0,0.0,0.0,0.0
2969,1786799561,435894845,1786799561.435895,2.2835408090241334,2.6012347238945965,0.7268697386087016,0.0,0.0,0.0,1.0,0.12637812202186893,-0.029516784185012863,0.0,0.0,0.0,0.0
2970,1786799561,469066468,1786799561.469066,2.2872491517762814,2.6002892589565176,0.7268697386087016,0.0,0.0,0.0,1.0,0.110421005314296,-0.02858282398797967,0.0,0.0,0.0,0.0
2971,1786799561,502536149,1786799561.502536,2.289852345307608,2.599039976242744,0.7273039451202727,0.0,0.0,0.0,1.0,0.11926374408599759,-0.027567920696539263,0.0,0.0,0.0,0.0
2972,1786799562,435837560,1786799562.435838,2.475462995966158,2.655810030391496,0.7253357207738893,0.0,0.0,0.0,1.0,0.16401407513842559,-0.013013544433179161,0.0,0.0,0.0,0.0
2973,1786799562,635916013,1786799562.635916,2.5000753258912116,2.6615531710774123,0.7267080059536086,0.0,0.0,0.0,1.0,0.12194148092684186,-0.02940870366387349,0.0,0.0,0.0,0.0
2974,1786799562,969094537,1786799562.969095,2.5552203576656716,2.676491998812528,0.7285134234663507,0.0,0.0,0.0,1.0,0.12339340707010679,-0.03216240434439224,0.0,0.0,0.0,0.0
2975,1786799563,202487200,1786799563.202487,2.604608100698357,2.6955626403158934,0.7259397322256828,0.0,0.0,0.0,1.0,0.12910589338097567,-0.032785307984405064,0.0,0.0,0.0,0.0
2976,1786799563,235737010,1786799563.235737,2.6126730174600237,2.7008391421585713,0.7251528697319624,0.0,0.0,0.0,1.0,0.1197540500889985,-0.030416935235407436,0.0,0.0,0.0,0.0
2977,1786799563,635749080,1786799563.635749,2.680864269086179,2.6918545145044135,0.7258747345329651,0.0,0.0,0.0,1.0,0.1318992804000098,-0.03333830188634071,0.0,0.0,0.0,0.0
2978,1786799563,902522155,1786799563.902522,2.7062316528312813,2.6857703424033366,0.7282024065880606,0.0,0.0,0.0,1.0,0.12230457636046348,-0.031550039229714485,0.0,0.0,0.0,0.0
2979,1786799564,502488591,1786799564.502489,2.784870393017046,2.674945530653698,0.7248441865047806,0.0,0.0,0.0,1.0,0.12587180125333833,-0.028941548899685657,0.0,0.0,0.0,0.0
2980,1786799564,535785936,1786799564.535786,2.79019187854564,2.67476874560686,0.725608578942005,0.0,0.0,0.0,1.0,0.12830131815908694,-0.03225355694925085,0.0,0.0,0.0,0.0
2981,1786799564,569099105,1786799564.569099,2.795394599701396,2.674676116190054,0.725608578942005,0.0,0.0,0.0,1.0,0.1284257964140022,-0.031161687321804483,0.0,0.0,0.0,0.0
2982,1786799565,102450674,1786799565.102451,2.8690923349738195,2.6648575619778967,0.7284737464634974,0.0,0.0,0.0,1.0,0.13422548611739138,-0.03174840419388717,0.0,0.0,0.0,0.0
2983,1786799565,269107943,1786799565.269108,2.891635531705857,2.6607606486073836,0.7259876428421351,0.0,0.0,0.0,1.0,0.12514811903620543,-0.029948441240819294,0.0,0.0,0.0,0.0
2984,1786799565,802614122,1786799565.802614,2.960718158112469,2.64420309654638,0.7267930167373352,0.0,0.0,0.0,1.0,0.1294449585287929,-0.03289561428253113,0.0,0.0,0.0,0.0
2985,1786799565,835781018,1786799565.835781,2.965953821940408,2.644342148239586,0.727364081191018,0.0,0.0,0.0,1.0,0.12974312918894398,-0.03314693775470986,0.0,0.0,0.0,0.0
2986,1786799566,69278943,1786799566.069279,2.998008478087929,2.6387101013380185,0.7257667830188439,0.0,0.0,0.0,1.0,0.12938446578601848,-0.03266291936521734,0.0,0.0,0.0,0.0
2987,1786799566,135803943,1786799566.135804,3.0066120909193703,2.6372016544671695,0.7273069136237515,0.0,0.0,0.0,1.0,0.12565783380935303,-0.03244348183244082,0.0,0.0,0.0,0.0
2988,1786799566,169120085,1786799566.169120,3.0104216186426953,2.6370208653227634,0.7273069136237515,0.0,0.0,0.0,1.0,0.11408772535713729,-0.03049828733265368,0.0,0.0,0.0,0.0
2989,1786799566,202590976,1786799566.202591,3.0147946057440596,2.6370338524281998,0.726989903568362,0.0,0.0,0.0,1.0,0.11994453485528808,-0.030110528574282647,0.0,0.0,0.0,0.0
2990,1786799566,402502098,1786799566.402502,3.0378073017816334,2.628327040964078,0.7274460502978821,0.0,0.0,0.0,1.0,0.12029619122441482,-0.030677002642556843,0.0,0.0,0.0,0.0
2991,1786799566,569134892,1786799566.569135,3.050724647826108,2.6262720047676984,0.7243860936743804,0.0,0.0,0.0,1.0,0.1259839660932955,-0.03262003572923092,0.0,0.0,0.0,0.0
2992,1786799567,102462172,1786799567.102462,3.1171785629485864,2.6112418332743976,0.7269511623790157,0.0,0.0,0.0,1.0,0.12964573127577614,-0.03222483143824292,0.0,0.0,0.0,0.0
2993,1786799567,135841684,1786799567.135842,3.121838237425001,2.6107905986157407,0.7261931546640934,0.0,0.0,0.0,1.0,0.1297152308336271,-0.03231577640224582,0.0,0.0,0.0,0.0
2994,1786799567,602654748,1786799567.602655,3.1865119662604915,2.5985621316198975,0.7288626352029488,0.0,0.0,0.0,1.0,0.12281007081470974,-0.03030674459032689,0.0,0.0,0.0,0.0
2995,1786799567,635851199,1786799567.635851,3.190971476434777,2.5973175964515347,0.7257349083098824,0.0,0.0,0.0,1.0,0.1260539181441529,-0.0338226211783701,0.0,0.0,0.0,0.0
2996,1786799567,669192995,1786799567.669193,3.194451150100212,2.5970683493149362,0.7257349083098824,0.0,0.0,0.0,1.0,0.1363757795809146,-0.034991055075859284,0.0,0.0,0.0,0.0
2997,1786799567,935934661,1786799567.935935,3.229395377308647,2.589151092590159,0.7300625574058779,0.0,0.0,0.0,1.0,0.12929986139180627,-0.03214996845021857,0.0,0.0,0.0,0.0
2998,1786799568,169179700,1786799568.169180,3.2547252962364297,2.5884083569936056,0.7259903511025991,0.0,0.0,0.0,1.0,0.12983466435553107,-0.03406572042707488,0.0,0.0,0.0,0.0
2999,1786799568,369220393,1786799568.369220,3.2816086681549983,2.5827581521313245,0.7240902411312529,0.0,0.0,0.0,1.0,0.12911172643597166,-0.03405802151196606,0.0,0.0,0.0,0.0
3000,1786799568,502580796,1786799568.502581,3.2994751592363425,2.5796690312636246,0.7248278656162831,0.0,0.0,0.0,1.0,0.12868593999314298,-0.03116442402285776,0.0,0.0,0.0,0.0
3001,1786799568,835873539,1786799568.835874,3.3478970318223933,2.571722066564287,0.7246604698293073,0.0,0.0,0.0,1.0,0.12886120695629205,-0.02917436808494026,0.0,0.0,0.0,0.0
3002,1786799569,435944099,1786799569.435944,3.407620563933852,2.543354557244564,0.7249525507420107,0.0,0.0,0.0,1.0,0.09124315765724056,-0.052025666760151766,0.0,0.0,0.0,0.0
3003,1786799569,802603203,1786799569.802603,3.5093563622514186,2.5949637257025255,0.7270998646288018,0.0,0.0,0.0,1.0,0.11773216584448265,-0.06584590484892788,0.0,0.0,0.0,0.0
3004,1786799570,335889378,1786799570.335889,3.577902485958843,2.572347231172497,0.7256868610344085,0.0,0.0,0.0,1.0,0.11761593562914789,-0.05528252187115506,0.0,0.0,0.0,0.0
3005,1786799570,569238222,1786799570.569238,3.6103062796820247,2.565491506482095,0.7257830339067801,0.0,0.0,0.0,1.0,0.11981678410163546,-0.05069137223316579,0.0,0.0,0.0,0.0
3006,1786799570,735971029,1786799570.735971,3.633779039630319,2.5605185229769996,0.7242533161193239,0.0,0.0,0.0,1.0,0.12205706166799801,-0.051367707753604,0.0,0.0,0.0,0.0
3007,1786799571,335962597,1786799571.335963,3.667263672319619,2.4947958394576197,0.7251225552999779,0.0,0.0,0.0,1.0,0.10190751463841899,-0.04891108685520311,0.0,0.0,0.0,0.0
3008,1786799571,369247573,1786799571.369248,3.6702949628172536,2.491679264066417,0.7251225552999779,0.0,0.0,0.0,1.0,0.10589618626764694,-0.043393062061373874,0.0,0.0,0.0,0.0
3009,1786799571,469254919,1786799571.469255,3.68251407685743,2.4889189060507366,0.7259741286970693,0.0,0.0,0.0,1.0,0.10965343283946055,-0.048301845661889525,0.0,0.0,0.0,0.0
3010,1786799571,535940016,1786799571.535940,3.6892755157816346,2.4840303727439803,0.7258526569257577,0.0,0.0,0.0,1.0,0.11144474537146161,-0.04970165473048939,0.0,0.0,0.0,0.0
3011,1786799571,635922241,1786799571.635922,3.7016653495745953,2.4820307281486897,0.7257700855304868,0.0,0.0,0.0,1.0,0.11355544167857624,-0.050922143404034344,0.0,0.0,0.0,0.0
3012,1786799571,869259785,1786799571.869260,3.7344268398200047,2.4614798389586463,0.725529075546716,0.0,0.0,0.0,1.0,0.1188865088028916,-0.05126869070970923,0.0,0.0,0.0,0.0
3013,1786799571,902678279,1786799571.902678,3.738351182683271,2.459356066872882,0.7259759964755713,0.0,0.0,0.0,1.0,0.12705870741517494,-0.05274630259318146,0.0,0.0,0.0,0.0
3014,1786799571,969283539,1786799571.969284,3.7483090435278132,2.453487559015321,0.7228910741641124,0.0,0.0,0.0,1.0,0.11998900512740447,-0.04749393741417668,0.0,0.0,0.0,0.0
3015,1786799572,2578881,1786799572.002579,3.752066650217106,2.451915685966231,0.7254368957044992,0.0,0.0,0.0,1.0,0.12361631627607574,-0.04781603064141354,0.0,0.0,0.0,0.0
3016,1786799572,169291993,1786799572.169292,3.7774950895183803,2.4487602896379705,0.7240670257916859,0.0,0.0,0.0,1.0,0.12884952974634362,-0.05324916102521571,0.0,0.0,0.0,0.0
3017,1786799572,269373215,1786799572.269373,3.783282432672486,2.4409113167716967,0.7255065551709389,0.0,0.0,0.0,1.0,0.12567747868667856,-0.052175266674025986,0.0,0.0,0.0,0.0
3018,1786799572,635968920,1786799572.635969,3.822908571490755,2.399882727615492,0.7245414075768276,0.0,0.0,0.0,1.0,0.12511405081915927,-0.052629712914608356,0.0,0.0,0.0,0.0
3019,1786799572,702716514,1786799572.702717,3.8290567916287817,2.3935341520500923,0.7237536572038619,0.0,0.0,0.0,1.0,0.11412223643752889,-0.048540312224157486,0.0,0.0,0.0,0.0
3020,1786799573,102773787,1786799573.102774,3.8579584402714033,2.33741383650411,0.7240979848054809,0.0,0.0,0.0,1.0,0.11811221119535707,-0.04654521513943116,0.0,0.0,0.0,0.0
3021,1786799573,135945741,1786799573.135946,3.8578251000690127,2.3353952513374345,0.7259018285960805,0.0,0.0,0.0,1.0,0.12135856828001676,-0.04600321691146854,0.0,0.0,0.0,0.0
3022,1786799573,169270470,1786799573.169271,3.860311610569184,2.3304722701572542,0.7259018285960805,0.0,0.0,0.0,1.0,0.1143591947864016,-0.04421692779158098,0.0,0.0,0.0,0.0
3023,1786799573,769352585,1786799573.769353,3.9373696846809416,2.324588681753955,0.7267345549190551,0.0,0.0,0.0,1.0,0.11170539717151981,-0.051796277974857,0.0,0.0,0.0,0.0
3024,1786799573,804783040,1786799573.804783,3.9380521559006034,2.3219603229593275,0.7248646623406774,0.0,0.0,0.0,1.0,0.11027924960254624,-0.043471980186485536,0.0,0.0,0.0,0.0
3025,1786799574,102644001,1786799574.102644,3.992884746321895,2.3449882464904137,0.7261423742980574,0.0,0.0,0.0,1.0,0.11555784818735591,-0.03994180200793718,0.0,0.0,0.0,0.0
3026,1786799574,169320219,1786799574.169320,3.999104460977641,2.342796690277547,0.7275982652747562,0.0,0.0,0.0,1.0,0.12294668564587817,-0.044361157449381634,0.0,0.0,0.0,0.0
3027,1786799574,236004210,1786799574.236004,4.007292162548298,2.3394613711644663,0.7295124086993051,0.0,0.0,0.0,1.0,0.1108570056710182,-0.041386690960826214,0.0,0.0,0.0,0.0
3028,1786799574,269390606,1786799574.269391,4.01772464938187,2.3376162240370606,0.7295124086993051,0.0,0.0,0.0,1.0,0.12325419975533046,-0.04668969113199664,0.0,0.0,0.0,0.0
3029,1786799574,336063100,1786799574.336063,4.02481610341958,2.33503693879866,0.7270238385522793,0.0,0.0,0.0,1.0,0.1163918691022864,-0.04030007985001174,0.0,0.0,0.0,0.0
3030,1786799574,402633203,1786799574.402633,4.035436806503508,2.3292355460937593,0.7272659616422231,0.0,0.0,0.0,1.0,0.1318372237335137,-0.04841948700692819,0.0,0.0,0.0,0.0
3031,1786799574,702740692,1786799574.702741,4.069210807980253,2.320076399277535,0.7241698679476714,0.0,0.0,0.0,1.0,0.12127933006944339,-0.04657468389298672,0.0,0.0,0.0,0.0
3032,1786799574,769379491,1786799574.769379,4.073566468655169,2.3080369726166285,0.726279839103689,0.0,0.0,0.0,1.0,0.13122965869187184,-0.048622639558642294,0.0,0.0,0.0,0.0
3033,1786799574,969399634,1786799574.969400,4.09902367273912,2.2981122554594746,0.7262992865089164,0.0,0.0,0.0,1.0,0.12615224508564035,-0.04679625792875592,0.0,0.0,0.0,0.0
3034,1786799575,69341487,1786799575.069341,4.1069715364995805,2.2829783237715535,0.7248633594552403,0.0,0.0,0.0,1.0,0.12778296068972078,-0.047454342288171435,0.0,0.0,0.0,0.0
3035,1786799575,202820306,1786799575.202820,4.123751296909006,2.2770074767505175,0.7232524595902746,0.0,0.0,0.0,1.0,0.12295442090626184,-0.04656548748276491,0.0,0.0,0.0,0.0
3036,1786799575,302794524,1786799575.302794,4.137348364378186,2.2713803641974826,0.7266740049061174,0.0,0.0,0.0,1.0,0.12953164921130625,-0.04714209222239076,0.0,0.0,0.0,0.0
3037,1786799575,469435745,1786799575.469436,4.16773150896632,2.2644220387602623,0.7274522548833514,0.0,0.0,0.0,1.0,0.1464178882770037,-0.05320578784390544,0.0,0.0,0.0,0.0
3038,1786799575,569358669,1786799575.569359,4.180990844076437,2.256691299724867,0.7260040332652976,0.0,0.0,0.0,1.0,0.15942940087564123,-0.05795720894995547,0.0,0.0,0.0,0.0
3039,1786799575,936123066,1786799575.936123,4.280281058495049,2.2937600136624807,0.723910871788859,0.0,0.0,0.0,1.0,0.1586784139774033,-0.06024227796275561,0.0,0.0,0.0,0.0
3040,1786799575,969338624,1786799575.969339,4.273589004753488,2.279626800016631,0.723910871788859,0.0,0.0,0.0,1.0,0.15581024908175597,-0.058169876091526906,0.0,0.0,0.0,0.0
3041,1786799576,2733710,1786799576.002734,4.27891422270511,2.287767360427072,0.7227836255000021,0.0,0.0,0.0,1.0,0.14593350208404796,-0.054219306352525476,0.0,0.0,0.0,0.0
3042,1786799576,69420068,1786799576.069420,4.294953106184847,2.2839463740082673,0.7255835442026627,0.0,0.0,0.0,1.0,0.15819589245897248,-0.05914543100206508,0.0,0.0,0.0,0.0
3043,1786799576,102758725,1786799576.102759,4.296524473037383,2.278585990366091,0.7241606602604186,0.0,0.0,0.0,1.0,0.1501865838322979,-0.05702893219233643,0.0,0.0,0.0,0.0
3044,1786799576,136006264,1786799576.136006,4.297449621942077,2.2736773682502394,0.7264716892998148,0.0,0.0,0.0,1.0,0.11303159249528447,-0.03932235775658581,0.0,0.0,0.0,0.0
3045,1786799576,169336993,1786799576.169337,4.3042175199517665,2.2747454510025866,0.7264716892998148,0.0,0.0,0.0,1.0,0.13542188646181236,-0.0475161566596196,0.0,0.0,0.0,0.0
3046,1786799576,202799562,1786799576.202800,4.310688218778472,2.2752146343254385,0.7260550399438296,0.0,0.0,0.0,1.0,0.12417490887220368,-0.04604617953901483,0.0,0.0,0.0,0.0
3047,1786799576,269378407,1786799576.269378,4.3209368679333515,2.274026485314873,0.7262778994291644,0.0,0.0,0.0,1.0,0.12596990178616216,-0.04477203150402004,0.0,0.0,0.0,0.0
3048,1786799576,769449259,1786799576.769449,4.342888119926018,2.2161301686148196,0.7247023592616724,0.0,0.0,0.0,1.0,0.12073127555432911,-0.04125348449029381,0.0,0.0,0.0,0.0
3049,1786799576,802788161,1786799576.802788,4.345901521283366,2.214149703399893,0.7261347384581606,0.0,0.0,0.0,1.0,0.10947937799811781,-0.03964262396717119,0.0,0.0,0.0,0.0
3050,1786799576,836041454,1786799576.836041,4.350233142121681,2.212091829594586,0.7272779972883655,0.0,0.0,0.0,1.0,0.1390520064788793,-0.04780213221709535,0.0,0.0,0.0,0.0
3051,1786799576,869347087,1786799576.869347,4.349723558968606,2.211349630037316,0.7272779972883655,0.0,0.0,0.0,1.0,0.12365472382345404,-0.042829399339523136,0.0,0.0,0.0,0.0
3052,1786799576,902750124,1786799576.902750,4.354268378391145,2.2090431879197876,0.7283846423577824,0.0,0.0,0.0,1.0,0.12312431496623592,-0.04399075608726732,0.0,0.0,0.0,0.0
3053,1786799576,936029208,1786799576.936029,4.35683047556109,2.207615961957192,0.7267927944079866,0.0,0.0,0.0,1.0,0.11095858210779524,-0.038633979551993484,0.0,0.0,0.0,0.0
3054,1786799577,102794970,1786799577.102795,4.375605304095821,2.19981718401613,0.7282919701205921,0.0,0.0,0.0,1.0,0.12861225926916134,-0.04491132069424901,0.0,0.0,0.0,0.0
3055,1786799577,136043419,1786799577.136043,4.379005454788242,2.198617813541688,0.727807180728992,0.0,0.0,0.0,1.0,0.12556551182651818,-0.04474570695491088,0.0,0.0,0.0,0.0
3056,1786799577,169366071,1786799577.169366,4.381787158723471,2.1997471810580818,0.727807180728992,0.0,0.0,0.0,1.0,0.1241446541450251,-0.04519285273341764,0.0,0.0,0.0,0.0
3057,1786799577,236039516,1786799577.236039,4.389715122370067,2.196398956475374,0.7308383181058694,0.0,0.0,0.0,1.0,0.12415753229278409,-0.04490463402702646,0.0,0.0,0.0,0.0
3058,1786799577,469453863,1786799577.469454,4.415271348556757,2.1846578321579555,0.7247896937923077,0.0,0.0,0.0,1.0,0.12468950525001482,-0.047289327718573144,0.0,0.0,0.0,0.0
3059,1786799577,569415585,1786799577.569416,4.427617391328084,2.179722890429341,0.7254168184316643,0.0,0.0,0.0,1.0,0.12729496640604734,-0.045883934203537945,0.0,0.0,0.0,0.0
3060,1786799577,602756204,1786799577.602756,4.428229017213798,2.179364807317909,0.7285128502825376,0.0,0.0,0.0,1.0,0.12633951538086372,-0.04336686130892929,0.0,0.0,0.0,0.0
3061,1786799578,69491088,1786799578.069491,4.479707103442191,2.1560189506319807,0.7258678818484982,0.0,0.0,0.0,1.0,0.11300635390503143,-0.04057825818265602,0.0,0.0,0.0,0.0
3062,1786799578,102856936,1786799578.102857,4.481756995222895,2.154564371485036,0.7245569380021204,0.0,0.0,0.0,1.0,0.1217072700489726,-0.0439335776490194,0.0,0.0,0.0,0.0
3063,1786799578,136087425,1786799578.136087,4.48569986929725,2.15205551464759,0.725141678795776,0.0,0.0,0.0,1.0,0.12505530267675324,-0.04622928929486733,0.0,0.0,0.0,0.0
3064,1786799579,36061902,1786799579.036062,4.614611351948856,2.132026814816397,0.7224966005146594,0.0,0.0,0.0,1.0,0.15969696539194297,-0.006163442473786413,0.0,0.0,0.0,0.0
3065,1786799579,105406279,1786799579.105406,4.605956347884646,2.1173664095882456,0.7254786978420869,0.0,0.0,0.0,1.0,0.1128914331197974,-0.04123345061546276,0.0,0.0,0.0,0.0
3066,1786799579,236113551,1786799579.236114,4.619133124033926,2.1146635533732567,0.7277145196503281,0.0,0.0,0.0,1.0,0.12045240476094098,-0.04489348581286918,0.0,0.0,0.0,0.0
3067,1786799579,436097570,1786799579.436098,4.639534019372057,2.1030592345447,0.7247378640539046,0.0,0.0,0.0,1.0,0.12188643776221872,-0.046468365002393895,0.0,0.0,0.0,0.0
3068,1786799579,469506399,1786799579.469507,4.642299138121327,2.1010802127073402,0.7247378640539046,0.0,0.0,0.0,1.0,0.1125302272013602,-0.04351921184822267,0.0,0.0,0.0,0.0
3069,1786799579,502750122,1786799579.502750,4.646301564367619,2.098845062861682,0.7251919750178321,0.0,0.0,0.0,1.0,0.1382275583290099,-0.05110782113182885,0.0,0.0,0.0,0.0
3070,1786799579,536104128,1786799579.536104,4.6500644835607226,2.0970257740808282,0.7249287057639485,0.0,0.0,0.0,1.0,0.12290312286601843,-0.04477656645553441,0.0,0.0,0.0,0.0
3071,1786799579,569399181,1786799579.569399,4.654201468725226,2.094443060056535,0.7249287057639485,0.0,0.0,0.0,1.0,0.12399631791363122,-0.04628412484096243,0.0,0.0,0.0,0.0
3072,1786799579,636086501,1786799579.636086,4.662259720178483,2.0912902298662903,0.7281461784682044,0.0,0.0,0.0,1.0,0.12578419792879583,-0.04547046921562744,0.0,0.0,0.0,0.0
3073,1786799579,769632315,1786799579.769632,4.680184015235895,2.0850631253942202,0.7262916328135857,0.0,0.0,0.0,1.0,0.12189127397113556,-0.0487765750636214,0.0,0.0,0.0,0.0
3074,1786799579,802725354,1786799579.802725,4.684079619744171,2.0833415462233775,0.7262585557623925,0.0,0.0,0.0,1.0,0.12377257010878157,-0.04769692599321152,0.0,0.0,0.0,0.0
3075,1786799579,869456926,1786799579.869457,4.6919651579240735,2.07978128428924,0.7267145659861028,0.0,0.0,0.0,1.0,0.12443190276245042,-0.04729782357345329,0.0,0.0,0.0,0.0
3076,1786799580,69448832,1786799580.069449,4.715116444084202,2.0668982449502318,0.7299158262612971,0.0,0.0,0.0,1.0,0.12301482981642461,-0.04395519679804639,0.0,0.0,0.0,0.0
3077,1786799580,736112205,1786799580.736112,4.788917173758737,2.0345998202960915,0.7262037257596815,0.0,0.0,0.0,1.0,0.11688471499099563,-0.04064533683372369,0.0,0.0,0.0,0.0
3078,1786799580,938503178,1786799580.938503,4.813131091297084,2.024160009222867,0.7277079473491778,0.0,0.0,0.0,1.0,0.12405681457416362,-0.04498758001272714,0.0,0.0,0.0,0.0
3079,1786799580,969439838,1786799580.969440,4.816624332380815,2.02274358337748,0.7277079473491778,0.0,0.0,0.0,1.0,0.1308451218592739,-0.0490782671210137,0.0,0.0,0.0,0.0
3080,1786799581,2838061,1786799581.002838,4.820467111673892,2.0207513705216913,0.7250648956864236,0.0,0.0,0.0,1.0,0.12294908498403867,-0.048012710522625825,0.0,0.0,0.0,0.0
3081,1786799581,36130052,1786799581.036130,4.824203077974079,2.0188372959852003,0.7264886171110339,0.0,0.0,0.0,1.0,0.12347057999034586,-0.046379407994193204,0.0,0.0,0.0,0.0
3082,1786799581,102836857,1786799581.102837,4.836028542659069,2.0149148416029226,0.7270091475834433,0.0,0.0,0.0,1.0,0.12096619622503502,-0.04415080434816197,0.0,0.0,0.0,0.0
3083,1786799581,169502591,1786799581.169502,4.840025275824907,2.013725107386647,0.7270091475834433,0.0,0.0,0.0,1.0,0.13103779630985277,-0.04946969294894832,0.0,0.0,0.0,0.0
3084,1786799581,202753774,1786799581.202754,4.843990053004909,2.0117941398174013,0.7240532127797185,0.0,0.0,0.0,1.0,0.12469139686349397,-0.04908718098992223,0.0,0.0,0.0,0.0
3085,1786799581,269429872,1786799581.269430,4.854402236567648,2.0082151241192223,0.7243169312703313,0.0,0.0,0.0,1.0,0.12278917847907975,-0.045707130793244344,0.0,0.0,0.0,0.0
3086,1786799581,469490022,1786799581.469490,4.877505094817096,2.005710469510422,0.7266618541498964,0.0,0.0,0.0,1.0,0.11891999015761813,-0.04409069525721943,0.0,0.0,0.0,0.0
3087,1786799581,502779164,1786799581.502779,4.881858088868373,2.0034735592476824,0.7258174722438336,0.0,0.0,0.0,1.0,0.11896485959624223,-0.0448672583140381,0.0,0.0,0.0,0.0
3088,1786799581,602801850,1786799581.602802,4.892702548044465,1.9988707796400642,0.7262759816398366,0.0,0.0,0.0,1.0,0.12100810328800521,-0.045340475045292164,0.0,0.0,0.0,0.0
3089,1786799581,936165886,1786799581.936166,4.932533650504567,1.9837927439218026,0.7245602148000246,0.0,0.0,0.0,1.0,0.12331088858533026,-0.04677812357875977,0.0,0.0,0.0,0.0
3090,1786799582,202865159,1786799582.202865,4.965520672914721,1.970981860488219,0.7230133704179198,0.0,0.0,0.0,1.0,0.12728395407079818,-0.04891807707438345,0.0,0.0,0.0,0.0
3091,1786799582,236173516,1786799582.236174,4.9694756106382485,1.9695332415257094,0.7247016465521248,0.0,0.0,0.0,1.0,0.12533580644579517,-0.04373084370110697,0.0,0.0,0.0,0.0
3092,1786799582,269561705,1786799582.269562,4.973398097654616,1.967796141387728,0.7247016465521248,0.0,0.0,0.0,1.0,0.12359528643531371,-0.04607344020097094,0.0,0.0,0.0,0.0
3093,1786799582,302846032,1786799582.302846,4.977420708839176,1.9660778305524418,0.7230369920553128,0.0,0.0,0.0,1.0,0.12459910152242021,-0.047972174032179696,0.0,0.0,0.0,0.0
3094,1786799582,402887042,1786799582.402887,4.989295535936197,1.9609530148857002,0.724321119749253,0.0,0.0,0.0,1.0,0.12207108416806982,-0.04628869083535496,0.0,0.0,0.0,0.0
3095,1786799582,469475224,1786799582.469475,4.99737932868242,1.9576024387663291,0.7246580094798116,0.0,0.0,0.0,1.0,0.12589391294935298,-0.04718005870033649,0.0,0.0,0.0,0.0
3096,1786799582,502799647,1786799582.502800,5.000933125930612,1.9560892407522452,0.7265195189217413,0.0,0.0,0.0,1.0,0.1218174708565185,-0.044930553767320865,0.0,0.0,0.0,0.0
3097,1786799582,902846738,1786799582.902847,5.047621971878208,1.93631132098627,0.7275123355013893,0.0,0.0,0.0,1.0,0.12317968197436438,-0.04755628032066118,0.0,0.0,0.0,0.0
3098,1786799582,936218813,1786799582.936219,5.052012033655835,1.9336564472308,0.7267091642294882,0.0,0.0,0.0,1.0,0.13650257798773988,-0.050361708972151635,0.0,0.0,0.0,0.0
3099,1786799583,302831734,1786799583.302832,5.072638995203626,1.888579588732766,0.7281894100340276,0.0,0.0,0.0,1.0,0.12406479367625961,-0.04641220742940628,0.0,0.0,0.0,0.0
3100,1786799583,402811956,1786799583.402812,5.081230203874689,1.8871560631638942,0.7268075698698899,0.0,0.0,0.0,1.0,0.1230731916221748,-0.04641438173703247,0.0,0.0,0.0,0.0
3101,1786799583,436162213,1786799583.436162,5.086382280064125,1.8860403173166214,0.7275297403901586,0.0,0.0,0.0,1.0,0.13243171697847742,-0.04816164372157459,0.0,0.0,0.0,0.0
3102,1786799583,469518301,1786799583.469518,5.092417649316026,1.8846993536874965,0.7275297403901586,0.0,0.0,0.0,1.0,0.11298064863938137,-0.042551761933901644,0.0,0.0,0.0,0.0
3103,1786799583,536215164,1786799583.536215,5.10075561944565,1.8841240810462376,0.7299767570760053,0.0,0.0,0.0,1.0,0.1262893779791706,-0.04544889141990139,0.0,0.0,0.0,0.0
3104,1786799583,602876628,1786799583.602877,5.1099802416399065,1.8820617130080173,0.728490431397884,0.0,0.0,0.0,1.0,0.12308556340201098,-0.046366726908472045,0.0,0.0,0.0,0.0
3105,1786799583,902882232,1786799583.902882,5.148593901377321,1.878453469909767,0.7280583212743128,0.0,0.0,0.0,1.0,0.11931391692680869,-0.04159149071026648,0.0,0.0,0.0,0.0
3106,1786799583,969531002,1786799583.969531,5.1559011795536165,1.8758215851254216,0.7276217865182771,0.0,0.0,0.0,1.0,0.11891746815580304,-0.044544852579403285,0.0,0.0,0.0,0.0
3107,1786799584,2828204,1786799584.002828,5.159922974966552,1.8743395360111452,0.7283769525223674,0.0,0.0,0.0,1.0,0.12041826944610594,-0.044202694795258526,0.0,0.0,0.0,0.0
3108,1786799584,36193678,1786799584.036194,5.163871876345972,1.8727000544607728,0.7285153824341551,0.0,0.0,0.0,1.0,0.12222205884136486,-0.045131376827202675,0.0,0.0,0.0,0.0
3109,1786799584,69590905,1786799584.069591,5.1713722370746105,1.8739169606325818,0.7285153824341551,0.0,0.0,0.0,1.0,0.12343604381379268,-0.04469601493447341,0.0,0.0,0.0,0.0
3110,1786799584,202855199,1786799584.202855,5.184855351477065,1.872868457020323,0.7290059259917723,0.0,0.0,0.0,1.0,0.12310038736728413,-0.04454743771290668,0.0,0.0,0.0,0.0
3111,1786799584,302840867,1786799584.302841,5.197150218340283,1.8680566953939155,0.7263358475210864,0.0,0.0,0.0,1.0,0.12467536266768704,-0.047820031160334966,0.0,0.0,0.0,0.0
3112,1786799584,502859940,1786799584.502860,5.220336916469314,1.8604699726391583,0.7274640729929065,0.0,0.0,0.0,1.0,0.1268726969539052,-0.04682082023995991,0.0,0.0,0.0,0.0
3113,1786799584,702886523,1786799584.702887,5.247091284032866,1.8511573648894926,0.7285188492941302,0.0,0.0,0.0,1.0,0.12897268134164494,-0.04709598671575295,0.0,0.0,0.0,0.0
3114,1786799584,769545807,1786799584.769546,5.253551692902274,1.8491389146883668,0.7255315267074485,0.0,0.0,0.0,1.0,0.1257356685962638,-0.04780314389848556,0.0,0.0,0.0,0.0
3115,1786799585,2926941,1786799585.002927,5.282841822930067,1.8384314525981909,0.7296223507601536,0.0,0.0,0.0,1.0,0.12403473719435792,-0.045366881354673046,0.0,0.0,0.0,0.0
3116,1786799585,38810760,1786799585.038811,5.286789893466668,1.83698546622515,0.7273036082992796,0.0,0.0,0.0,1.0,0.1141780200539152,-0.04295637507723044,0.0,0.0,0.0,0.0
3117,1786799585,436242694,1786799585.436243,5.324623997883997,1.816193935842977,0.725245840161895,0.0,0.0,0.0,1.0,0.12213747468002012,-0.04201491657351145,0.0,0.0,0.0,0.0
3118,1786799585,469541770,1786799585.469542,5.328067075976609,1.8129225529407016,0.725245840161895,0.0,0.0,0.0,1.0,0.13419237128057224,-0.04700493911288927,0.0,0.0,0.0,0.0
3119,1786799585,769641787,1786799585.769642,5.367466957237667,1.798580322714873,0.7277697164426845,0.0,0.0,0.0,1.0,0.1239170448472926,-0.04410227840276845,0.0,0.0,0.0,0.0
3120,1786799585,836216667,1786799585.836217,5.384884911764633,1.8023494939497353,0.7269677502072668,0.0,0.0,0.0,1.0,0.12338019531100934,-0.047913986612794716,0.0,0.0,0.0,0.0
3121,1786799586,36300225,1786799586.036300,5.407596960891166,1.7907665296382271,0.7263059676861249,0.0,0.0,0.0,1.0,0.12512754423035494,-0.04649475612999734,0.0,0.0,0.0,0.0
3122,1786799586,438407779,1786799586.438408,5.457410638780164,1.7772065547043385,0.7258636000868918,0.0,0.0,0.0,1.0,0.11665306033764221,-0.04302875187788315,0.0,0.0,0.0,0.0
3123,1786799586,502904909,1786799586.502905,5.461942067567048,1.7764418454417599,0.726596210659039,0.0,0.0,0.0,1.0,0.12565930781217324,-0.04754430051056889,0.0,0.0,0.0,0.0
3124,1786799586,569555487,1786799586.569556,5.4697361778219715,1.7735485490341096,0.7295091324807531,0.0,0.0,0.0,1.0,0.1241233932195065,-0.04567041295180865,0.0,0.0,0.0,0.0
3125,1786799586,602891032,1786799586.602891,5.473755544269068,1.7719698780559172,0.7273643978360961,0.0,0.0,0.0,1.0,0.12019857960404949,-0.04614683691712457,0.0,0.0,0.0,0.0
3126,1786799586,936298355,1786799586.936298,5.516611907530891,1.7538685912874623,0.7287050359854176,0.0,0.0,0.0,1.0,0.12408506166702411,-0.047972718589772124,0.0,0.0,0.0,0.0
3127,1786799587,369721916,1786799587.369722,5.568714876010439,1.734266377993377,0.724391571981285,0.0,0.0,0.0,1.0,0.12569631697728909,-0.04797251035724435,0.0,0.0,0.0,0.0
3128,1786799587,402896458,1786799587.402896,5.57248855854467,1.7328554329357146,0.7252974258103171,0.0,0.0,0.0,1.0,0.12021261716602892,-0.0461172685484255,0.0,0.0,0.0,0.0
3129,1786799587,436208689,1786799587.436209,5.577170738336218,1.7319595135540693,0.7248765923275191,0.0,0.0,0.0,1.0,0.12019003009396194,-0.0438355602208433,0.0,0.0,0.0,0.0
3130,1786799587,969577729,1786799587.969578,5.630152871872571,1.7087897814504442,0.7278239333286131,0.0,0.0,0.0,1.0,0.12073266133614784,-0.04143275933558736,0.0,0.0,0.0,0.0
3131,1786799588,236314610,1786799588.236315,5.665771726162333,1.696696574185676,0.724732718698477,0.0,0.0,0.0,1.0,0.12401715793342859,-0.047092331738812894,0.0,0.0,0.0,0.0
3132,1786799588,336256576,1786799588.336257,5.676213879069014,1.6933657812704075,0.7235334859526841,0.0,0.0,0.0,1.0,0.12624084423717988,-0.045992733040964164,0.0,0.0,0.0,0.0
3133,1786799588,469607071,1786799588.469607,5.694039801195057,1.6875090174638285,0.7270617563425434,0.0,0.0,0.0,1.0,0.1280021027648412,-0.04563497091449665,0.0,0.0,0.0,0.0
3134,1786799588,836299466,1786799588.836299,5.738662520332987,1.6720175276147762,0.7260336388543758,0.0,0.0,0.0,1.0,0.1181389827583275,-0.04416430136150156,0.0,0.0,0.0,0.0
3135,1786799589,3032853,1786799589.003033,5.758604051886373,1.6639192269561311,0.7257518713248927,0.0,0.0,0.0,1.0,0.12340836782773301,-0.04949338707598102,0.0,0.0,0.0,0.0
3136,1786799589,36252160,1786799589.036252,5.762668771131299,1.6621650050002503,0.7259429079506527,0.0,0.0,0.0,1.0,0.12499744849632574,-0.04937239310752854,0.0,0.0,0.0,0.0
3137,1786799589,202984559,1786799589.202985,5.783574474952545,1.6548220749895441,0.7275683950050573,0.0,0.0,0.0,1.0,0.12541252914101253,-0.047865072647049714,0.0,0.0,0.0,0.0
3138,1786799589,403018332,1786799589.403018,5.806487573525068,1.6462891402205053,0.7264701720445044,0.0,0.0,0.0,1.0,0.1249833580828511,-0.045486714732385754,0.0,0.0,0.0,0.0
3139,1786799589,469666881,1786799589.469667,5.814849190597798,1.6434688210739963,0.7278189287886625,0.0,0.0,0.0,1.0,0.12386901627747335,-0.043127707425445576,0.0,0.0,0.0,0.0
3140,1786799589,703011942,1786799589.703012,5.844455708824633,1.6328616856208877,0.7243715864519067,0.0,0.0,0.0,1.0,0.12301160727961886,-0.04639628141715043,0.0,0.0,0.0,0.0
3141,1786799589,736287540,1786799589.736288,5.847579002366949,1.6315735530908584,0.7272032629699925,0.0,0.0,0.0,1.0,0.11860525140915779,-0.04606087098027055,0.0,0.0,0.0,0.0
3142,1786799589,903086454,1786799589.903086,5.8670624390117645,1.624048688316095,0.7244820051845698,0.0,0.0,0.0,1.0,0.11611345776455262,-0.045106284903398366,0.0,0.0,0.0,0.0
3143,1786799589,936292209,1786799589.936292,5.870013353585019,1.623285064537085,0.7261413459510939,0.0,0.0,0.0,1.0,0.11942291547291016,-0.04417736055563748,0.0,0.0,0.0,0.0
3144,1786799590,2963890,1786799590.002964,5.877836535110617,1.6203221954931406,0.7262451471486543,0.0,0.0,0.0,1.0,0.12075705535841441,-0.04484114102158079,0.0,0.0,0.0,0.0
3145,1786799590,36314393,1786799590.036314,5.882121212236374,1.6186585502484734,0.7255749339845108,0.0,0.0,0.0,1.0,0.12957209569900913,-0.04881634154225931,0.0,0.0,0.0,0.0
3146,1786799590,69643418,1786799590.069643,5.886060359464583,1.617056842496095,0.7255749339845108,0.0,0.0,0.0,1.0,0.11160498532989806,-0.043030640572076354,0.0,0.0,0.0,0.0
3147,1786799590,102937827,1786799590.102938,5.891339622932669,1.6148359842169904,0.7246472523231084,0.0,0.0,0.0,1.0,0.12251076629680394,-0.04466863170758176,0.0,0.0,0.0,0.0
3148,1786799590,136364083,1786799590.136364,5.89297922208317,1.6141266102581389,0.7267489176408554,0.0,0.0,0.0,1.0,0.1250670877461168,-0.04497083474147578,0.0,0.0,0.0,0.0
3149,1786799590,269744450,1786799590.269744,5.909538349635049,1.6078707973784616,0.7257108315123513,0.0,0.0,0.0,1.0,0.12438411633339073,-0.046347533124654346,0.0,0.0,0.0,0.0
3150,1786799590,302951560,1786799590.302952,5.913755760642246,1.606210477341238,0.7242316829828346,0.0,0.0,0.0,1.0,0.13901288672601186,-0.05156357333668747,0.0,0.0,0.0,0.0
3151,1786799590,436308176,1786799590.436308,5.925159491074144,1.5985350287703657,0.7272107211786912,0.0,0.0,0.0,1.0,0.12713836433740197,-0.04548134793385088,0.0,0.0,0.0,0.0
3152,1786799590,469784361,1786799590.469784,5.928967597467214,1.5971409624874826,0.7272107211786912,0.0,0.0,0.0,1.0,0.11630339495790473,-0.04273082590040592,0.0,0.0,0.0,0.0
3153,1786799591,203017134,1786799591.203017,6.0438065708293145,1.5847857190797123,0.7275860830532059,0.0,0.0,0.0,1.0,0.19672553581056335,-0.010941464439801096,0.0,0.0,0.0,0.0
3154,1786799591,269767723,1786799591.269768,6.029212568224672,1.5749147965088879,0.7267199631100713,0.0,0.0,0.0,1.0,0.12539293372546748,-0.04446645983417788,0.0,0.0,0.0,0.0
3155,1786799591,302982810,1786799591.302983,6.033285647972839,1.5728900619428434,0.7275044179782442,0.0,0.0,0.0,1.0,0.12689941446399905,-0.04484162603804352,0.0,0.0,0.0,0.0
3156,1786799591,336312859,1786799591.336313,6.036742775359688,1.5705652472935019,0.7257776921306501,0.0,0.0,0.0,1.0,0.1282275903026401,-0.044218834593735844,0.0,0.0,0.0,0.0
3157,1786799591,536344532,1786799591.536345,6.061635349322675,1.559905088160476,0.7287199944633264,0.0,0.0,0.0,1.0,0.13030798231758509,-0.048823573339542486,0.0,0.0,0.0,0.0
3158,1786799592,69778953,1786799592.069779,6.127964078116417,1.531017128565737,0.7273316657202623,0.0,0.0,0.0,1.0,0.1303367175061809,-0.04870271481260722,0.0,0.0,0.0,0.0
3159,1786799592,103047615,1786799592.103048,6.129412421905027,1.5255654162370589,0.7260025042154621,0.0,0.0,0.0,1.0,0.12176409861890693,-0.05697366988674494,0.0,0.0,0.0,0.0
3160,1786799592,303002972,1786799592.303003,6.1546796475885905,1.5111588297704532,0.7268473339370264,0.0,0.0,0.0,1.0,0.12794704308537241,-0.06390992250782257,0.0,0.0,0.0,0.0
3161,1786799592,403033150,1786799592.403033,6.1662930728811105,1.5048553704389085,0.7242186291646925,0.0,0.0,0.0,1.0,0.12904398911160483,-0.06398139712641754,0.0,0.0,0.0,0.0
3162,1786799592,502991753,1786799592.502992,6.1808595077074,1.4966915532769045,0.7249619006062662,0.0,0.0,0.0,1.0,0.13241598349560818,-0.06824686042387722,0.0,0.0,0.0,0.0
3163,1786799592,536422399,1786799592.536422,6.184546632439577,1.4941366412672976,0.7282136948674214,0.0,0.0,0.0,1.0,0.1354969149316844,-0.06975188596184365,0.0,0.0,0.0,0.0
3164,1786799592,636358642,1786799592.636359,6.1972822406907255,1.486123816784616,0.7242534847281583,0.0,0.0,0.0,1.0,0.13428380022039849,-0.07309157083428121,0.0,0.0,0.0,0.0
3165,1786799592,669747780,1786799592.669748,6.200074004914029,1.4842094712085627,0.7242534847281583,0.0,0.0,0.0,1.0,0.12740229832289582,-0.06994855831043262,0.0,0.0,0.0,0.0
3166,1786799592,703016769,1786799592.703017,6.204936009142848,1.4808509502808853,0.7248565780017491,0.0,0.0,0.0,1.0,0.127050961870628,-0.07160713761215394,0.0,0.0,0.0,0.0
3167,1786799592,903062461,1786799592.903062,6.238996963628413,1.4698700504333564,0.7256628164121893,0.0,0.0,0.0,1.0,0.12408699542868304,-0.0770816578292446,0.0,0.0,0.0,0.0
3168,1786799592,936441199,1786799592.936441,6.24227613087205,1.4685986905738018,0.7258487648332249,0.0,0.0,0.0,1.0,0.1212487771881299,-0.07786737084468216,0.0,0.0,0.0,0.0
3169,1786799592,969825832,1786799592.969826,6.248219944634226,1.465894770799646,0.7258487648332249,0.0,0.0,0.0,1.0,0.1283047535291887,-0.08479089248036124,0.0,0.0,0.0,0.0
3170,1786799593,269734394,1786799593.269734,6.23659619935648,1.3685753308535222,0.7223000840874408,0.0,0.0,0.0,1.0,0.09831419192961421,-0.08011988933027714,0.0,0.0,0.0,0.0
3171,1786799593,436493951,1786799593.436494,6.228478457261392,1.3603024395211194,0.7239628790027969,0.0,0.0,0.0,1.0,0.09972311747685725,-0.08417725836336805,0.0,0.0,0.0,0.0
3172,1786799593,469699639,1786799593.469700,6.234375899475772,1.3583270503015146,0.7239628790027969,0.0,0.0,0.0,1.0,0.10515635093917078,-0.08709884678506286,0.0,0.0,0.0,0.0
3173,1786799593,503087329,1786799593.503087,6.219331617458593,1.3662106180232088,0.7265941407214055,0.0,0.0,0.0,1.0,0.11063502037107577,-0.09121522253333483,0.0,0.0,0.0,0.0
3174,1786799593,569740119,1786799593.569740,6.256166269580046,1.3342450927969343,0.7261122651878719,0.0,0.0,0.0,1.0,0.10473115348363211,-0.08913836581270301,0.0,0.0,0.0,0.0
3175,1786799593,669843412,1786799593.669843,6.267593667377234,1.326970307933533,0.7226199486259609,0.0,0.0,0.0,1.0,0.10116588777838792,-0.08722536112657546,0.0,0.0,0.0,0.0
3176,1786799594,303090299,1786799594.303090,6.389509751493048,1.3577473806685125,0.7238871590446874,0.0,0.0,0.0,1.0,0.21755103979635584,0.04266578863650148,0.0,0.0,0.0,0.0
3177,1786799594,469720006,1786799594.469720,6.380686757718891,1.3361275930075949,0.7245352924008278,0.0,0.0,0.0,1.0,0.100858174979325,-0.07239186384567646,0.0,0.0,0.0,0.0
3178,1786799594,603108865,1786799594.603109,6.403089942680417,1.3404670581706712,0.7259199992587747,0.0,0.0,0.0,1.0,0.10119330764656215,-0.07563079546626283,0.0,0.0,0.0,0.0
3179,1786799594,803108825,1786799594.803109,6.422372346373528,1.3237523577580932,0.7273985681884729,0.0,0.0,0.0,1.0,0.10224199537912342,-0.08031730649554038,0.0,0.0,0.0,0.0
3180,1786799594,969770459,1786799594.969770,6.455065237305799,1.3312729989384344,0.7249555695156112,0.0,0.0,0.0,1.0,0.10400112006929225,-0.08135101311138787,0.0,0.0,0.0,0.0
3181,1786799595,3035623,1786799595.003036,6.458941974616401,1.3281184461212212,0.7263686266457544,0.0,0.0,0.0,1.0,0.10875711054980794,-0.08407223019477729,0.0,0.0,0.0,0.0
3182,1786799595,36409802,1786799595.036410,6.461060411338472,1.325707487923101,0.7277285183772555,0.0,0.0,0.0,1.0,0.0991659696173977,-0.07551021556666535,0.0,0.0,0.0,0.0
3183,1786799595,103066424,1786799595.103066,6.465745788129411,1.3174901358045785,0.7279627473625344,0.0,0.0,0.0,1.0,0.10302215722135395,-0.07852722588395046,0.0,0.0,0.0,0.0
3184,1786799595,136407452,1786799595.136407,6.468392413293877,1.3152012123707784,0.7263045929017893,0.0,0.0,0.0,1.0,0.11726176528350224,-0.08451306207679682,0.0,0.0,0.0,0.0
3185,1786799595,169815106,1786799595.169815,6.472085639081168,1.3128319099784993,0.7263045929017893,0.0,0.0,0.0,1.0,0.09374280831581122,-0.06820850548312077,0.0,0.0,0.0,0.0
3186,1786799595,203080207,1786799595.203080,6.4755304718959295,1.3105500287367966,0.7275867606064591,0.0,0.0,0.0,1.0,0.10426828260492091,-0.07872939560452126,0.0,0.0,0.0,0.0
3187,1786799595,269702645,1786799595.269703,6.471400864450512,1.301429000628393,0.7283233676350962,0.0,0.0,0.0,1.0,0.1057548811082652,-0.07817840199619924,0.0,0.0,0.0,0.0
3188,1786799595,436587340,1786799595.436587,6.4890461107302855,1.2879295709130436,0.7249234622403093,0.0,0.0,0.0,1.0,0.10796331786402999,-0.08136542037318009,0.0,0.0,0.0,0.0
3189,1786799595,472190533,1786799595.472191,6.481829672033676,1.279481768388874,0.7249234622403093,0.0,0.0,0.0,1.0,0.10286427796899937,-0.07547293489470518,0.0,0.0,0.0,0.0
3190,1786799595,903121944,1786799595.903122,6.502562043985407,1.2191734384439181,0.7254770616751113,0.0,0.0,0.0,1.0,0.10236538305632026,-0.07771093806544996,0.0,0.0,0.0,0.0
3191,1786799597,136483881,1786799597.136484,6.6447485865883635,1.1375296589581292,0.7292454531842909,0.0,0.0,0.0,1.0,0.10722224197422921,-0.06524329866446808,0.0,0.0,0.0,0.0
3192,1786799597,236536377,1786799597.236536,6.657050046137382,1.1345007815655719,0.7265175747722011,0.0,0.0,0.0,1.0,0.10627731913014564,-0.06537881316782833,0.0,0.0,0.0,0.0
3193,1786799597,269756336,1786799597.269756,6.6614010559244115,1.1325208793908899,0.7265175747722011,0.0,0.0,0.0,1.0,0.1085159078276611,-0.06691210940069407,0.0,0.0,0.0,0.0
3194,1786799597,303122506,1786799597.303123,6.665557331444774,1.130467874834971,0.7270825546244335,0.0,0.0,0.0,1.0,0.10012664256717158,-0.06118595275624058,0.0,0.0,0.0,0.0
3195,1786799597,569814569,1786799597.569815,6.707061483459569,1.1232079266808608,0.727810246615812,0.0,0.0,0.0,1.0,0.112695836474977,-0.07009497210705987,0.0,0.0,0.0,0.0
3196,1786799598,436617799,1786799598.436618,6.732482926387718,1.0470207996808907,0.7272614388297561,0.0,0.0,0.0,1.0,0.023756576190749352,-0.08612748157063464,0.0,0.0,0.0,0.0
3197,1786799598,603183274,1786799598.603183,6.803483796439931,1.0421043508427332,0.7249977884069967,0.0,0.0,0.0,1.0,0.11527422960718742,-0.06834082120973298,0.0,0.0,0.0,0.0
3198,1786799598,636457284,1786799598.636457,6.809302662171039,1.038043004718383,0.7277717811445177,0.0,0.0,0.0,1.0,0.12845575518655952,-0.07324736989590694,0.0,0.0,0.0,0.0
3199,1786799599,136493103,1786799599.136493,6.781726207014799,0.9892607177076713,0.7263854977954406,0.0,0.0,0.0,1.0,0.11554912838489603,-0.06661360465032076,0.0,0.0,0.0,0.0
3200,1786799599,436629319,1786799599.436629,6.81786600198145,0.981434194111964,0.7266264218775877,0.0,0.0,0.0,1.0,0.11765585240478038,-0.06929409207581665,0.0,0.0,0.0,0.0
3201,1786799600,3279542,1786799600.003279,6.900956769820478,0.9523407950214255,0.7289210142793189,0.0,0.0,0.0,1.0,0.10174381094083818,-0.056592833450496025,0.0,0.0,0.0,0.0
3202,1786799600,203145239,1786799600.203145,6.927334337211107,0.9445074867636802,0.7281234066753643,0.0,0.0,0.0,1.0,0.11264688022396008,-0.065305071972047,0.0,0.0,0.0,0.0
3203,1786799600,236514285,1786799600.236514,6.934996251536795,0.9424885269530519,0.7268153941499087,0.0,0.0,0.0,1.0,0.12373060323784596,-0.07042132132553815,0.0,0.0,0.0,0.0
3204,1786799600,436633133,1786799600.436633,6.961264463337951,0.9292409029235285,0.7262894329012666,0.0,0.0,0.0,1.0,0.11488883618531864,-0.06625741860894578,0.0,0.0,0.0,0.0
3205,1786799600,536517398,1786799600.536517,6.973516567562466,0.9254776567123852,0.7251057719191638,0.0,0.0,0.0,1.0,0.11683387796346732,-0.06903598400888575,0.0,0.0,0.0,0.0
3206,1786799600,569835302,1786799600.569835,6.979429924993788,0.9237329344674547,0.7251057719191638,0.0,0.0,0.0,1.0,0.11529770224810885,-0.06895377157749101,0.0,0.0,0.0,0.0
3207,1786799601,136568797,1786799601.136569,7.047774089610762,0.8950560264356078,0.7256457452513541,0.0,0.0,0.0,1.0,0.10523026907576455,-0.0534100198385124,0.0,0.0,0.0,0.0
3208,1786799601,169853910,1786799601.169854,7.052412461493756,0.8923732890827587,0.7256457452513541,0.0,0.0,0.0,1.0,0.1093833045645458,-0.0590218079262212,0.0,0.0,0.0,0.0
3209,1786799601,203227892,1786799601.203228,7.054835310811669,0.8898951667934254,0.7254656423822317,0.0,0.0,0.0,1.0,0.11535809842834607,-0.0702672581507855,0.0,0.0,0.0,0.0
3210,1786799601,269858669,1786799601.269859,7.061455302093066,0.8851306015983327,0.725297479675056,0.0,0.0,0.0,1.0,0.11248632988121902,-0.06575928134986975,0.0,0.0,0.0,0.0
3211,1786799601,336616978,1786799601.336617,7.068474313864559,0.8800791257039116,0.7222289241224062,0.0,0.0,0.0,1.0,0.12545132918669805,-0.0789649396886321,0.0,0.0,0.0,0.0
3212,1786799601,436646359,1786799601.436646,7.080275921007363,0.8722260765141834,0.7261533313592481,0.0,0.0,0.0,1.0,0.12196377399858016,-0.07534899022518844,0.0,0.0,0.0,0.0
3213,1786799601,469927187,1786799601.469927,7.0836884230014014,0.8696146265247799,0.7261533313592481,0.0,0.0,0.0,1.0,0.11757064560418473,-0.07354690785931219,0.0,0.0,0.0,0.0
3214,1786799601,503232807,1786799601.503233,7.087583771814465,0.8666907846812419,0.7266880784883317,0.0,0.0,0.0,1.0,0.10894632193557748,-0.0661262270762171,0.0,0.0,0.0,0.0
3215,1786799601,703261941,1786799601.703262,7.110922881996981,0.8506484519198394,0.7274513144369431,0.0,0.0,0.0,1.0,0.1251081231127969,-0.0801975221489067,0.0,0.0,0.0,0.0
3216,1786799602,36623388,1786799602.036623,7.148250367632663,0.8233213619781461,0.7303453640336653,0.0,0.0,0.0,1.0,0.1216010938620879,-0.08240521308889895,0.0,0.0,0.0,0.0
3217,1786799602,103218784,1786799602.103219,7.154917140074122,0.8161400925272426,0.7302774204107736,0.0,0.0,0.0,1.0,0.11535990277305225,-0.08544109809499355,0.0,0.0,0.0,0.0
3218,1786799602,269863983,1786799602.269864,7.173179422975881,0.8007392758979761,0.7274494628617745,0.0,0.0,0.0,1.0,0.11739905365227236,-0.09174308586791605,0.0,0.0,0.0,0.0
3219,1786799602,369880167,1786799602.369880,7.184025404409116,0.7912146830607436,0.7264991509156647,0.0,0.0,0.0,1.0,0.11493129223380781,-0.0933976272594776,0.0,0.0,0.0,0.0
3220,1786799602,436522675,1786799602.436523,7.191520550173596,0.7842628099574713,0.7271203845767343,0.0,0.0,0.0,1.0,0.11469970720678636,-0.09658555427824862,0.0,0.0,0.0,0.0
3221,1786799602,503265010,1786799602.503265,7.199343918504681,0.7777412008900404,0.7247217229106064,0.0,0.0,0.0,1.0,0.11249812951066578,-0.09430249271871739,0.0,0.0,0.0,0.0
3222,1786799602,603261198,1786799602.603261,7.20958463015149,0.7680113676195433,0.7242103421998,0.0,0.0,0.0,1.0,0.11317810816331722,-0.09845886998416413,0.0,0.0,0.0,0.0
3223,1786799602,769929821,1786799602.769930,7.227963491276821,0.7505580791463977,0.7246314210915529,0.0,0.0,0.0,1.0,0.11036787135123159,-0.10318894556531256,0.0,0.0,0.0,0.0
3224,1786799602,869878928,1786799602.869879,7.238558528018039,0.7392986085181317,0.7230296505594008,0.0,0.0,0.0,1.0,0.10852962180967378,-0.10791257832271571,0.0,0.0,0.0,0.0
3225,1786799602,969887566,1786799602.969887,7.24814579900108,0.7279142207430525,0.7260435293364317,0.0,0.0,0.0,1.0,0.10317767544527054,-0.11192615695011458,0.0,0.0,0.0,0.0
3226,1786799603,69885113,1786799603.069885,7.257221038727206,0.7166068452376204,0.7247725326563834,0.0,0.0,0.0,1.0,0.09916566008055995,-0.11288437796278385,0.0,0.0,0.0,0.0
3227,1786799603,270000594,1786799603.270001,7.2757444760003835,0.6922375648379346,0.723328779349773,0.0,0.0,0.0,1.0,0.09435864943097592,-0.12095875265201424,0.0,0.0,0.0,0.0
3228,1786799603,369905937,1786799603.369906,7.2849998416318975,0.6792640534873828,0.7222774454732107,0.0,0.0,0.0,1.0,0.09384799562014885,-0.12470018723781962,0.0,0.0,0.0,0.0
3229,1786799603,403233821,1786799603.403234,7.286778466407107,0.676245266429877,0.720742033429923,0.0,0.0,0.0,1.0,0.08783828588606776,-0.12036412686939643,0.0,0.0,0.0,0.0
3230,1786799603,903354746,1786799603.903355,7.3307672265872235,0.6152234453337262,0.730077266891003,0.0,0.0,0.0,1.0,0.08789215438797074,-0.1203207075837718,0.0,0.0,0.0,0.0
3231,1786799604,69947566,1786799604.069947,7.337640107701411,0.5867452987094048,0.7265915523317904,0.0,0.0,0.0,1.0,0.06884799716720731,-0.1431766887118334,0.0,0.0,0.0,0.0
3232,1786799604,103253005,1786799604.103253,7.340107129408516,0.5808210979642805,0.7254613455785222,0.0,0.0,0.0,1.0,0.05685325564592688,-0.14794228884893332,0.0,0.0,0.0,0.0
3233,1786799604,470976571,1786799604.470977,7.437754531748343,0.5835471606969387,0.7248956936858141,0.0,0.0,0.0,1.0,0.03456720825764514,-0.12020750271668443,0.0,0.0,0.0,0.0
3234,1786799604,669970805,1786799604.669971,7.446295152877337,0.5478104137580111,0.7252154421059831,0.0,0.0,0.0,1.0,0.03204211053725366,-0.1552853675887595,0.0,0.0,0.0,0.0
3235,1786799605,536717514,1786799605.536717,7.486484755061163,0.38621997692283694,0.7258065273300427,0.0,0.0,0.0,1.0,0.07455079657021492,-0.17392897420864248,0.0,0.0,0.0,0.0
3236,1786799605,569901601,1786799605.569902,7.444795178285268,0.40308525224256764,0.7258065273300427,0.0,0.0,0.0,1.0,-0.008017691682329117,-0.15334803288296656,0.0,0.0,0.0,0.0
3237,1786799605,603262444,1786799605.603262,7.4445964673075835,0.39010279653711244,0.7276248624563566,0.0,0.0,0.0,1.0,-0.0099231338522859,-0.16718200414608286,0.0,0.0,0.0,0.0
3238,1786799606,169957199,1786799606.169957,7.437517138895696,0.29436134254688495,0.7257154423180013,0.0,0.0,0.0,1.0,-0.009868906880401917,-0.1671768073408217,0.0,0.0,0.0,0.0
3239,1786799606,536652282,1786799606.536652,7.421642864609765,0.24927255638980883,0.7247579160438599,0.0,0.0,0.0,1.0,-0.029466863188435014,-0.14246426487669595,0.0,0.0,0.0,0.0
3240,1786799606,836821633,1786799606.836822,7.410966224302165,0.21451632391193476,0.7241424841644777,0.0,0.0,0.0,1.0,-0.03979641003781882,-0.08886563984267382,0.0,0.0,0.0,0.0
3241,1786799606,869951273,1786799606.869951,7.408506268317812,0.20980132804861817,0.7241424841644777,0.0,0.0,0.0,1.0,-0.07623448036026155,-0.17200561605493425,0.0,0.0,0.0,0.0
3242,1786799606,970018981,1786799606.970019,7.400758278991638,0.19374318554473557,0.7277617759656071,0.0,0.0,0.0,1.0,-0.07305346917154915,-0.15200362107429854,0.0,0.0,0.0,0.0
3243,1786799607,103428038,1786799607.103428,7.387929101441177,0.1725879361504279,0.7223047654239236,0.0,0.0,0.0,1.0,-0.08399229061052561,-0.14855814725236927,0.0,0.0,0.0,0.0
3244,1786799607,136636266,1786799607.136636,7.383878292097336,0.16606813744640814,0.7229399133216834,0.0,0.0,0.0,1.0,-0.09170028740208462,-0.15960749058734527,0.0,0.0,0.0,0.0
3245,1786799607,270039258,1786799607.270039,7.370673946755186,0.14567495644605266,0.7242861975276539,0.0,0.0,0.0,1.0,-0.10009385661236209,-0.1399762274457586,0.0,0.0,0.0,0.0
3246,1786799607,570071897,1786799607.570072,7.341620050635996,0.1064799256428306,0.7217575608312927,0.0,0.0,0.0,1.0,-0.08605536777534452,-0.11742783245095535,0.0,0.0,0.0,0.0
3247,1786799607,603298992,1786799607.603299,7.332812172508117,0.09687400224784204,0.723745865883002,0.0,0.0,0.0,1.0,-0.11468024926723705,-0.1454540111364666,0.0,0.0,0.0,0.0
3248,1786799608,403371439,1786799608.403371,7.28301274086332,-0.04208696725744243,0.7248174722591784,0.0,0.0,0.0,1.0,-0.11451113554362195,-0.14247663771956862,0.0,0.0,0.0,0.0
3249,1786799608,503433128,1786799608.503433,7.264281308835486,-0.04927641933651494,0.7249316282710847,0.0,0.0,0.0,1.0,-0.134715426671753,-0.11633722520473366,0.0,0.0,0.0,0.0
3250,1786799608,903433052,1786799608.903433,7.312506825748045,-0.06352580441840128,0.7270242987873595,0.0,0.0,0.0,1.0,-0.09730419782275668,-0.03558536881169785,0.0,0.0,0.0,0.0
3251,1786799608,936719704,1786799608.936720,7.30316605798399,-0.07534195070902738,0.7262687318384221,0.0,0.0,0.0,1.0,-0.12270820854650524,-0.07232768401262463,0.0,0.0,0.0,0.0
3252,1786799609,236778306,1786799609.236778,7.285192170936199,-0.061674132755751954,0.7268888021998873,0.0,0.0,0.0,1.0,-0.10565553322074045,-0.002375626338916359,0.0,0.0,0.0,0.0
3253,1786799609,503361624,1786799609.503362,7.336318979396015,-0.029414032271387613,0.7275729418888881,0.0,0.0,0.0,1.0,-0.11888593074507144,0.004363162349457411,0.0,0.0,0.0,0.0
3254,1786799609,570037577,1786799609.570038,7.322033818073518,-0.03892330549270784,0.7262015895680711,0.0,0.0,0.0,1.0,-0.16614359189651207,-0.046114870084746906,0.0,0.0,0.0,0.0
3255,1786799609,670079428,1786799609.670079,7.3046574743216865,-0.04658533984780977,0.7263944014574691,0.0,0.0,0.0,1.0,-0.17029055423443923,-0.042765830146839434,0.0,0.0,0.0,0.0
3256,1786799609,703346586,1786799609.703346,7.29672078812008,-0.052616682263080916,0.7251213441266335,0.0,0.0,0.0,1.0,-0.17209126338268704,-0.04525865063691622,0.0,0.0,0.0,0.0
3257,1786799610,3512859,1786799610.003513,7.246622067035695,-0.0772517707555409,0.7204984792329442,0.0,0.0,0.0,1.0,-0.15535947217181564,-0.03532920134236074,0.0,0.0,0.0,0.0
3258,1786799610,103449509,1786799610.103450,7.2287061863633575,-0.08612093235545126,0.7246175047357897,0.0,0.0,0.0,1.0,-0.15564339025946708,-0.031721880707967706,0.0,0.0,0.0,0.0
3259,1786799610,203390990,1786799610.203391,7.213438137755023,-0.09426842776942657,0.7230132703885973,0.0,0.0,0.0,1.0,-0.15325214457748226,-0.029651961048363675,0.0,0.0,0.0,0.0
3260,1786799610,270094729,1786799610.270095,7.2022349537929955,-0.10133187869789051,0.7229026686104257,0.0,0.0,0.0,1.0,-0.15180356923832872,-0.025955394683687766,0.0,0.0,0.0,0.0
3261,1786799610,336720872,1786799610.336721,7.191712282078623,-0.10776597821336087,0.7220346851878885,0.0,0.0,0.0,1.0,-0.14829944768504072,-0.025924023945543027,0.0,0.0,0.0,0.0
3262,1786799610,403394834,1786799610.403395,7.17968484559616,-0.11746485232167991,0.7238301992598466,0.0,0.0,0.0,1.0,-0.14939677653072758,-0.02287417284663464,0.0,0.0,0.0,0.0
3263,1786799610,436716888,1786799610.436717,7.17370280429439,-0.1219968934168465,0.7242185071477867,0.0,0.0,0.0,1.0,-0.1498505991994307,-0.02115326458819683,0.0,0.0,0.0,0.0
3264,1786799610,470063209,1786799610.470063,7.16803065852411,-0.12566821814448836,0.7242185071477867,0.0,0.0,0.0,1.0,-0.1494441893477114,-0.02127095289472235,0.0,0.0,0.0,0.0
3265,1786799610,503340695,1786799610.503341,7.161554536269257,-0.13011602488171947,0.724919028538617,0.0,0.0,0.0,1.0,-0.14898022502378405,-0.0218945275152783,0.0,0.0,0.0,0.0
3266,1786799610,536703994,1786799610.536704,7.156457017254468,-0.13334049842508944,0.7229200318088455,0.0,0.0,0.0,1.0,-0.14888420351823495,-0.02128484366423036,0.0,0.0,0.0,0.0
3267,1786799610,770073903,1786799610.770074,7.120479800400609,-0.14844916595738455,0.7228925301920481,0.0,0.0,0.0,1.0,-0.14547569955841214,-0.025453346991308304,0.0,0.0,0.0,0.0
3268,1786799610,836783177,1786799610.836783,7.103550125113596,-0.08731026395479558,0.723124258232161,0.0,0.0,0.0,1.0,-0.13905856582573753,-0.023661336985799305,0.0,0.0,0.0,0.0
3269,1786799610,870112558,1786799610.870113,7.0998591467953425,-0.08891541866805097,0.723124258232161,0.0,0.0,0.0,1.0,-0.13681425075946485,-0.022559178892066312,0.0,0.0,0.0,0.0
3270,1786799610,970089784,1786799610.970090,7.111866498716896,-0.09152044496105072,0.7237332625604315,0.0,0.0,0.0,1.0,-0.12933063352978455,-0.02535984392366228,0.0,0.0,0.0,0.0
3271,1786799611,3414480,1786799611.003414,7.1156635339221275,-0.09295432404296111,0.7197252553822895,0.0,0.0,0.0,1.0,-0.12986092082250822,-0.02402281519420851,0.0,0.0,0.0,0.0
3272,1786799611,103410888,1786799611.103411,7.115759552320089,-0.09683943554172858,0.721763775760216,0.0,0.0,0.0,1.0,-0.12244456508439146,-0.028757207389693874,0.0,0.0,0.0,0.0
3273,1786799611,436887280,1786799611.436887,7.084506647420895,-0.10648156712889878,0.7264841117163413,0.0,0.0,0.0,1.0,-0.1108509559182361,-0.031428672653483314,0.0,0.0,0.0,0.0
3274,1786799611,803445526,1786799611.803446,7.066192829894913,-0.11562451700771703,0.7272490473775562,0.0,0.0,0.0,1.0,-0.09601963097388327,-0.02814832525392108,0.0,0.0,0.0,0.0
3275,1786799611,836798463,1786799611.836798,7.061129789925886,-0.11728298488101863,0.7278625590634135,0.0,0.0,0.0,1.0,-0.1032918204689781,-0.03247064100110525,0.0,0.0,0.0,0.0
3276,1786799611,870054192,1786799611.870054,7.0612691829778065,-0.11812324714826539,0.7278625590634135,0.0,0.0,0.0,1.0,-0.10549925556415161,-0.03388808080591599,0.0,0.0,0.0,0.0
3277,1786799612,36856234,1786799612.036856,7.043542849982639,-0.12448175185033983,0.7278575894699346,0.0,0.0,0.0,1.0,-0.10492045529294078,-0.035430979976148844,0.0,0.0,0.0,0.0
3278,1786799612,72693877,1786799612.072694,7.039870120377206,-0.12550779063931472,0.7238605389823248,0.0,0.0,0.0,1.0,-0.1003306926836753,-0.031755322808326776,0.0,0.0,0.0,0.0
3279,1786799612,503536331,1786799612.503536,7.002527154631281,-0.13711341840885538,0.7244449562264934,0.0,0.0,0.0,1.0,-0.11575048848299102,-0.03926135947448896,0.0,0.0,0.0,0.0
3280,1786799612,570103094,1786799612.570103,6.996658896829814,-0.14032178300206977,0.7250265479341259,0.0,0.0,0.0,1.0,-0.11564818721290915,-0.04316201069741388,0.0,0.0,0.0,0.0
3281,1786799612,603426705,1786799612.603427,6.9949395005973685,-0.13986629362692327,0.7250265479341259,0.0,0.0,0.0,1.0,-0.11300756772318932,-0.04355961263630181,0.0,0.0,0.0,0.0
3282,1786799613,103492745,1786799613.103493,6.949369620383138,-0.15731925061019703,0.727275362234518,0.0,0.0,0.0,1.0,-0.10176691499618601,-0.04783847661502003,0.0,0.0,0.0,0.0
3283,1786799613,270096003,1786799613.270096,6.933193726664605,-0.1664039853867716,0.7256743798014951,0.0,0.0,0.0,1.0,-0.10649518080091414,-0.05730975104937376,0.0,0.0,0.0,0.0
3284,1786799613,470130810,1786799613.470131,6.915583958035683,-0.17589300316572865,0.7273647597520285,0.0,0.0,0.0,1.0,-0.10744481763662984,-0.060738506741303204,0.0,0.0,0.0,0.0
3285,1786799613,570065297,1786799613.570065,6.904772564795021,-0.18181051151450633,0.7263278762266074,0.0,0.0,0.0,1.0,-0.11049034510193476,-0.06563650924732423,0.0,0.0,0.0,0.0
3286,1786799613,603459706,1786799613.603460,6.901250824196573,-0.18369494359393723,0.7277946195163095,0.0,0.0,0.0,1.0,-0.11026573361836027,-0.06683622405320513,0.0,0.0,0.0,0.0
3287,1786799613,903583389,1786799613.903583,6.8686764202478905,-0.20277042325814354,0.7264901901704842,0.0,0.0,0.0,1.0,-0.1041961409010436,-0.068970866182708,0.0,0.0,0.0,0.0
3288,1786799614,136783883,1786799614.136784,6.843904324434508,-0.2189652228289145,0.7289850925764274,0.0,0.0,0.0,1.0,-0.10396637292899315,-0.07085022425210408,0.0,0.0,0.0,0.0
3289,1786799614,436835153,1786799614.436835,6.813527623146289,-0.23979565565485528,0.7251961316879078,0.0,0.0,0.0,1.0,-0.09934744528659259,-0.07435892188472938,0.0,0.0,0.0,0.0
3290,1786799614,470228933,1786799614.470229,6.808856596447708,-0.24299078982569156,0.7237871629840043,0.0,0.0,0.0,1.0,-0.09831293897605897,-0.07408386942729116,0.0,0.0,0.0,0.0
3291,1786799614,536796034,1786799614.536796,6.803557330690829,-0.24544186692211944,0.7248660505468453,0.0,0.0,0.0,1.0,-0.0997569645701308,-0.07376890980531742,0.0,0.0,0.0,0.0
3292,1786799614,670189316,1786799614.670189,6.790514250180532,-0.2543702557955798,0.7260049931900802,0.0,0.0,0.0,1.0,-0.09913478763376754,-0.07325678723627475,0.0,0.0,0.0,0.0
3293,1786799614,870216907,1786799614.870217,6.769874753510443,-0.26821832189231753,0.7243895816119549,0.0,0.0,0.0,1.0,-0.09899900862506505,-0.07609421151025204,0.0,0.0,0.0,0.0
3294,1786799614,970144824,1786799614.970145,6.76000555749636,-0.2750255357501723,0.7244417939085848,0.0,0.0,0.0,1.0,-0.09599389314900185,-0.07032714023408476,0.0,0.0,0.0,0.0
3295,1786799615,70163764,1786799615.070164,6.750535487116995,-0.28146759121817655,0.7239726983214988,0.0,0.0,0.0,1.0,-0.09098375654140733,-0.06698636813816301,0.0,0.0,0.0,0.0
3296,1786799615,103486994,1786799615.103487,6.746864080060892,-0.28404411022564413,0.7241427908690885,0.0,0.0,0.0,1.0,-0.09104152436428044,-0.06605237967019043,0.0,0.0,0.0,0.0
3297,1786799615,136949689,1786799615.136950,6.744474511968644,-0.28562388936632566,0.7266216633580299,0.0,0.0,0.0,1.0,-0.09050495119788551,-0.06658390752437002,0.0,0.0,0.0,0.0
3298,1786799615,170120099,1786799615.170120,6.7414557283235155,-0.28739609298516267,0.7266216633580299,0.0,0.0,0.0,1.0,-0.0998538782201914,-0.07195559127842788,0.0,0.0,0.0,0.0
3299,1786799615,203510555,1786799615.203511,6.73769947928967,-0.28885985959005,0.7237523273914782,0.0,0.0,0.0,1.0,-0.08155341845157985,-0.058945259835690975,0.0,0.0,0.0,0.0
3300,1786799615,270135832,1786799615.270136,6.731788889994867,-0.2926606754901546,0.7247058847931765,0.0,0.0,0.0,1.0,-0.09358071821841152,-0.06833148674221384,0.0,0.0,0.0,0.0
3301,1786799615,303484948,1786799615.303485,6.727976085097929,-0.29510695366965956,0.7266113515833054,0.0,0.0,0.0,1.0,-0.09403495610520443,-0.07012792063756584,0.0,0.0,0.0,0.0
3302,1786799615,337246495,1786799615.337246,6.724848019296868,-0.29703827935369675,0.7274546843946208,0.0,0.0,0.0,1.0,-0.09154751277777219,-0.06757768217332304,0.0,0.0,0.0,0.0
3303,1786799615,370179395,1786799615.370179,6.72184346299797,-0.29876351062702877,0.7274546843946208,0.0,0.0,0.0,1.0,-0.10507301864124438,-0.07698696570388405,0.0,0.0,0.0,0.0
3304,1786799616,136789534,1786799616.136790,6.58710266258684,-0.4319058756637224,0.7257279144336665,0.0,0.0,0.0,1.0,-0.18885837692091462,-0.1763495316217946,0.0,0.0,0.0,0.0
3305,1786799616,470203728,1786799616.470204,6.600052606017947,-0.41693682140058597,0.7274358360487061,0.0,0.0,0.0,1.0,-0.0915525870046552,-0.07181146180985035,0.0,0.0,0.0,0.0
3306,1786799616,536811163,1786799616.536811,6.590163967414341,-0.424069076895184,0.7252280307427408,0.0,0.0,0.0,1.0,-0.0896370002929066,-0.06790296634298947,0.0,0.0,0.0,0.0
3307,1786799617,3614912,1786799617.003615,6.539799919915524,-0.4576084703814045,0.7248713728024058,0.0,0.0,0.0,1.0,-0.08725917840923637,-0.06516466212845609,0.0,0.0,0.0,0.0
3308,1786799617,303672983,1786799617.303673,6.502582528502504,-0.48229514390743566,0.7269446541663788,0.0,0.0,0.0,1.0,-0.09653655627837522,-0.06847730267647471,0.0,0.0,0.0,0.0
3309,1786799617,336923498,1786799617.336924,6.50058841906203,-0.4834931321769056,0.7269446541663788,0.0,0.0,0.0,1.0,-0.10702396167699188,-0.07616355864156216,0.0,0.0,0.0,0.0
3310,1786799617,370153408,1786799617.370153,6.49679525646831,-0.4846791834198503,0.7269446541663788,0.0,0.0,0.0,1.0,-0.09422594728509213,-0.06728683469075175,0.0,0.0,0.0,0.0
3311,1786799617,436809160,1786799617.436809,6.490477870381376,-0.4886194850664336,0.7267602651865347,0.0,0.0,0.0,1.0,-0.09732743757910572,-0.06751909052043402,0.0,0.0,0.0,0.0
3312,1786799617,470211551,1786799617.470212,6.484366775089278,-0.4914697470812661,0.7267602651865347,0.0,0.0,0.0,1.0,-0.0959479600305239,-0.06481766887086325,0.0,0.0,0.0,0.0
3313,1786799617,603550941,1786799617.603551,6.471912375350609,-0.49941246176057774,0.7272420670074689,0.0,0.0,0.0,1.0,-0.09297419978938619,-0.061763203993666166,0.0,0.0,0.0,0.0
3314,1786799617,636837230,1786799617.636837,6.468858000286225,-0.5012233957221932,0.7232877615425982,0.0,0.0,0.0,1.0,-0.09360530092342904,-0.06492223288679029,0.0,0.0,0.0,0.0
3315,1786799618,103554502,1786799618.103554,6.407717193858915,-0.5362009773870706,0.7258551770874185,0.0,0.0,0.0,1.0,-0.0998227350018375,-0.06756130280689866,0.0,0.0,0.0,0.0
3316,1786799618,236955879,1786799618.236956,6.39017729148312,-0.5460746163509567,0.7235726791661201,0.0,0.0,0.0,1.0,-0.100973372066255,-0.06709700884795634,0.0,0.0,0.0,0.0
3317,1786799618,336844171,1786799618.336844,6.377997647378951,-0.5527088675901466,0.7266345118805654,0.0,0.0,0.0,1.0,-0.10101782957952829,-0.06724665137096755,0.0,0.0,0.0,0.0
3318,1786799618,603555547,1786799618.603555,6.3490358268904465,-0.5720424797037948,0.7238357756879977,0.0,0.0,0.0,1.0,-0.10567856358463296,-0.06616804170976408,0.0,0.0,0.0,0.0
3319,1786799618,903656077,1786799618.903656,6.310895836309175,-0.5935606651222414,0.7258105901276469,0.0,0.0,0.0,1.0,-0.1042625546763465,-0.06661835599272388,0.0,0.0,0.0,0.0
3320,1786799619,36862524,1786799619.036863,6.296186318059963,-0.6018816964676741,0.7272564639898074,0.0,0.0,0.0,1.0,-0.0992274140698449,-0.061922824140465835,0.0,0.0,0.0,0.0
3321,1786799619,903556563,1786799619.903557,6.200124921300066,-0.6534111991025517,0.730699299556258,0.0,0.0,0.0,1.0,-0.10254753731976611,-0.05580605703714993,0.0,0.0,0.0,0.0
3322,1786799620,70317575,1786799620.070318,6.183898880200143,-0.6638349742766216,0.7288383229520203,0.0,0.0,0.0,1.0,-0.08786396806492759,-0.05133973789497631,0.0,0.0,0.0,0.0
3323,1786799620,403606884,1786799620.403607,6.146783759617858,-0.6845078457493732,0.7287335999588385,0.0,0.0,0.0,1.0,-0.10496157604680659,-0.058393218546713324,0.0,0.0,0.0,0.0
3324,1786799620,570326159,1786799620.570326,6.128709456650615,-0.6948711104700951,0.7246836673485533,0.0,0.0,0.0,1.0,-0.11223793289354772,-0.06293403322610087,0.0,0.0,0.0,0.0
3325,1786799620,636926352,1786799620.636926,6.116837708048408,-0.7125469047943249,0.726012931689945,0.0,0.0,0.0,1.0,-0.11151682226163652,-0.06575857404055391,0.0,0.0,0.0,0.0
3326,1786799621,70306292,1786799621.070306,6.033096459963538,-0.7562474598948932,0.7262565377266633,0.0,0.0,0.0,1.0,-0.11477298356327813,-0.06678230041850647,0.0,0.0,0.0,0.0
3327,1786799621,270268728,1786799621.270269,6.0109034584554095,-0.7685756114005216,0.7268571199186888,0.0,0.0,0.0,1.0,-0.10855289573109618,-0.06356420483186104,0.0,0.0,0.0,0.0
3328,1786799621,336970546,1786799621.336971,6.007359345742444,-0.7749898073887791,0.726230827371235,0.0,0.0,0.0,1.0,-0.10560586592622438,-0.06216275646734225,0.0,0.0,0.0,0.0
3329,1786799621,537000602,1786799621.537001,5.988891555590598,-0.7879526634861433,0.7255701039616337,0.0,0.0,0.0,1.0,-0.10650216033501,-0.06233332109798832,0.0,0.0,0.0,0.0
3330,1786799621,603620540,1786799621.603621,5.981206012367121,-0.7919272239342066,0.7225382334538919,0.0,0.0,0.0,1.0,-0.10955992139160839,-0.0622855822763727,0.0,0.0,0.0,0.0
3331,1786799621,636925313,1786799621.636925,5.978045722935693,-0.7939590525296403,0.7256118612721237,0.0,0.0,0.0,1.0,-0.1105539056986801,-0.06333175143250722,0.0,0.0,0.0,0.0
3332,1786799621,970378031,1786799621.970378,5.940231086424266,-0.8158065252653885,0.7230936510690135,0.0,0.0,0.0,1.0,-0.11329716756844935,-0.06508040712168249,0.0,0.0,0.0,0.0
3333,1786799622,3728851,1786799622.003729,5.937181682270015,-0.817631972310604,0.7233795103964403,0.0,0.0,0.0,1.0,-0.10404668473470396,-0.06087619009947362,0.0,0.0,0.0,0.0
3334,1786799622,670419834,1786799622.670420,5.8548783290375574,-0.8680904265154494,0.7286774676086216,0.0,0.0,0.0,1.0,-0.11869193261401552,-0.06550733832864997,0.0,0.0,0.0,0.0
3335,1786799622,770328828,1786799622.770329,5.843904900823418,-0.8738336627760279,0.7263601948500584,0.0,0.0,0.0,1.0,-0.1090610068227531,-0.062377400854340334,0.0,0.0,0.0,0.0
3336,1786799622,803800271,1786799622.803800,5.83923551554258,-0.875996811214141,0.7274503705241255,0.0,0.0,0.0,1.0,-0.10996496177578312,-0.060578549435286295,0.0,0.0,0.0,0.0
3337,1786799622,903609960,1786799622.903610,5.827797717718372,-0.8818046728162359,0.7291719743204844,0.0,0.0,0.0,1.0,-0.10996497027410033,-0.06378497351107056,0.0,0.0,0.0,0.0
3338,1786799623,3626648,1786799623.003627,5.8173537329455876,-0.9006977874295485,0.7282284034839536,0.0,0.0,0.0,1.0,-0.11577244477553077,-0.06426183351058551,0.0,0.0,0.0,0.0
3339,1786799623,270328264,1786799623.270328,5.777379248271117,-0.9355813374925541,0.726422158932447,0.0,0.0,0.0,1.0,-0.11145962966185619,-0.06406640071021347,0.0,0.0,0.0,0.0
3340,1786799623,870382262,1786799623.870382,5.701315330764864,-0.9827929150754497,0.7265332417441104,0.0,0.0,0.0,1.0,-0.11676958430189051,-0.0717774024703878,0.0,0.0,0.0,0.0
3341,1786799624,3680480,1786799624.003680,5.687037741734482,-0.9899834325766992,0.7245794537637367,0.0,0.0,0.0,1.0,-0.10812928874072965,-0.06338946395145495,0.0,0.0,0.0,0.0
3342,1786799624,70311714,1786799624.070312,5.680099501227293,-0.991753995364347,0.7249110627977322,0.0,0.0,0.0,1.0,-0.11566680612176408,-0.06891146746991773,0.0,0.0,0.0,0.0
3343,1786799624,170330804,1786799624.170331,5.66877664270698,-0.9786481958309836,0.7262554710976469,0.0,0.0,0.0,1.0,-0.10828798719324889,-0.06327368554803706,0.0,0.0,0.0,0.0
3344,1786799624,270336939,1786799624.270337,5.6575175213526485,-0.9817428635035101,0.7239953618812291,0.0,0.0,0.0,1.0,-0.11286702653027735,-0.06566967492846112,0.0,0.0,0.0,0.0
3345,1786799624,403685607,1786799624.403686,5.639460341907164,-0.9875331975515065,0.7242051776137732,0.0,0.0,0.0,1.0,-0.11462269437425457,-0.06635416219273418,0.0,0.0,0.0,0.0
3346,1786799624,536974671,1786799624.536975,5.624820087458982,-0.9933637352213489,0.7252692308249848,0.0,0.0,0.0,1.0,-0.11262495029686181,-0.06667039319255233,0.0,0.0,0.0,0.0
3347,1786799624,970345554,1786799624.970345,5.577101006531862,-1.0082796768295024,0.7275208122817903,0.0,0.0,0.0,1.0,-0.11036502551415614,-0.06245299357433966,0.0,0.0,0.0,0.0
3348,1786799625,370369330,1786799625.370369,5.5351430197933915,-1.028918616258943,0.7275734483663499,0.0,0.0,0.0,1.0,-0.10485264688610763,-0.06634639162915067,0.0,0.0,0.0,0.0
3349,1786799625,503749870,1786799625.503750,5.520810221256305,-1.037301219204957,0.7314298755448075,0.0,0.0,0.0,1.0,-0.10350311692507598,-0.06887667072478805,0.0,0.0,0.0,0.0
3350,1786799625,970454871,1786799625.970455,5.4829226808845775,-1.0559150630555325,0.7272447556616971,0.0,0.0,0.0,1.0,-0.09246971916059787,-0.03900476495159626,0.0,0.0,0.0,0.0
3351,1786799626,3675562,1786799626.003675,5.479656716275834,-1.0578123530584147,0.7256195290526338,0.0,0.0,0.0,1.0,-0.10370056275914015,-0.07425680476621485,0.0,0.0,0.0,0.0
3352,1786799626,70376351,1786799626.070376,5.472385719219723,-1.063028729216298,0.7259387113142386,0.0,0.0,0.0,1.0,-0.1142986569597756,-0.08214224201758898,0.0,0.0,0.0,0.0
3353,1786799626,236986212,1786799626.236986,5.452889739076319,-1.0943936380590316,0.7257940897866703,0.0,0.0,0.0,1.0,-0.11335336490627079,-0.06571226361349833,0.0,0.0,0.0,0.0
3354,1786799626,337005886,1786799626.337006,5.441342674753759,-1.0976919632930486,0.7253639955058856,0.0,0.0,0.0,1.0,-0.12255751673778491,-0.06816115389550345,0.0,0.0,0.0,0.0
3355,1786799626,370424285,1786799626.370424,5.437504891629949,-1.0984924875927264,0.7253639955058856,0.0,0.0,0.0,1.0,-0.113182478496409,-0.058131758744571826,0.0,0.0,0.0,0.0
3356,1786799626,537151560,1786799626.537152,5.413697012483464,-1.0984753573388333,0.7240074322546503,0.0,0.0,0.0,1.0,-0.1167238991690428,-0.06416766300798912,0.0,0.0,0.0,0.0
3357,1786799626,670388123,1786799626.670388,5.378222908075962,-1.0872341320795553,0.7225903946734533,0.0,0.0,0.0,1.0,-0.11879892326483817,-0.059012639000502444,0.0,0.0,0.0,0.0
3358,1786799627,3812388,1786799627.003812,5.343251413052574,-1.1002733209941895,0.7240946971586867,0.0,0.0,0.0,1.0,-0.09990339352081204,-0.042292100542521506,0.0,0.0,0.0,0.0
3359,1786799627,170539114,1786799627.170539,5.324227289233757,-1.1053396292240034,0.7254811380999331,0.0,0.0,0.0,1.0,-0.13020980286116915,-0.03337559894349874,0.0,0.0,0.0,0.0
3360,1786799627,403779891,1786799627.403780,5.293176954269963,-1.1133360273849093,0.723301388682777,0.0,0.0,0.0,1.0,-0.13493414747568896,-0.03129194858131004,0.0,0.0,0.0,0.0
3361,1786799627,437056841,1786799627.437057,5.288301936037435,-1.11514275398476,0.7240330151977724,0.0,0.0,0.0,1.0,-0.13683806141509683,-0.029504845618822616,0.0,0.0,0.0,0.0
3362,1786799627,903738842,1786799627.903739,5.193550019724579,-1.065492463814587,0.7256431368129306,0.0,0.0,0.0,1.0,-0.12111567786279406,-0.030918683628326924,0.0,0.0,0.0,0.0
3363,1786799628,137055038,1786799628.137055,5.164065436660138,-1.0715911053170393,0.7256832037193083,0.0,0.0,0.0,1.0,-0.13161960594864852,-0.021365927051105817,0.0,0.0,0.0,0.0
3364,1786799628,170458358,1786799628.170458,5.159530161335731,-1.0727759298218467,0.7256832037193083,0.0,0.0,0.0,1.0,-0.14733347926673762,-0.023700862346506864,0.0,0.0,0.0,0.0
3365,1786799628,670486778,1786799628.670487,5.133672471418066,-1.101711166857548,0.7242074576367933,0.0,0.0,0.0,1.0,-0.12363320203325157,-0.024382757166514085,0.0,0.0,0.0,0.0
3366,1786799628,703756266,1786799628.703756,5.130858568903957,-1.1012482842719167,0.7242231343340926,0.0,0.0,0.0,1.0,-0.11800397940992201,-0.024129911448534345,0.0,0.0,0.0,0.0
3367,1786799628,770364242,1786799628.770364,5.1249862378709885,-1.1020221696632704,0.7248595950387074,0.0,0.0,0.0,1.0,-0.1120946413831261,-0.02325602669189613,0.0,0.0,0.0,0.0
3368,1786799628,903773113,1786799628.903773,5.109119694738872,-1.1051453293249751,0.7271781272519989,0.0,0.0,0.0,1.0,-0.11486751631396692,-0.025194561972301792,0.0,0.0,0.0,0.0
3369,1786799629,370460723,1786799629.370461,5.078628471369946,-1.1304197737582784,0.7290835921621461,0.0,0.0,0.0,1.0,-0.09561392947220498,-0.022538942245148408,0.0,0.0,0.0,0.0
3370,1786799629,503759351,1786799629.503759,5.061181320517456,-1.1343260075653459,0.7261327499536585,0.0,0.0,0.0,1.0,-0.11195725381806891,-0.02664636318112191,0.0,0.0,0.0,0.0
3371,1786799630,570497497,1786799630.570498,4.980535791396779,-1.0574437290855907,0.7269894833864659,0.0,0.0,0.0,1.0,-0.08472553813803496,0.0661183747659093,0.0,0.0,0.0,0.0
3372,1786799631,170511146,1786799631.170511,4.874287139650704,-1.1067627666785156,0.7266004918914928,0.0,0.0,0.0,1.0,-0.1328376686110753,-0.03971710267111268,0.0,0.0,0.0,0.0
3373,1786799631,770569215,1786799631.770569,4.932153638076297,-1.044613098501085,0.7237139501236425,0.0,0.0,0.0,1.0,-0.09675411395285083,-0.03369336112416724,0.0,0.0,0.0,0.0
3374,1786799631,870444983,1786799631.870445,4.9477009190918615,-1.0385744991540353,0.725816193159259,0.0,0.0,0.0,1.0,-0.11478802144223602,-0.03649073559346646,0.0,0.0,0.0,0.0
3375,1786799631,937144729,1786799631.937145,4.939488505537913,-1.0407251602349903,0.7264561684186751,0.0,0.0,0.0,1.0,-0.12900141920364253,-0.04121892500955016,0.0,0.0,0.0,0.0
3376,1786799632,3805692,1786799632.003806,4.931064486106017,-1.0428443599816728,0.7273223471627629,0.0,0.0,0.0,1.0,-0.12092894276078117,-0.03756947752204261,0.0,0.0,0.0,0.0
3377,1786799632,537146976,1786799632.537147,4.925345954724193,-0.9851360114984986,0.7268947314995811,0.0,0.0,0.0,1.0,-0.11740280245927098,-0.03834720645361195,0.0,0.0,0.0,0.0
3378,1786799632,670599259,1786799632.670599,4.909788495217541,-0.989798294665615,0.7253895437542186,0.0,0.0,0.0,1.0,-0.11598145066884868,-0.035678536999953464,0.0,0.0,0.0,0.0
3379,1786799632,737134428,1786799632.737134,4.902650796656975,-0.9924626426224021,0.7261183016314359,0.0,0.0,0.0,1.0,-0.10965754464259264,-0.035083175928461705,0.0,0.0,0.0,0.0
3380,1786799633,170583421,1786799633.170583,4.854357307059555,-1.0083544558122712,0.7249237098790325,0.0,0.0,0.0,1.0,-0.11307081462547515,-0.03799617965788171,0.0,0.0,0.0,0.0
3381,1786799633,370557807,1786799633.370558,4.830502798192306,-1.016231015256158,0.7259583332548459,0.0,0.0,0.0,1.0,-0.12098889280430312,-0.03844730202935727,0.0,0.0,0.0,0.0
3382,1786799633,570506054,1786799633.570506,4.806398558274477,-1.0240216810152205,0.7273680072554791,0.0,0.0,0.0,1.0,-0.12142313255072998,-0.03845636714467301,0.0,0.0,0.0,0.0
3383,1786799633,737182400,1786799633.737182,4.786032878397275,-1.0307189346792611,0.7254802792360343,0.0,0.0,0.0,1.0,-0.12289964196438247,-0.04057612609974768,0.0,0.0,0.0,0.0
3384,1786799633,970652604,1786799633.970653,4.759131455777812,-1.0399091378394762,0.7265053517464937,0.0,0.0,0.0,1.0,-0.10876911108168512,-0.03822043370006148,0.0,0.0,0.0,0.0
3385,1786799634,37173288,1786799634.037173,4.751993147094183,-1.0422068162239881,0.7269117063359479,0.0,0.0,0.0,1.0,-0.10698695299998906,-0.03775001541833537,0.0,0.0,0.0,0.0
3386,1786799634,670696014,1786799634.670696,4.685315315605646,-1.065644119843614,0.7270418258336113,0.0,0.0,0.0,1.0,-0.10372871255045957,-0.0355659221230582,0.0,0.0,0.0,0.0
3387,1786799634,703868291,1786799634.703868,4.681335740067873,-1.0675767117004524,0.7277365498474552,0.0,0.0,0.0,1.0,-0.1085067432346458,-0.03924187136254361,0.0,0.0,0.0,0.0
3388,1786799634,903887404,1786799634.903888,4.661549526045153,-1.0750307921551143,0.7266774433586236,0.0,0.0,0.0,1.0,-0.09014039675819045,-0.03228671442004542,0.0,0.0,0.0,0.0
3389,1786799634,970600342,1786799634.970600,4.6558431003080685,-1.0770778008921966,0.7263289083418271,0.0,0.0,0.0,1.0,-0.08093532778444011,-0.029081577914675156,0.0,0.0,0.0,0.0
3390,1786799635,137214314,1786799635.137214,4.6388343974739925,-1.0826080036384418,0.7276297588843386,0.0,0.0,0.0,1.0,-0.11304992143469925,-0.03341135030596054,0.0,0.0,0.0,0.0
3391,1786799635,604007926,1786799635.604008,4.584749777340999,-1.0995318756511128,0.7248305231070422,0.0,0.0,0.0,1.0,-0.1184165104706112,-0.03930242953111088,0.0,0.0,0.0,0.0
3392,1786799636,103994910,1786799636.103995,4.522493915164258,-1.1195526145817802,0.7256886740821986,0.0,0.0,0.0,1.0,-0.11806778975846659,-0.03672718159700407,0.0,0.0,0.0,0.0
3393,1786799636,170617528,1786799636.170618,4.517316328702574,-1.1210902526655016,0.7256886740821986,0.0,0.0,0.0,1.0,-0.1218682755206932,-0.037410193803749575,0.0,0.0,0.0,0.0
3394,1786799636,270576537,1786799636.270576,4.505431106160046,-1.124850843955132,0.7238519691100748,0.0,0.0,0.0,1.0,-0.11856817512302814,-0.03779206748438884,0.0,0.0,0.0,0.0
3395,1786799636,437670911,1786799636.437671,4.486075293158663,-1.1309416498418274,0.7259611792575156,0.0,0.0,0.0,1.0,-0.11386469352369845,-0.03519349987340403,0.0,0.0,0.0,0.0
3396,1786799636,470747609,1786799636.470748,4.481768352447716,-1.1323820335704995,0.7259611792575156,0.0,0.0,0.0,1.0,-0.12381925949246494,-0.03975714495619177,0.0,0.0,0.0,0.0
3397,1786799636,670663471,1786799636.670663,4.457484760351058,-1.1401670581774055,0.7241589497316034,0.0,0.0,0.0,1.0,-0.11935174480730235,-0.03745092804458153,0.0,0.0,0.0,0.0
3398,1786799636,703889972,1786799636.703890,4.452436098140659,-1.1417444550104379,0.7268415852699716,0.0,0.0,0.0,1.0,-0.13745699795725339,-0.0410334058893584,0.0,0.0,0.0,0.0
3399,1786799636,737256895,1786799636.737257,4.448945601999771,-1.1428339978845574,0.7265628898514009,0.0,0.0,0.0,1.0,-0.11992162481118891,-0.0371521751343425,0.0,0.0,0.0,0.0
3400,1786799636,770584401,1786799636.770584,4.444686685952448,-1.1441623990238365,0.7265628898514009,0.0,0.0,0.0,1.0,-0.1363762322103385,-0.04043058635431467,0.0,0.0,0.0,0.0
3401,1786799637,137324787,1786799637.137325,4.399496715027148,-1.1574097017258373,0.7257933197219523,0.0,0.0,0.0,1.0,-0.12113566115514873,-0.035165472685330795,0.0,0.0,0.0,0.0
3402,1786799637,770668787,1786799637.770669,4.321334599886066,-1.1798156418449246,0.7249839710397898,0.0,0.0,0.0,1.0,-0.12558223888859393,-0.03505378500920119,0.0,0.0,0.0,0.0
3403,1786799637,803881065,1786799637.803881,4.315927977577326,-1.181284966569667,0.7258917795202046,0.0,0.0,0.0,1.0,-0.13373023002567874,-0.037169799543710746,0.0,0.0,0.0,0.0
3404,1786799637,903932022,1786799637.903932,4.3025047428377,-1.1851176279440148,0.7272016894807372,0.0,0.0,0.0,1.0,-0.11931737819493846,-0.03393331205886769,0.0,0.0,0.0,0.0
3405,1786799637,937299946,1786799637.937300,4.29920479844294,-1.1861068179153165,0.7260168962572837,0.0,0.0,0.0,1.0,-0.123861784767373,-0.03740789462738973,0.0,0.0,0.0,0.0
3406,1786799638,3931764,1786799638.003932,4.29114993672767,-1.1884936870988825,0.7256486735786566,0.0,0.0,0.0,1.0,-0.11807778062677644,-0.033693705781289336,0.0,0.0,0.0,0.0
3407,1786799638,603986766,1786799638.603987,4.220682847597637,-1.2084627861679635,0.7266575862219059,0.0,0.0,0.0,1.0,-0.11738187503765765,-0.03286707553133021,0.0,0.0,0.0,0.0
3408,1786799638,870757723,1786799638.870758,4.191638027950658,-1.216836577710168,0.7279771646568509,0.0,0.0,0.0,1.0,-0.10623870448305252,-0.03089121247178287,0.0,0.0,0.0,0.0
3409,1786799639,4013669,1786799639.004014,4.175024514081928,-1.2214907449258425,0.7253315829334263,0.0,0.0,0.0,1.0,-0.13129239012053115,-0.036562246047202915,0.0,0.0,0.0,0.0
3410,1786799639,304076214,1786799639.304076,4.135979044916892,-1.2326102541421116,0.7244215174456908,0.0,0.0,0.0,1.0,-0.12453476803513516,-0.03556085960845548,0.0,0.0,0.0,0.0
3411,1786799639,637415342,1786799639.637415,4.094681107350491,-1.2450032670180207,0.7275735734560724,0.0,0.0,0.0,1.0,-0.12639105031939782,-0.03781317139659137,0.0,0.0,0.0,0.0
3412,1786799639,870721704,1786799639.870722,4.065670548980419,-1.253604242969031,0.7270957585789736,0.0,0.0,0.0,1.0,-0.12347118987069598,-0.03527726233710503,0.0,0.0,0.0,0.0
3413,1786799640,70678685,1786799640.070679,4.041805128589296,-1.2603102465439526,0.7267837391126618,0.0,0.0,0.0,1.0,-0.1162170437340738,-0.0318550055681146,0.0,0.0,0.0,0.0
3414,1786799640,137305905,1786799640.137306,4.033906580097273,-1.2625989986338846,0.7256415476187217,0.0,0.0,0.0,1.0,-0.11943516101976603,-0.03445594163944153,0.0,0.0,0.0,0.0
3415,1786799640,170646752,1786799640.170647,4.029856100016499,-1.2637961201039052,0.7256415476187217,0.0,0.0,0.0,1.0,-0.1209349127091898,-0.03535180059577078,0.0,0.0,0.0,0.0
3416,1786799640,903943964,1786799640.903944,3.9454028405379855,-1.2873516826030644,0.7247434321378303,0.0,0.0,0.0,1.0,-0.10955232691514726,-0.02814110629505719,0.0,0.0,0.0,0.0
3417,1786799641,70726490,1786799641.070726,3.9308105069007926,-1.2917006658029075,0.7264543507907222,0.0,0.0,0.0,1.0,-0.08487593952133694,-0.02503373668984186,0.0,0.0,0.0,0.0
3418,1786799641,137321916,1786799641.137322,3.925140471548122,-1.2935367167921235,0.7245441485157217,0.0,0.0,0.0,1.0,-0.0860188032552067,-0.02796409035797875,0.0,0.0,0.0,0.0
3419,1786799641,537422661,1786799641.537423,3.8843870297288756,-1.3059884971194795,0.7264860589101335,0.0,0.0,0.0,1.0,-0.1115140384141958,-0.03234129572705783,0.0,0.0,0.0,0.0
3420,1786799641,570801964,1786799641.570802,3.880149075752339,-1.307401126726236,0.7264860589101335,0.0,0.0,0.0,1.0,-0.11483840253125085,-0.03511184593949013,0.0,0.0,0.0,0.0
3421,1786799642,104005647,1786799642.104006,3.8164027617297265,-1.3263658841497357,0.7298851788464266,0.0,0.0,0.0,1.0,-0.12132865886337353,-0.03497794802728294,0.0,0.0,0.0,0.0
3422,1786799642,404069599,1786799642.404070,3.7815551994765997,-1.3366925555085905,0.728445341763983,0.0,0.0,0.0,1.0,-0.11705794273858225,-0.03559745405991866,0.0,0.0,0.0,0.0
3423,1786799642,504031550,1786799642.504032,3.76917965436777,-1.3404283192685247,0.7280356256961507,0.0,0.0,0.0,1.0,-0.11647593249590237,-0.03548577749374114,0.0,0.0,0.0,0.0
3424,1786799642,537433557,1786799642.537434,3.7659407841327894,-1.341360538853778,0.7281074991798481,0.0,0.0,0.0,1.0,-0.11765614700836464,-0.03456803307704736,0.0,0.0,0.0,0.0
3425,1786799642,570698642,1786799642.570699,3.7616321897386165,-1.3426162440789633,0.7281074991798481,0.0,0.0,0.0,1.0,-0.12786432485779264,-0.037627257327953814,0.0,0.0,0.0,0.0
3426,1786799642,870764419,1786799642.870764,3.7246715512294237,-1.353661049550277,0.7255574604385958,0.0,0.0,0.0,1.0,-0.11853252907890219,-0.03609238006521709,0.0,0.0,0.0,0.0
3427,1786799642,937431479,1786799642.937432,3.716677272159478,-1.356059127973906,0.7257877656100739,0.0,0.0,0.0,1.0,-0.12152136133922739,-0.03507937883496383,0.0,0.0,0.0,0.0
3428,1786799643,37388147,1786799643.037388,3.7040855530699837,-1.359612260183289,0.7261212100625294,0.0,0.0,0.0,1.0,-0.12655838263992103,-0.03561146172355298,0.0,0.0,0.0,0.0
3429,1786799643,70702965,1786799643.070703,3.7000098802788752,-1.3608268004003743,0.7261212100625294,0.0,0.0,0.0,1.0,-0.12386929521176872,-0.03662598634022771,0.0,0.0,0.0,0.0
3430,1786799643,104058693,1786799643.104059,3.6950644343661505,-1.362289628444905,0.725654767754913,0.0,0.0,0.0,1.0,-0.12310420397095531,-0.03687261664167036,0.0,0.0,0.0,0.0
3431,1786799643,370903711,1786799643.370904,3.662294879858269,-1.3722752951610482,0.72363063100126,0.0,0.0,0.0,1.0,-0.12847687800454277,-0.03980223793861569,0.0,0.0,0.0,0.0
3432,1786799643,470690886,1786799643.470691,3.6502118713192537,-1.3760206346380177,0.7241988895865812,0.0,0.0,0.0,1.0,-0.11885977848091762,-0.03675365341491808,0.0,0.0,0.0,0.0
3433,1786799643,504042722,1786799643.504043,3.645881317884026,-1.3774205962775716,0.725945936364931,0.0,0.0,0.0,1.0,-0.10906255495034096,-0.036069108209598126,0.0,0.0,0.0,0.0
3434,1786799643,537396582,1786799643.537397,3.6427736486796167,-1.3784958757403942,0.7236311642606081,0.0,0.0,0.0,1.0,-0.10824259280386603,-0.03731459215209188,0.0,0.0,0.0,0.0
3435,1786799643,604024743,1786799643.604025,3.635761383185537,-1.3808665772327462,0.7242090490893839,0.0,0.0,0.0,1.0,-0.10238628827628675,-0.033383626192777724,0.0,0.0,0.0,0.0
3436,1786799643,637413482,1786799643.637414,3.6323161670791198,-1.382013658693403,0.7241611866822498,0.0,0.0,0.0,1.0,-0.09955157836369444,-0.032192398163424216,0.0,0.0,0.0,0.0
3437,1786799643,804057822,1786799643.804058,3.6163474970993406,-1.3872692250721634,0.7222080341137537,0.0,0.0,0.0,1.0,-0.09314247131616402,-0.030827401915821236,0.0,0.0,0.0,0.0
3438,1786799644,70742056,1786799644.070742,3.594831283084103,-1.3935228236393362,0.7247694538800463,0.0,0.0,0.0,1.0,-0.07912475121940962,-0.02196949031162196,0.0,0.0,0.0,0.0
3439,1786799644,104038901,1786799644.104039,3.5927884496320566,-1.3942740993481548,0.7239673794405298,0.0,0.0,0.0,1.0,-0.06977401292190191,-0.02098065842226021,0.0,0.0,0.0,0.0
3440,1786799644,937371954,1786799644.937372,3.1187605178486937,-1.4984708197835306,0.7253448607501694,0.0,0.0,0.0,1.0,-0.04416358316276203,-0.013858789535002691,0.0,0.0,0.0,0.0
3441,1786799645,270781153,1786799645.270781,2.957262099450462,-1.6272621530386036,0.7277502168115226,0.0,0.0,0.0,1.0,-0.015887741060197524,-0.00477266599770193,0.0,0.0,0.0,0.0
3442,1786799645,337533859,1786799645.337534,2.9565303449017026,-1.6266511258441443,0.7243755000031334,0.0,0.0,0.0,1.0,-0.01148228103096458,-0.005201683308340893,0.0,0.0,0.0,0.0
3443,1786799645,570737311,1786799645.570737,2.9457920060820175,-1.6313261248428745,0.7292156855601771,0.0,0.0,0.0,1.0,-0.009410498974371932,-0.003086245018860493,0.0,0.0,0.0,0.0
