idx,sec,nanosec,t,x,y,z,qx,qy,qz,qw,vx,vy,vz,wx,wy,wz
0,1786799103,543296418,1786799103.543296,-11.599993079158507,-2.0000178784711395,0.08203831539683584,0.0,0.0,0.0,1.0,3.36640340297881e-06,1.6363005696613136e-05,0.0,0.0,0.0,0.0
1,1786799103,843312719,1786799103.843313,-11.599906004536377,-1.9999823028542616,0.08103864134188399,0.0,0.0,0.0,1.0,-0.001613609240426809,0.001486908301595381,0.0,0.0,0.0,0.0
2,1786799104,109929200,1786799104.109929,-11.611164695149364,-2.0104844254049032,0.08084784946691068,0.0,0.0,0.0,1.0,-0.0030525675216410866,0.001181957644175668,0.0,0.0,0.0,0.0
3,1786799104,843256240,1786799104.843256,-11.606813634935907,-2.006520470675749,0.08449757566558033,0.0,0.0,0.0,1.0,0.002998537863045672,0.0019558158519217108,0.0,0.0,0.0,0.0
4,1786799105,310038149,1786799105.310038,-11.606552643870437,-2.0092601203059983,0.08607786278139883,0.0,0.0,0.0,1.0,0.003483504896416055,-0.0019095306356014343,0.0,0.0,0.0,0.0
5,1786799105,576654338,1786799105.576654,-11.60491566377679,-2.009897289178676,0.08415130097757756,0.0,0.0,0.0,1.0,8.897773601682481e-05,-0.00028438334086805604,0.0,0.0,0.0,0.0
6,1786799105,909981262,1786799105.909981,-11.601872532726782,-2.007638945963312,0.08272312024488175,0.0,0.0,0.0,1.0,-0.00047642931538340743,0.002804413002197848,0.0,0.0,0.0,0.0
7,1786799106,176684487,1786799106.176684,-11.601226193696293,-2.0070361601834144,0.08035574044311265,0.0,0.0,0.0,1.0,-0.0014931131146322856,0.004395724527309715,0.0,0.0,0.0,0.0
8,1786799106,643309070,1786799106.643309,-11.599889537147861,-2.0030731456463604,0.08139605653324461,0.0,0.0,0.0,1.0,-0.0011515368051694113,0.00378676709245816,0.0,0.0,0.0,0.0
9,1786799106,943348901,1786799106.943349,-11.598548746188326,-2.00409997411526,0.08250118331957405,0.0,0.0,0.0,1.0,-0.001377631374843866,-0.000821995801117607,0.0,0.0,0.0,0.0
10,1786799107,443349927,1786799107.443350,-11.595861045315015,-2.004596444548436,0.0849206688206101,0.0,0.0,0.0,1.0,-0.001402435969372959,-0.0055163718689415445,0.0,0.0,0.0,0.0
11,1786799107,943367278,1786799107.943367,-11.595707200972157,-2.005372974628488,0.08431817652046754,0.0,0.0,0.0,1.0,0.0008553333921123499,-0.0008756184711608984,0.0,0.0,0.0,0.0
12,1786799108,210078826,1786799108.210079,-11.593598866940402,-2.0046175090840563,0.08424246660797334,0.0,0.0,0.0,1.0,0.001088291800521226,0.0002404604285369035,0.0,0.0,0.0,0.0
13,1786799108,410102117,1786799108.410102,-11.58869540555069,-2.0033654858298746,0.08415093901140043,0.0,0.0,0.0,1.0,0.003176517118252216,-0.0009543733445328902,0.0,0.0,0.0,0.0
14,1786799108,843393253,1786799108.843393,-11.582938749022818,-2.003910757120384,0.08514873914552556,0.0,0.0,0.0,1.0,0.0018919017848649782,-0.0036700875366289833,0.0,0.0,0.0,0.0
15,1786799109,210005282,1786799109.210005,-11.575492237451613,-2.0027695464089117,0.08315808913440279,0.0,0.0,0.0,1.0,0.002513028094845773,-0.005039688649597468,0.0,0.0,0.0,0.0
16,1786799109,476781814,1786799109.476782,-11.575512934021571,-2.0031295799981925,0.08182367613098532,0.0,0.0,0.0,1.0,0.0015644485614009214,-0.0017138497919248594,0.0,0.0,0.0,0.0
17,1786799109,843410399,1786799109.843410,-11.574420415522997,-2.0050196326448155,0.07998748931830418,0.0,0.0,0.0,1.0,0.00460384663245737,-0.0008297751885285106,0.0,0.0,0.0,0.0
18,1786799110,243584723,1786799110.243585,-11.573073641519963,-2.004798330428645,0.08133696371182725,0.0,0.0,0.0,1.0,0.005854115084448935,-0.003678928861420098,0.0,0.0,0.0,0.0
19,1786799110,510099683,1786799110.510100,-11.572344351948026,-2.0042504914936115,0.08245881647864661,0.0,0.0,0.0,1.0,0.002250576282917096,-0.0033908635239545647,0.0,0.0,0.0,0.0
20,1786799110,976824166,1786799110.976824,-11.573634098348473,-2.0052500251154055,0.08191905117537762,0.0,0.0,0.0,1.0,-0.0007575553215049468,-0.002145376736500705,0.0,0.0,0.0,0.0
21,1786799111,243434597,1786799111.243435,-11.571798403205875,-2.0045392645865787,0.08386669670860698,0.0,0.0,0.0,1.0,-0.004115102705434236,-0.00041948632735342144,0.0,0.0,0.0,0.0
22,1786799111,876791250,1786799111.876791,-11.571798403205875,-2.0045392645865787,0.08386669670860698,0.0,0.0,0.0,1.0,-0.004115102705434236,-0.00041948632735342144,0.0,0.0,0.0,0.0
23,1786799112,343436299,1786799112.343436,-11.571108672472516,-2.0043936009436205,0.0849864752928973,0.0,0.0,0.0,1.0,-0.003260027251881609,-0.0003589896460445903,0.0,0.0,0.0,0.0
24,1786799112,543552256,1786799112.543552,-11.571423329317053,-2.002201995408137,0.08288653451660777,0.0,0.0,0.0,1.0,-0.0019238495977179416,0.0018602095152857932,0.0,0.0,0.0,0.0
25,1786799112,876752952,1786799112.876753,-11.568889604028852,-2.0025175767919,0.08288288689634259,0.0,0.0,0.0,1.0,-0.0022822023485621957,0.0012066671571243723,0.0,0.0,0.0,0.0
26,1786799113,76783744,1786799113.076784,-11.562774695635362,-2.0014683697974505,0.08224714975802952,0.0,0.0,0.0,1.0,-0.001453902315800655,-0.0016624373841391026,0.0,0.0,0.0,0.0
27,1786799113,276831951,1786799113.276832,-11.563223962216137,-2.002666876528256,0.08177682265945836,0.0,0.0,0.0,1.0,-0.0012185808570919542,-0.0027238011538044775,0.0,0.0,0.0,0.0
28,1786799113,676802988,1786799113.676803,-11.560469453071772,-2.0046979311670747,0.08227430436381827,0.0,0.0,0.0,1.0,0.0011080433733507604,-0.001652461593300052,0.0,0.0,0.0,0.0
29,1786799113,876818955,1786799113.876819,-11.559601964557533,-2.0046100612252173,0.08287568758534307,0.0,0.0,0.0,1.0,-0.00110922472370803,-0.0006017497013099673,0.0,0.0,0.0,0.0
30,1786799114,210166927,1786799114.210167,-11.555659645752032,-2.005409912649686,0.08312722713823438,0.0,0.0,0.0,1.0,-0.000623837621966585,-0.0014233606850910505,0.0,0.0,0.0,0.0
31,1786799114,743515600,1786799114.743515,-11.555659645752032,-2.005409912649686,0.08312722713823438,0.0,0.0,0.0,1.0,-0.000623837621966585,-0.0014233606850910505,0.0,0.0,0.0,0.0
32,1786799115,76794053,1786799115.076794,-11.555659645752032,-2.005409912649686,0.08312722713823438,0.0,0.0,0.0,1.0,-0.000623837621966585,-0.0014233606850910505,0.0,0.0,0.0,0.0
33,1786799115,343507258,1786799115.343507,-11.552912882285602,-2.0072611869458625,0.08346806550810527,0.0,0.0,0.0,1.0,-0.001839323875918512,-7.014036103624409e-05,0.0,0.0,0.0,0.0
34,1786799115,543559184,1786799115.543559,-11.551133508931663,-2.0071311331466584,0.08333041350610637,0.0,0.0,0.0,1.0,-0.0016231848482503998,0.00022983405843394003,0.0,0.0,0.0,0.0
35,1786799115,843490167,1786799115.843490,-11.550335357915479,-2.006852950083851,0.08290121922635195,0.0,0.0,0.0,1.0,-0.0006100705660802568,0.0017310412730099356,0.0,0.0,0.0,0.0
36,1786799116,843525988,1786799116.843526,-11.544452990001615,-2.0057168496447626,0.08329290688245594,0.0,0.0,0.0,1.0,0.0015715408499222573,-0.0010846622901572959,0.0,0.0,0.0,0.0
37,1786799117,76906367,1786799117.076906,-11.54075809456373,-2.004589725622482,0.08191151837790901,0.0,0.0,0.0,1.0,0.0016102760049579435,-0.00044092134730381064,0.0,0.0,0.0,0.0
38,1786799117,410189478,1786799117.410189,-11.538019799919587,-2.0049367965699143,0.0822099790082136,0.0,0.0,0.0,1.0,0.00039649234671305873,-0.0005784708294775192,0.0,0.0,0.0,0.0
39,1786799117,843483128,1786799117.843483,-11.535374711493615,-2.0054913636956657,0.08167889341878656,0.0,0.0,0.0,1.0,1.1421787074203187e-05,-0.0032815493364198953,0.0,0.0,0.0,0.0
40,1786799118,543613715,1786799118.543614,-11.53479585369007,-2.0075997296075316,0.0820374505221747,0.0,0.0,0.0,1.0,-0.0011206605110178447,-0.0025308660179601964,0.0,0.0,0.0,0.0
41,1786799118,776894849,1786799118.776895,-11.5338350196679,-2.0078007585137096,0.08009008115194628,0.0,0.0,0.0,1.0,-0.0010549324694200926,-0.0013671098853378695,0.0,0.0,0.0,0.0
42,1786799119,10221306,1786799119.010221,-11.531353987859402,-2.006023158833276,0.08335994657982801,0.0,0.0,0.0,1.0,0.0010155212538748189,-0.00013634684930750006,0.0,0.0,0.0,0.0
43,1786799119,510252201,1786799119.510252,-11.524497563341523,-2.0060360592991415,0.08441791502301306,0.0,0.0,0.0,1.0,0.0033290631132133243,-0.0010474098067735213,0.0,0.0,0.0,0.0
44,1786799119,743623472,1786799119.743623,-11.522389013156962,-2.0063850750477408,0.083512494174173,0.0,0.0,0.0,1.0,0.000657809533618691,-0.00030578485151679823,0.0,0.0,0.0,0.0
45,1786799120,143666701,1786799120.143667,-11.52048732730457,-2.0073187485043413,0.08138848460296855,0.0,0.0,0.0,1.0,-0.0009236095245109975,-0.00033263116663817343,0.0,0.0,0.0,0.0
46,1786799120,510292500,1786799120.510293,-11.519383699726571,-2.0071977583749243,0.08078312355881273,0.0,0.0,0.0,1.0,-0.0014256549749787951,-0.0007604328584898829,0.0,0.0,0.0,0.0
47,1786799121,10270237,1786799121.010270,-11.516530557028073,-2.0063482913981034,0.08156108296316898,0.0,0.0,0.0,1.0,-0.0023727055097328108,-0.0006815550000322375,0.0,0.0,0.0,0.0
48,1786799121,210303120,1786799121.210303,-11.514997697475266,-2.006256668717957,0.08017133856587345,0.0,0.0,0.0,1.0,0.0015798902869195305,0.0008534820364303236,0.0,0.0,0.0,0.0
49,1786799121,710321364,1786799121.710321,-11.512846058383584,-2.0052754928580807,0.08058251313156788,0.0,0.0,0.0,1.0,0.0008044730711385074,0.0019470554960505037,0.0,0.0,0.0,0.0
50,1786799121,943684278,1786799121.943684,-11.511087193767473,-2.0050168856715995,0.08257364530325718,0.0,0.0,0.0,1.0,0.0007025260517896307,0.0013033500070624901,0.0,0.0,0.0,0.0
51,1786799122,243617688,1786799122.243618,-11.51078722460926,-2.0042589856517257,0.0827295942290459,0.0,0.0,0.0,1.0,0.0014547234582131963,0.0029972147575392915,0.0,0.0,0.0,0.0
52,1786799122,610336124,1786799122.610336,-11.508689667173792,-2.0043295150695912,0.08294453266447196,0.0,0.0,0.0,1.0,-0.0003635398587692174,0.0015425373398371724,0.0,0.0,0.0,0.0
53,1786799122,976979385,1786799122.976979,-11.504179015055646,-2.0043728874406903,0.08385209122079015,0.0,0.0,0.0,1.0,0.0018150627688109308,0.0004948335988189207,0.0,0.0,0.0,0.0
54,1786799123,510363128,1786799123.510363,-11.500588453745777,-2.0036661681059544,0.08211334654347142,0.0,0.0,0.0,1.0,0.00021033498589661387,-0.0001646286340981004,0.0,0.0,0.0,0.0
55,1786799124,877093495,1786799124.877094,-11.498547895495745,-2.0050319341298586,0.08184714385041197,0.0,0.0,0.0,1.0,-0.0005708856846502065,-0.001893682525920318,0.0,0.0,0.0,0.0
56,1786799125,410359658,1786799125.410360,-11.498248065857378,-2.0055967821223875,0.08011244577662609,0.0,0.0,0.0,1.0,-0.0001835005399558414,0.00045023719410025977,0.0,0.0,0.0,0.0
57,1786799126,277151840,1786799126.277152,-11.495570336632033,-2.003461249160012,0.08423520937693012,0.0,0.0,0.0,1.0,-0.003618250422839064,0.0028437817975093148,0.0,0.0,0.0,0.0
58,1786799126,510393057,1786799126.510393,-11.49459142980408,-2.002911486335752,0.08444862983370036,0.0,0.0,0.0,1.0,-0.0021753770392251713,0.004040188794801645,0.0,0.0,0.0,0.0
59,1786799127,10400876,1786799127.010401,-11.494735109392053,-2.0025610834511287,0.08409840241012705,0.0,0.0,0.0,1.0,-0.0028072517673839474,-0.0001910335128234822,0.0,0.0,0.0,0.0
60,1786799127,343692017,1786799127.343692,-11.494137501115416,-2.002920431505794,0.08493632440683459,0.0,0.0,0.0,1.0,-0.0034299682927872222,-0.002886825688323111,0.0,0.0,0.0,0.0
61,1786799127,543874629,1786799127.543875,-11.492791657923561,-2.0031750643621438,0.08312105275650192,0.0,0.0,0.0,1.0,-0.0016667358146280216,-0.0002228866136558688,0.0,0.0,0.0,0.0
62,1786799128,110460968,1786799128.110461,-11.491497713346366,-2.0019616059757346,0.08265721445805146,0.0,0.0,0.0,1.0,-0.0006189786566540515,0.0016246969859353031,0.0,0.0,0.0,0.0
63,1786799129,10475779,1786799129.010476,-11.48571816973876,-1.9994804816983827,0.0867937563341097,0.0,0.0,0.0,1.0,0.0026607460423887807,0.001700173466534451,0.0,0.0,0.0,0.0
64,1786799129,777199115,1786799129.777199,-11.487588469241334,-1.9979615881373045,0.084963267411479,0.0,0.0,0.0,1.0,-0.0005456469010093486,0.0008711858576663191,0.0,0.0,0.0,0.0
65,1786799130,10626197,1786799130.010626,-11.488128466490231,-1.9983966348056068,0.08334433066498582,0.0,0.0,0.0,1.0,0.0001272548762261653,0.0002108089939354727,0.0,0.0,0.0,0.0
66,1786799130,277147236,1786799130.277147,-11.487298558137361,-1.9983856316058715,0.08074666742442999,0.0,0.0,0.0,1.0,8.754868572790654e-06,0.0013809751570350401,0.0,0.0,0.0,0.0
67,1786799130,710531020,1786799130.710531,-11.486509217177339,-1.9982311562307793,0.07972420718725098,0.0,0.0,0.0,1.0,-0.001038944810866935,0.0002718866617412402,0.0,0.0,0.0,0.0
68,1786799131,543789144,1786799131.543789,-11.48544635966271,-2.000020035553647,0.08015811597067614,0.0,0.0,0.0,1.0,0.0009373680361556176,-0.0025438901846614524,0.0,0.0,0.0,0.0
69,1786799131,810515067,1786799131.810515,-11.483280521942975,-2.0008263047323784,0.08158122692507398,0.0,0.0,0.0,1.0,0.00041614145640666086,0.0004339348886229842,0.0,0.0,0.0,0.0
70,1786799132,210471639,1786799132.210472,-11.479240194101292,-2.0009400195898683,0.08176690922805782,0.0,0.0,0.0,1.0,-0.0005813288493996733,-0.0008050322942753678,0.0,0.0,0.0,0.0
71,1786799132,410539164,1786799132.410539,-11.477694504256023,-2.0011882888744643,0.0810383895652726,0.0,0.0,0.0,1.0,-0.0007797907359109398,-0.0006812202062992922,0.0,0.0,0.0,0.0
72,1786799132,710609293,1786799132.710609,-11.478260933500255,-2.001105419681138,0.08159998737610431,0.0,0.0,0.0,1.0,-9.389683387925015e-05,-0.00012496843265707427,0.0,0.0,0.0,0.0
73,1786799133,10580815,1786799133.010581,-11.477589195694474,-2.001353380384058,0.0814563395719869,0.0,0.0,0.0,1.0,0.0009472777691498054,0.0004212357546785392,0.0,0.0,0.0,0.0
74,1786799133,310591676,1786799133.310592,-11.476201581789995,-2.0017952589110246,0.08106668673904399,0.0,0.0,0.0,1.0,0.001871001408707856,-0.0014336918883674405,0.0,0.0,0.0,0.0
75,1786799134,77200275,1786799134.077200,-11.478227221997418,-2.0003444030483135,0.08203099317972287,0.0,0.0,0.0,1.0,-0.00033340801359704134,0.00179734218108027,0.0,0.0,0.0,0.0
76,1786799134,310625294,1786799134.310625,-11.47805365647588,-2.000573683126493,0.08270391242391782,0.0,0.0,0.0,1.0,-0.0008363162784717252,0.0018002301107011983,0.0,0.0,0.0,0.0
77,1786799136,143928108,1786799136.143928,-11.477207683402884,-1.996299485418393,0.11122814778571291,0.0,0.0,0.0,1.0,0.003431508107490122,-0.00016443835537061145,0.0,0.0,0.0,0.0
78,1786799136,610649932,1786799136.610650,-11.473384458267965,-1.9985762959648166,0.1169580566396014,0.0,0.0,0.0,1.0,0.00360801852380106,-0.0005215371958732663,0.0,0.0,0.0,0.0
79,1786799137,143913458,1786799137.143914,-11.469607182891727,-1.9980893388414374,0.12402266933921913,0.0,0.0,0.0,1.0,0.004000126956015551,0.0010871635629876924,0.0,0.0,0.0,0.0
80,1786799137,410581448,1786799137.410581,-11.469742154092247,-1.9979583668630347,0.12725315825161515,0.0,0.0,0.0,1.0,0.00012032541589185233,0.0033220683640375805,0.0,0.0,0.0,0.0
81,1786799137,610611452,1786799137.610611,-11.468561615437629,-1.9976220795275295,0.13011044460186275,0.0,0.0,0.0,1.0,0.0028901371567785095,0.0036085007880641545,0.0,0.0,0.0,0.0
82,1786799137,810655046,1786799137.810655,-11.465536707670662,-1.9975937164543613,0.1330587920924205,0.0,0.0,0.0,1.0,0.006427933517900042,0.00560661665791022,0.0,0.0,0.0,0.0
83,1786799138,77284213,1786799138.077284,-11.459855273472197,-1.9972151791952477,0.13887411047118559,0.0,0.0,0.0,1.0,0.0036442239021473163,0.0031624172123213114,0.0,0.0,0.0,0.0
84,1786799138,410771037,1786799138.410771,-11.456998049328034,-1.9966436154101306,0.14468700612322846,0.0,0.0,0.0,1.0,0.002731632100384327,0.0026074906384389055,0.0,0.0,0.0,0.0
85,1786799138,643937061,1786799138.643937,-11.455811485020108,-1.9967353395438965,0.14656202795676887,0.0,0.0,0.0,1.0,0.0018162304371003332,0.0024153676167500467,0.0,0.0,0.0,0.0
86,1786799139,44052265,1786799139.044052,-11.45463912251681,-1.996402953295153,0.1562306823027261,0.0,0.0,0.0,1.0,0.0006594688319050308,0.001214790302159306,0.0,0.0,0.0,0.0
87,1786799139,377336407,1786799139.377337,-11.449152229758978,-1.995179497569622,0.1615324109837762,0.0,0.0,0.0,1.0,0.0018197636382181756,-0.0006767571295971228,0.0,0.0,0.0,0.0
88,1786799140,43994918,1786799140.043995,-11.447204112855669,-1.9965998588441751,0.1717065112383736,0.0,0.0,0.0,1.0,0.0004555502341977158,0.0015423355332751156,0.0,0.0,0.0,0.0
89,1786799140,477325504,1786799140.477325,-11.445451708861397,-1.9958291493721028,0.17609723514358078,0.0,0.0,0.0,1.0,0.0013221433602867692,0.0012386822357083054,0.0,0.0,0.0,0.0
90,1786799141,77365855,1786799141.077366,-11.445451708861397,-1.9958291493721028,0.17609723514358078,0.0,0.0,0.0,1.0,0.0013221433602867692,0.0012386822357083054,0.0,0.0,0.0,0.0
91,1786799141,777386768,1786799141.777387,-11.44670082450475,-1.9887865747687545,0.19391995441756232,0.0,0.0,0.0,1.0,-0.0053952466465881956,0.01106274937629264,0.0,0.0,0.0,0.0
92,1786799142,344065598,1786799142.344066,-11.447041305627922,-1.9865267544902447,0.20655870449513752,0.0,0.0,0.0,1.0,0.0027628522944958944,0.0010364362059454325,0.0,0.0,0.0,0.0
93,1786799142,844028966,1786799142.844029,-11.445511968880279,-1.9871205383966137,0.21110474998913328,0.0,0.0,0.0,1.0,-4.498021092653147e-05,0.0004404020023958677,0.0,0.0,0.0,0.0
94,1786799143,77387205,1786799143.077387,-11.446330505111767,-1.9886166641337013,0.21542909835329843,0.0,0.0,0.0,1.0,0.0016420612555787138,-0.001719554402276347,0.0,0.0,0.0,0.0
95,1786799143,377441893,1786799143.377442,-11.446092422257196,-1.9897920011781511,0.2191280799134937,0.0,0.0,0.0,1.0,-0.0003469241470669994,-0.00032860369984502374,0.0,0.0,0.0,0.0
96,1786799143,777475122,1786799143.777475,-11.445673706217141,-1.9905146531642632,0.22671903676088084,0.0,0.0,0.0,1.0,-0.00014002476085436737,-0.0011065384088159906,0.0,0.0,0.0,0.0
97,1786799144,144073205,1786799144.144073,-11.445180120092743,-1.9911888870547603,0.23582544298813968,0.0,0.0,0.0,1.0,0.0006457632289101727,-0.0010059169818400888,0.0,0.0,0.0,0.0
98,1786799144,377456122,1786799144.377456,-11.44474186245166,-1.9922377748667561,0.23832046129287615,0.0,0.0,0.0,1.0,-5.724289379095281e-05,-0.0013200954799180153,0.0,0.0,0.0,0.0
99,1786799144,944104528,1786799144.944104,-11.443704147071097,-1.992493236229916,0.24925964786246615,0.0,0.0,0.0,1.0,0.0002817960457365705,-0.0011489790720926735,0.0,0.0,0.0,0.0
100,1786799145,177445234,1786799145.177445,-11.442763152700156,-1.9923125567850293,0.25361531615322497,0.0,0.0,0.0,1.0,0.0007476163968097482,-0.0009119983568816898,0.0,0.0,0.0,0.0
101,1786799145,377460471,1786799145.377460,-11.441553969378141,-1.9932123770030044,0.2575583399943594,0.0,0.0,0.0,1.0,0.0011144414175899844,-0.001540740804638637,0.0,0.0,0.0,0.0
102,1786799145,777480595,1786799145.777481,-11.442193447046899,-1.9939410007123841,0.2658034931838683,0.0,0.0,0.0,1.0,0.0014329500249481077,-0.001706857840465369,0.0,0.0,0.0,0.0
103,1786799146,110751855,1786799146.110752,-11.441362013820472,-1.9940927308775616,0.26958985083209525,0.0,0.0,0.0,1.0,0.0019304668513702768,-0.00203635105864126,0.0,0.0,0.0,0.0
104,1786799146,310797285,1786799146.310797,-11.441509661496998,-1.994741587028371,0.27490525558261497,0.0,0.0,0.0,1.0,0.0013164163940529896,-0.0017993305550293203,0.0,0.0,0.0,0.0
105,1786799146,744101112,1786799146.744101,-11.43916708422,-1.9948728888134162,0.28133659880219486,0.0,0.0,0.0,1.0,-0.0003615540814803555,-0.0009026293053181627,0.0,0.0,0.0,0.0
106,1786799146,944329379,1786799146.944329,-11.43956415233295,-1.9952332035688145,0.284629894490774,0.0,0.0,0.0,1.0,0.0006196827970384115,-0.0004160547393405147,0.0,0.0,0.0,0.0
107,1786799147,477514488,1786799147.477515,-11.434826466625472,-1.9973682601595195,0.2948702177914314,0.0,0.0,0.0,1.0,0.0032363578607533857,-0.0011163682859635774,0.0,0.0,0.0,0.0
108,1786799148,10802559,1786799148.010803,-11.43176253901296,-1.996773034418042,0.30302584083418993,0.0,0.0,0.0,1.0,0.0007189312543623904,0.001380057824986462,0.0,0.0,0.0,0.0
109,1786799149,144205230,1786799149.144205,-11.432071609245558,-1.9958428145057392,0.3220685096926857,0.0,0.0,0.0,1.0,0.0006321391120469701,-0.00036444559708133633,0.0,0.0,0.0,0.0
110,1786799149,777572459,1786799149.777572,-11.4312085268153,-1.9959031743447861,0.33676448716334456,0.0,0.0,0.0,1.0,0.0016625824768933945,-0.001275046335813638,0.0,0.0,0.0,0.0
111,1786799150,10871651,1786799150.010872,-11.429925046069783,-1.9962428797177014,0.3420784192402593,0.0,0.0,0.0,1.0,0.0014184750858561648,-0.0025873607518165156,0.0,0.0,0.0,0.0
112,1786799150,294298223,1786799150.294298,-11.429090795769635,-1.9965055090744106,0.3476003453089793,0.0,0.0,0.0,1.0,0.0010249908666082005,-0.00267927702545799,0.0,0.0,0.0,0.0
113,1786799150,644246387,1786799150.644246,-11.429167216534985,-1.9965264850465618,0.35280962275182587,0.0,0.0,0.0,1.0,-0.0011088346637523393,-0.0005626683241096385,0.0,0.0,0.0,0.0
114,1786799150,877616368,1786799150.877616,-11.427356426737834,-1.9962438788137422,0.35546820509653076,0.0,0.0,0.0,1.0,-0.0002797379124223273,0.0009132467937071802,0.0,0.0,0.0,0.0
115,1786799151,110897215,1786799151.110897,-11.427033318831475,-1.9962819494567547,0.3598524315729232,0.0,0.0,0.0,1.0,0.0012066197003837169,-0.0012630733106685907,0.0,0.0,0.0,0.0
116,1786799151,377586100,1786799151.377586,-11.426395799484911,-1.9964463194202273,0.3658354168994062,0.0,0.0,0.0,1.0,0.0024982770902598228,-0.0006465346023678234,0.0,0.0,0.0,0.0
117,1786799151,644250298,1786799151.644250,-11.426343646440209,-1.9961557364035878,0.3701040675958072,0.0,0.0,0.0,1.0,0.002203711133696382,2.72302401122885e-05,0.0,0.0,0.0,0.0
118,1786799151,877698193,1786799151.877698,-11.424216543514659,-1.9954413251413758,0.3743762132910004,0.0,0.0,0.0,1.0,0.002889762118942879,0.0001541920866446366,0.0,0.0,0.0,0.0
119,1786799152,310942708,1786799152.310943,-11.423467068197247,-1.995128155023834,0.3829081338739831,0.0,0.0,0.0,1.0,0.0016240247343771508,0.0028471643866405895,0.0,0.0,0.0,0.0
120,1786799152,610955906,1786799152.610956,-11.422043250795308,-1.9949366964662032,0.38822063233590526,0.0,0.0,0.0,1.0,0.000520145526103762,0.0021619866497929593,0.0,0.0,0.0,0.0
121,1786799152,910948021,1786799152.910948,-11.421927568001133,-1.9949284857766114,0.3932426237784205,0.0,0.0,0.0,1.0,-0.000703386711106288,0.0012627270242819865,0.0,0.0,0.0,0.0
122,1786799153,110960166,1786799153.110960,-11.421805566829685,-1.9950775603107036,0.39588713753643257,0.0,0.0,0.0,1.0,-0.0032858533984920085,0.0020147008787631737,0.0,0.0,0.0,0.0
123,1786799153,377628955,1786799153.377629,-11.420470938410189,-1.9973826599562796,0.40286820326092293,0.0,0.0,0.0,1.0,-0.000454364502594333,-0.0008687390124689966,0.0,0.0,0.0,0.0
124,1786799154,77648910,1786799154.077649,-11.419508071951274,-1.997762239891678,0.41431011517563937,0.0,0.0,0.0,1.0,0.0005164690507473172,-0.0023231277840712683,0.0,0.0,0.0,0.0
125,1786799155,77620776,1786799155.077621,-11.417861601615968,-1.9983137763169305,0.4319784189323366,0.0,0.0,0.0,1.0,-0.00010302895136350297,0.0015978767918254115,0.0,0.0,0.0,0.0
126,1786799155,444336067,1786799155.444336,-11.416921915600714,-1.997777836857854,0.43952510442215487,0.0,0.0,0.0,1.0,-0.0025776016760238377,-0.00011353415450750942,0.0,0.0,0.0,0.0
127,1786799155,927698177,1786799155.927698,-11.41762028502962,-1.998006358484298,0.44862068304803365,0.0,0.0,0.0,1.0,-0.005974472190122719,-0.003390880504081409,0.0,0.0,0.0,0.0
128,1786799156,394377243,1786799156.394377,-11.419531673792507,-1.9999232256320356,0.4566447976033778,0.0,0.0,0.0,1.0,-0.007253347454892046,-0.00501570982114042,0.0,0.0,0.0,0.0
129,1786799157,244332779,1786799157.244333,-11.419622569768915,-1.9996055824495018,0.4710325520634606,0.0,0.0,0.0,1.0,-0.0014109651004600276,9.276670180874934e-05,0.0,0.0,0.0,0.0
130,1786799158,111004083,1786799158.111004,-11.419150634352539,-1.9987551851203167,0.4848478192023864,0.0,0.0,0.0,1.0,0.0007280080926890275,0.0003492759270328983,0.0,0.0,0.0,0.0
131,1786799158,511089205,1786799158.511089,-11.417610081709244,-1.9978984668900037,0.4978104055756984,0.0,0.0,0.0,1.0,0.0009658271783025835,-0.0002254222323399011,0.0,0.0,0.0,0.0
132,1786799159,511098433,1786799159.511098,-11.414736456104784,-1.9970577906097244,0.5165206097554215,0.0,0.0,0.0,1.0,0.00034458269490242246,0.0007926436529493777,0.0,0.0,0.0,0.0
133,1786799159,877825035,1786799159.877825,-11.413658057488886,-1.9966153753349598,0.5218258576292041,0.0,0.0,0.0,1.0,-0.00101688438279336,-0.0003991340809570784,0.0,0.0,0.0,0.0
134,1786799160,111087768,1786799160.111088,-11.41367190872661,-1.9962318146238585,0.5253862311074917,0.0,0.0,0.0,1.0,-0.0011795236174848929,0.0008022231138521277,0.0,0.0,0.0,0.0
135,1786799160,877743591,1786799160.877743,-11.413894438235866,-1.9949138880354254,0.5376384047097804,0.0,0.0,0.0,1.0,-0.0024006974911936854,0.0024844234893738938,0.0,0.0,0.0,0.0
136,1786799161,111069504,1786799161.111069,-11.413346597471822,-1.9950206667377466,0.5409839778466561,0.0,0.0,0.0,1.0,-0.0031833429609775346,0.00031216818029172234,0.0,0.0,0.0,0.0
137,1786799161,311100125,1786799161.311100,-11.411484989869694,-1.9944164145662695,0.5462055223503344,0.0,0.0,0.0,1.0,-0.00011584919559308807,-0.0011211335822677783,0.0,0.0,0.0,0.0
138,1786799161,544442701,1786799161.544443,-11.411241903290412,-1.9941013725410155,0.5511643212737083,0.0,0.0,0.0,1.0,-6.993493395157486e-05,-0.00038369932572789815,0.0,0.0,0.0,0.0
139,1786799161,944415788,1786799161.944416,-11.410151436936982,-1.994452726962643,0.5584952801681266,0.0,0.0,0.0,1.0,0.0002600727976630001,-0.001296317784691315,0.0,0.0,0.0,0.0
140,1786799162,344495813,1786799162.344496,-11.410299003769346,-1.9942219453155776,0.5655357860696298,0.0,0.0,0.0,1.0,-0.0012400690879966845,0.0023811609777194985,0.0,0.0,0.0,0.0
141,1786799162,611136432,1786799162.611136,-11.410390983526623,-1.9952743861413222,0.5698830411811806,0.0,0.0,0.0,1.0,-0.0014411134893239927,-0.0010340309935670503,0.0,0.0,0.0,0.0
142,1786799163,11139942,1786799163.011140,-11.410658814466823,-1.9954652067128986,0.5760659932045809,0.0,0.0,0.0,1.0,0.001433672333644694,0.000995589937102491,0.0,0.0,0.0,0.0
143,1786799163,211175639,1786799163.211176,-11.41061858972147,-1.9955474406359293,0.580124158391043,0.0,0.0,0.0,1.0,0.0019371671481756669,0.0003366791924747756,0.0,0.0,0.0,0.0
144,1786799163,877827776,1786799163.877828,-11.410694303501616,-1.9946320662042423,0.5883338839602741,0.0,0.0,0.0,1.0,-0.0013960092720305649,0.001619925629436971,0.0,0.0,0.0,0.0
145,1786799164,111208517,1786799164.111208,-11.409529784849493,-1.9945237430314886,0.5935299789948816,0.0,0.0,0.0,1.0,-0.0017728757263668576,0.0010703444888370678,0.0,0.0,0.0,0.0
146,1786799164,344545782,1786799164.344546,-11.40867356902737,-1.9944362100999677,0.5969506556269756,0.0,0.0,0.0,1.0,0.0003138876534590708,0.0006448512671201127,0.0,0.0,0.0,0.0
147,1786799165,77910499,1786799165.077910,-11.407164264639558,-1.9939482880398618,0.6056415636462297,0.0,0.0,0.0,1.0,0.0021341595375257536,0.004083142764480723,0.0,0.0,0.0,0.0
148,1786799165,311213864,1786799165.311214,-11.40672339712558,-1.99465925148648,0.6099908829874732,0.0,0.0,0.0,1.0,0.000551257802204611,0.0018412881709688215,0.0,0.0,0.0,0.0
149,1786799165,544636248,1786799165.544636,-11.408632167472351,-1.9948448441837359,0.6147381827862296,0.0,0.0,0.0,1.0,-0.0016141623222201296,-9.27333037410525e-05,0.0,0.0,0.0,0.0
150,1786799165,911224330,1786799165.911224,-11.40750966065518,-1.994935341874826,0.6198583493595695,0.0,0.0,0.0,1.0,-0.002848140059285528,0.0002484735001958008,0.0,0.0,0.0,0.0
151,1786799166,444567636,1786799166.444568,-11.407181985073557,-1.9948639124271628,0.6276618699736453,0.0,0.0,0.0,1.0,-8.44907652466421e-05,0.00017896850979371185,0.0,0.0,0.0,0.0
152,1786799167,144647217,1786799167.144647,-11.40586738116632,-1.9946256113421306,0.6371744784897729,0.0,0.0,0.0,1.0,-0.0004765791644548965,-0.0003163808294080325,0.0,0.0,0.0,0.0
153,1786799167,377896266,1786799167.377896,-11.404363019441272,-1.9943503371533204,0.6405517332043279,0.0,0.0,0.0,1.0,0.0007131020212879182,6.585497460832152e-05,0.0,0.0,0.0,0.0
154,1786799167,911257648,1786799167.911258,-11.40253263159056,-1.9942718093266687,0.646041285426369,0.0,0.0,0.0,1.0,0.00011877358672748731,5.706917746699561e-05,0.0,0.0,0.0,0.0
155,1786799168,444555184,1786799168.444555,-11.400976432130337,-1.993751103852552,0.6572569777780564,0.0,0.0,0.0,1.0,-0.0010587230619326495,0.001046620323801765,0.0,0.0,0.0,0.0
156,1786799168,711218915,1786799168.711219,-11.39953706723685,-1.993515478883056,0.659476420985694,0.0,0.0,0.0,1.0,-0.0005470861394425883,0.00019034554256919505,0.0,0.0,0.0,0.0
157,1786799168,944547553,1786799168.944548,-11.399329032636912,-1.9934742261764542,0.6634365926397223,0.0,0.0,0.0,1.0,-0.0020857800800934572,-0.0010938868149415475,0.0,0.0,0.0,0.0
158,1786799169,311247917,1786799169.311248,-11.399645541663753,-1.9935230120491338,0.6680197663454823,0.0,0.0,0.0,1.0,-0.001787111808862768,-0.0017287455734047064,0.0,0.0,0.0,0.0
159,1786799169,977912470,1786799169.977912,-11.399454931356049,-1.992710657262789,0.6735051396617661,0.0,0.0,0.0,1.0,-0.0003574179383006433,-0.0002851109085772307,0.0,0.0,0.0,0.0
160,1786799170,311387586,1786799170.311388,-11.39882668916355,-1.9924935302303066,0.6813784681686779,0.0,0.0,0.0,1.0,-0.0006510850406206026,-0.00019985154510980736,0.0,0.0,0.0,0.0
161,1786799170,544710704,1786799170.544711,-11.396435852319255,-1.992666628915742,0.6855817997392559,0.0,0.0,0.0,1.0,0.0006718644801440388,-0.00015717674645331038,0.0,0.0,0.0,0.0
162,1786799170,777935341,1786799170.777935,-11.392981855558787,-1.992247350342712,0.6894041968850511,0.0,0.0,0.0,1.0,0.001340960244628768,0.000684363681103118,0.0,0.0,0.0,0.0
163,1786799170,977986004,1786799170.977986,-11.389504052861593,-1.9920093019438447,0.6936593449791837,0.0,0.0,0.0,1.0,0.0022921295727763194,-0.0008425741817076524,0.0,0.0,0.0,0.0
164,1786799171,211254407,1786799171.211254,-11.3886012899228,-1.9915788001735055,0.6972683069558331,0.0,0.0,0.0,1.0,-0.0001883430969353934,0.0005745070693827998,0.0,0.0,0.0,0.0
165,1786799171,678017573,1786799171.678018,-11.38802342877076,-1.9912362312047036,0.7023705883196452,0.0,0.0,0.0,1.0,0.000674294279441991,0.0019691080523749956,0.0,0.0,0.0,0.0
166,1786799171,944667079,1786799171.944667,-11.387794718909888,-1.9907856107920594,0.7052995775229194,0.0,0.0,0.0,1.0,-0.001875782736164539,0.00045633802788606583,0.0,0.0,0.0,0.0
167,1786799172,244662438,1786799172.244663,-11.385747050962513,-1.990540941715828,0.7083833863838682,0.0,0.0,0.0,1.0,0.0009016837905940697,-0.00020698351131930004,0.0,0.0,0.0,0.0
168,1786799172,444753970,1786799172.444754,-11.385185584007795,-1.991223978910346,0.7108084906372567,0.0,0.0,0.0,1.0,-0.0003922648757244923,-0.0004907622960805464,0.0,0.0,0.0,0.0
169,1786799172,678037164,1786799172.678037,-11.383869673546982,-1.9907374082774134,0.7152860268963104,0.0,0.0,0.0,1.0,-0.0009693619445663636,0.00019478088090528603,0.0,0.0,0.0,0.0
170,1786799172,944730778,1786799172.944731,-11.383384609738405,-1.9904844291568222,0.7190528081622246,0.0,0.0,0.0,1.0,-1.243891396031973e-05,-0.0005036345274734429,0.0,0.0,0.0,0.0
171,1786799173,244709860,1786799173.244710,-11.383402818191112,-1.9908110808147153,0.723206725259081,0.0,0.0,0.0,1.0,-0.00014857572577913608,-0.001477474869980967,0.0,0.0,0.0,0.0
172,1786799173,511355155,1786799173.511355,-11.382515993427168,-1.9908545449557675,0.7243839131215236,0.0,0.0,0.0,1.0,-0.0024769450732437305,-0.0010176790998282842,0.0,0.0,0.0,0.0
173,1786799173,877998215,1786799173.877998,-11.38271215842821,-1.9908112871093597,0.725900352213295,0.0,0.0,0.0,1.0,-0.003569742410378757,0.001015647564852444,0.0,0.0,0.0,0.0
174,1786799174,311343908,1786799174.311344,-11.381613793353957,-1.9896167330326042,0.7276440967791693,0.0,0.0,0.0,1.0,-0.0017318761793221416,0.004894164542213498,0.0,0.0,0.0,0.0
175,1786799174,644750104,1786799174.644750,-11.379804681875672,-1.9919272401093417,0.7279133337312036,0.0,0.0,0.0,1.0,0.0004212766276609401,3.166005629010038e-06,0.0,0.0,0.0,0.0
176,1786799175,11446912,1786799175.011447,-11.378293918191241,-1.9914807070010334,0.7274839596333519,0.0,0.0,0.0,1.0,-0.003200713054605709,-0.001475108046955662,0.0,0.0,0.0,0.0
177,1786799175,511373047,1786799175.511373,-11.379858069117082,-1.9917237171436135,0.7258789368254799,0.0,0.0,0.0,1.0,-0.0062520375942670845,-0.00022379908281284187,0.0,0.0,0.0,0.0
178,1786799175,711396314,1786799175.711396,-11.379050392752479,-1.9918657483028688,0.7257987729384564,0.0,0.0,0.0,1.0,-0.005475662271770273,-0.002682957972480373,0.0,0.0,0.0,0.0
179,1786799176,78032293,1786799176.078032,-11.379349544703176,-1.9909422041831917,0.7245168049257862,0.0,0.0,0.0,1.0,-0.004956728319809901,-0.0019235332540878634,0.0,0.0,0.0,0.0
180,1786799176,294779414,1786799176.294779,-11.377643147592472,-1.9895451175431564,0.7248718208422279,0.0,0.0,0.0,1.0,-0.0013334200675221859,0.0009589696464448667,0.0,0.0,0.0,0.0
181,1786799176,544682563,1786799176.544683,-11.377640911400757,-1.9892934940578741,0.7243706589364327,0.0,0.0,0.0,1.0,-0.0002815328406595049,0.0021997678652413972,0.0,0.0,0.0,0.0
182,1786799176,844739569,1786799176.844740,-11.376987281781389,-1.9883021519092852,0.725549906762045,0.0,0.0,0.0,1.0,0.0010408442790482142,0.0028014921599833677,0.0,0.0,0.0,0.0
183,1786799177,161483329,1786799177.161483,-11.376672467659063,-1.9878584534898376,0.7267076905299231,0.0,0.0,0.0,1.0,-0.0005130767679252351,0.0019834988312621847,0.0,0.0,0.0,0.0
184,1786799177,411415983,1786799177.411416,-11.376162120858757,-1.9880447431797732,0.7271474379321361,0.0,0.0,0.0,1.0,-0.00025026952978284933,0.0005027865788144697,0.0,0.0,0.0,0.0
185,1786799177,611447731,1786799177.611448,-11.375278563104864,-1.9879594843978508,0.7275970740296607,0.0,0.0,0.0,1.0,9.930326767300032e-05,-0.0009116973929913845,0.0,0.0,0.0,0.0
186,1786799177,844752991,1786799177.844753,-11.374898297988524,-1.9880727700865226,0.7282398042579729,0.0,0.0,0.0,1.0,0.0033993593994222854,0.00021504897764157828,0.0,0.0,0.0,0.0
187,1786799178,144689090,1786799178.144689,-11.373695214041414,-1.987846789298301,0.7300357313689216,0.0,0.0,0.0,1.0,0.0020678012683337916,0.000523398257429084,0.0,0.0,0.0,0.0
188,1786799178,344768267,1786799178.344768,-11.372577684010848,-1.9877944641439973,0.7293437825908236,0.0,0.0,0.0,1.0,0.00014355724098701647,-0.0009835136157779834,0.0,0.0,0.0,0.0
189,1786799179,278151337,1786799179.278151,-11.372820842266236,-1.98809727848015,0.7260275325591978,0.0,0.0,0.0,1.0,0.001059439306020947,-5.6921843540365955e-05,0.0,0.0,0.0,0.0
190,1786799179,544823607,1786799179.544824,-11.371648023478615,-1.9877316271821663,0.7261945878188817,0.0,0.0,0.0,1.0,0.009103843795165809,-0.0004453471267763351,0.0,0.0,0.0,0.0
191,1786799180,78180218,1786799180.078180,-11.36233887673223,-1.987673881969992,0.7257831154704769,0.0,0.0,0.0,1.0,0.017387763156558732,-0.0015590806993244543,0.0,0.0,0.0,0.0
192,1786799180,311580668,1786799180.311581,-11.356921592970552,-1.9875505120478736,0.7254423159338015,0.0,0.0,0.0,1.0,0.023103489262705102,0.0005498409434004491,0.0,0.0,0.0,0.0
193,1786799180,578122401,1786799180.578122,-11.34909461502715,-1.98773263201076,0.727130718500129,0.0,0.0,0.0,1.0,0.027353727570957782,-0.0006840317163293412,0.0,0.0,0.0,0.0
194,1786799180,911512968,1786799180.911513,-11.338508847401464,-1.9881898189253908,0.7271877321900353,0.0,0.0,0.0,1.0,0.03230314252815737,-0.002403618980131313,0.0,0.0,0.0,0.0
195,1786799181,194888477,1786799181.194889,-11.327333532318312,-1.9889786022839107,0.7277882195996421,0.0,0.0,0.0,1.0,0.03547750064280419,-0.0030303872169740046,0.0,0.0,0.0,0.0
196,1786799181,561551015,1786799181.561551,-11.311906685570925,-1.9887611866916002,0.72614473484517,0.0,0.0,0.0,1.0,0.03847950488075479,0.00032669225086381145,0.0,0.0,0.0,0.0
197,1786799181,878185682,1786799181.878186,-11.297209812205066,-1.9884560471120332,0.7260316910042497,0.0,0.0,0.0,1.0,0.04415924724568472,0.004983377608378091,0.0,0.0,0.0,0.0
198,1786799182,78207231,1786799182.078207,-11.287613265994077,-1.9896081691238536,0.724502098927885,0.0,0.0,0.0,1.0,0.04617286057869683,0.0042946663431650545,0.0,0.0,0.0,0.0
199,1786799182,328216274,1786799182.328216,-11.27485719861754,-1.990171812285893,0.7245192650832136,0.0,0.0,0.0,1.0,0.05048407543844454,0.0005160479688237993,0.0,0.0,0.0,0.0
200,1786799182,544851190,1786799182.544851,-11.262416119845385,-1.991219222144066,0.7245946516345486,0.0,0.0,0.0,1.0,0.05706178508864728,-0.0008123603368640948,0.0,0.0,0.0,0.0
201,1786799183,211547764,1786799183.211548,-11.22111135171206,-1.9909197645742418,0.7272896370587606,0.0,0.0,0.0,1.0,0.06601595295962392,0.0017518626727338693,0.0,0.0,0.0,0.0
202,1786799183,478184536,1786799183.478184,-11.20321140424077,-1.9910928756484232,0.7301346987549866,0.0,0.0,0.0,1.0,0.07108150764310915,-0.002423726527606926,0.0,0.0,0.0,0.0
203,1786799183,844845501,1786799183.844846,-11.177423725905964,-1.9911302311031602,0.7319826217297924,0.0,0.0,0.0,1.0,0.07368856128117893,-0.0008866108755090818,0.0,0.0,0.0,0.0
204,1786799184,128256564,1786799184.128257,-11.155951938943392,-1.991123050427246,0.7278777632223223,0.0,0.0,0.0,1.0,0.0737318997488247,0.001871817892685207,0.0,0.0,0.0,0.0
205,1786799184,344853469,1786799184.344853,-11.139437944308497,-1.9910552073136965,0.7253864903552126,0.0,0.0,0.0,1.0,0.07737839531082144,0.0032367753676050097,0.0,0.0,0.0,0.0
206,1786799185,61592415,1786799185.061592,-11.078935192370954,-1.9921761987977784,0.7248154050749469,0.0,0.0,0.0,1.0,0.0873700450910039,-0.002008343415545278,0.0,0.0,0.0,0.0
207,1786799185,344909480,1786799185.344909,-11.04837476330925,-1.991715316959217,0.7255659233763284,0.0,0.0,0.0,1.0,0.0955892499964397,-0.001830184960874804,0.0,0.0,0.0,0.0
208,1786799185,611620003,1786799185.611620,-11.020381371211247,-1.9923460589644155,0.7238332623775453,0.0,0.0,0.0,1.0,0.10479863929420766,-0.004766871224123874,0.0,0.0,0.0,0.0
209,1786799186,78225591,1786799186.078226,-10.96803833881512,-1.9921533295967646,0.7251409328859372,0.0,0.0,0.0,1.0,0.11482239856753718,-1.604789445225699e-05,0.0,0.0,0.0,0.0
210,1786799186,311613160,1786799186.311613,-10.942097784149592,-1.9918377590309297,0.7273649011386473,0.0,0.0,0.0,1.0,0.11869344040361149,0.002778168690072153,0.0,0.0,0.0,0.0
211,1786799186,561695919,1786799186.561696,-10.913874045894683,-1.9934892741543848,0.7277019579800192,0.0,0.0,0.0,1.0,0.12174980634963786,0.0008388314587130588,0.0,0.0,0.0,0.0
212,1786799186,894947474,1786799186.894948,-10.874063111468661,-1.994079081487341,0.7269986105073076,0.0,0.0,0.0,1.0,0.12739059163863387,0.00011278846786655415,0.0,0.0,0.0,0.0
213,1786799187,128268102,1786799187.128268,-10.84584925398854,-1.9939063936907981,0.7285814351592932,0.0,0.0,0.0,1.0,0.12651276505250775,0.0018012070562098497,0.0,0.0,0.0,0.0
214,1786799187,394938183,1786799187.394938,-10.814743202482962,-1.9929335788300504,0.7279909710526827,0.0,0.0,0.0,1.0,0.12495006367629423,0.0019320722435919786,0.0,0.0,0.0,0.0
215,1786799187,794937717,1786799187.794938,-10.764661075552098,-1.9919835837523407,0.7281748518948881,0.0,0.0,0.0,1.0,0.1283507658951594,0.006582933951692406,0.0,0.0,0.0,0.0
216,1786799188,28323520,1786799188.028323,-10.735496480500213,-1.9926300322687807,0.7268553552328358,0.0,0.0,0.0,1.0,0.1302609152749375,0.002594991539818207,0.0,0.0,0.0,0.0
217,1786799188,294962681,1786799188.294963,-10.702352283512976,-1.9929448923560338,0.7254335789704158,0.0,0.0,0.0,1.0,0.13073133865024975,0.001261025028459907,0.0,0.0,0.0,0.0
218,1786799188,511722395,1786799188.511722,-10.674064472746322,-1.9936353573217727,0.7264381331344901,0.0,0.0,0.0,1.0,0.13042046626160306,0.0006070582448032271,0.0,0.0,0.0,0.0
219,1786799189,128413045,1786799189.128413,-10.597315053798877,-1.99545483913599,0.7258719697851518,0.0,0.0,0.0,1.0,0.1318044471352946,-0.0012321628266085125,0.0,0.0,0.0,0.0
220,1786799189,428301524,1786799189.428302,-10.563058374543687,-1.9961730577049817,0.7247040930824917,0.0,0.0,0.0,1.0,0.1305109140101098,-0.0019096311586626362,0.0,0.0,0.0,0.0
221,1786799189,728379045,1786799189.728379,-10.528297803223277,-1.9959363256080247,0.7259848381129199,0.0,0.0,0.0,1.0,0.12532279683209055,-7.7384930630588e-05,0.0,0.0,0.0,0.0
222,1786799189,978322297,1786799189.978322,-10.498441388645343,-1.9969584413073906,0.7263617071345277,0.0,0.0,0.0,1.0,0.12454534002768008,-0.0008327797395245519,0.0,0.0,0.0,0.0
223,1786799190,211768938,1786799190.211769,-10.470733900571867,-1.9978680892707767,0.7254337508484168,0.0,0.0,0.0,1.0,0.12246433133182537,-0.0016700122943727315,0.0,0.0,0.0,0.0
224,1786799190,778372775,1786799190.778373,-10.400877249162798,-1.9973578025041054,0.7262793826865728,0.0,0.0,0.0,1.0,0.12035510110659937,-0.0002549864007033772,0.0,0.0,0.0,0.0
225,1786799191,211696520,1786799191.211697,-10.362282137590803,-1.9981403946174472,0.7263361356848017,0.0,0.0,0.0,1.0,0.1317900665300813,-0.00294233812385031,0.0,0.0,0.0,0.0
226,1786799191,545062303,1786799191.545062,-10.321648520343151,-2.0008609105288953,0.7273533201541944,0.0,0.0,0.0,1.0,0.13403292588041008,-0.004490253861294601,0.0,0.0,0.0,0.0
227,1786799191,911699585,1786799191.911700,-10.273923775240835,-2.0015098300948235,0.7275260590860699,0.0,0.0,0.0,1.0,0.13454959440106262,-0.0025295280138371663,0.0,0.0,0.0,0.0
228,1786799192,245015897,1786799192.245016,-10.230383887198926,-2.0012285349881003,0.7285512639352059,0.0,0.0,0.0,1.0,0.135521893451397,-0.00022013913497741623,0.0,0.0,0.0,0.0
229,1786799192,478383662,1786799192.478384,-10.202681078338944,-2.0016009602479574,0.7285840320686305,0.0,0.0,0.0,1.0,0.13812717482927744,0.0006519258049896677,0.0,0.0,0.0,0.0
230,1786799193,178409499,1786799193.178410,-10.109439973330948,-1.9967721610978069,0.7307534448358939,0.0,0.0,0.0,1.0,0.1291241302787744,0.008788740663614805,0.0,0.0,0.0,0.0
231,1786799193,511721065,1786799193.511721,-10.067437173126567,-1.9996626568291105,0.7313663338256224,0.0,0.0,0.0,1.0,0.13040793670116235,0.0034725650752053996,0.0,0.0,0.0,0.0
232,1786799194,145130978,1786799194.145131,-9.983656751210445,-2.001825106018816,0.7287851976888854,0.0,0.0,0.0,1.0,0.1303364057082115,-0.001160139192427607,0.0,0.0,0.0,0.0
233,1786799194,445110974,1786799194.445111,-9.947275863929148,-2.0023069661946793,0.7271672493495678,0.0,0.0,0.0,1.0,0.1281762763356473,-0.003265422604609489,0.0,0.0,0.0,0.0
234,1786799194,745077118,1786799194.745077,-9.912262550673008,-2.0018138174812448,0.726199673958609,0.0,0.0,0.0,1.0,0.1269180077181497,-0.003660788931346894,0.0,0.0,0.0,0.0
235,1786799195,111747153,1786799195.111747,-9.866733543132755,-1.9997481766871457,0.7276583296747654,0.0,0.0,0.0,1.0,0.12590159791226116,-0.000323295567449265,0.0,0.0,0.0,0.0
236,1786799195,345106036,1786799195.345106,-9.836622050987861,-1.9996869104948685,0.7284024090525533,0.0,0.0,0.0,1.0,0.1247952612473963,0.0024555116589870044,0.0,0.0,0.0,0.0
237,1786799195,811818880,1786799195.811819,-9.780478123474406,-2.0002400929286273,0.7290069677227445,0.0,0.0,0.0,1.0,0.12581332549987484,0.0024346724534767216,0.0,0.0,0.0,0.0
238,1786799196,378430849,1786799196.378431,-9.705388462050232,-2.0027749871355236,0.7270982433405925,0.0,0.0,0.0,1.0,0.12806653924440314,-0.0030856327409923504,0.0,0.0,0.0,0.0
239,1786799196,711756671,1786799196.711757,-9.66543024081636,-2.0034702865408485,0.7248168978549505,0.0,0.0,0.0,1.0,0.12417118420249723,-0.0011930700973110738,0.0,0.0,0.0,0.0
240,1786799197,11903412,1786799197.011904,-9.629594128296539,-2.0037150213432486,0.7243581237586839,0.0,0.0,0.0,1.0,0.12501201667698292,-0.0035549148765250025,0.0,0.0,0.0,0.0
241,1786799197,345184663,1786799197.345185,-9.588010319356968,-2.003774147372818,0.7251682709233992,0.0,0.0,0.0,1.0,0.1253542443637535,-0.002160021026110775,0.0,0.0,0.0,0.0
242,1786799197,578484574,1786799197.578485,-9.55847873459423,-2.003014279418331,0.7258794199931562,0.0,0.0,0.0,1.0,0.12320860404995924,-0.0013284090740896004,0.0,0.0,0.0,0.0
243,1786799197,811762269,1786799197.811762,-9.530154694130164,-2.0015273308055503,0.7244564161373558,0.0,0.0,0.0,1.0,0.12153088972143171,-0.000158868664016403,0.0,0.0,0.0,0.0
244,1786799198,11899929,1786799198.011900,-9.503337638540337,-2.002424694617265,0.7242918455383707,0.0,0.0,0.0,1.0,0.12492091828747355,0.0006172211655971271,0.0,0.0,0.0,0.0
245,1786799198,545203882,1786799198.545204,-9.437361279490547,-2.004091566901987,0.7253947725126472,0.0,0.0,0.0,1.0,0.12736068516246904,-0.0010355981431936492,0.0,0.0,0.0,0.0
246,1786799199,111825659,1786799199.111826,-9.365139312232339,-2.006322029816967,0.7263782585725359,0.0,0.0,0.0,1.0,0.1296403105945252,-0.0003010957765539903,0.0,0.0,0.0,0.0
247,1786799199,345168386,1786799199.345168,-9.337565478456748,-2.0067321373035316,0.7281867125035095,0.0,0.0,0.0,1.0,0.13067454250181096,-0.00033309677250650306,0.0,0.0,0.0,0.0
248,1786799199,545210116,1786799199.545210,-9.312908954436324,-2.00640175724461,0.7284602768819545,0.0,0.0,0.0,1.0,0.1310548686202504,-0.0018158651650797483,0.0,0.0,0.0,0.0
249,1786799200,111922975,1786799200.111923,-9.243083210515529,-2.0059103447326754,0.7287343553136176,0.0,0.0,0.0,1.0,0.1295667986913361,-0.0019663827197274938,0.0,0.0,0.0,0.0
250,1786799200,378512856,1786799200.378513,-9.210100465136561,-2.0032660010215846,0.7270103227657011,0.0,0.0,0.0,1.0,0.13060546167913223,-0.002496996530219645,0.0,0.0,0.0,0.0
251,1786799200,845191054,1786799200.845191,-9.15328643625131,-2.005938651970742,0.7246911472278624,0.0,0.0,0.0,1.0,0.12939147955918265,-0.00791768748139959,0.0,0.0,0.0,0.0
252,1786799201,145228969,1786799201.145229,-9.1164233504546,-2.00796341769731,0.7243413537018755,0.0,0.0,0.0,1.0,0.12667291510249187,-0.004892346930449876,0.0,0.0,0.0,0.0
253,1786799201,378605465,1786799201.378605,-9.087886912357458,-2.0088946008502186,0.7241843979515706,0.0,0.0,0.0,1.0,0.12460087093993047,-0.006634029026810602,0.0,0.0,0.0,0.0
254,1786799201,578633405,1786799201.578633,-9.060825075810085,-2.007936165760988,0.7243275025753877,0.0,0.0,0.0,1.0,0.12729550179496363,-0.0030571870564605292,0.0,0.0,0.0,0.0
255,1786799201,911958171,1786799201.911958,-9.028625173484025,-2.009639022297252,0.7252374030408828,0.0,0.0,0.0,1.0,0.12597920849936106,-0.00010268530613289327,0.0,0.0,0.0,0.0
256,1786799202,145290649,1786799202.145291,-9.004748907935554,-2.0095067947582326,0.7227785785183444,0.0,0.0,0.0,1.0,0.12652135592832395,0.0019081413372300095,0.0,0.0,0.0,0.0
257,1786799202,811942189,1786799202.811942,-8.928179597205137,-2.0086938497730533,0.7236343031591729,0.0,0.0,0.0,1.0,0.11733356991890158,0.0036691879245885463,0.0,0.0,0.0,0.0
258,1786799203,145256040,1786799203.145256,-8.888030257048856,-2.0077424868514773,0.7235165463640084,0.0,0.0,0.0,1.0,0.12080254216840046,0.0038967858556971475,0.0,0.0,0.0,0.0
259,1786799203,411914963,1786799203.411915,-8.855533906915207,-2.0077345750995876,0.7247980688200623,0.0,0.0,0.0,1.0,0.12284260252182633,-0.0016911956937077036,0.0,0.0,0.0,0.0
260,1786799203,945316087,1786799203.945316,-8.790200107373863,-2.008987394497913,0.7272557176467472,0.0,0.0,0.0,1.0,0.12702463828601107,-0.004518650311560278,0.0,0.0,0.0,0.0
261,1786799204,278673168,1786799204.278673,-8.74877924270083,-2.0082437645100497,0.7271433512142857,0.0,0.0,0.0,1.0,0.12912057500502672,-0.0032574885711150105,0.0,0.0,0.0,0.0
262,1786799204,528669773,1786799204.528670,-8.71659404625236,-2.006892491841311,0.7285846175991798,0.0,0.0,0.0,1.0,0.13032820615958865,-0.0038421561684792945,0.0,0.0,0.0,0.0
263,1786799204,878689672,1786799204.878690,-8.67584697380666,-2.0033444502224613,0.7287103316272117,0.0,0.0,0.0,1.0,0.1264329977489207,0.002893537989461876,0.0,0.0,0.0,0.0
264,1786799205,212025354,1786799205.212025,-8.62683533742843,-1.9979076946264744,0.7279768358498059,0.0,0.0,0.0,1.0,0.12936707486747456,-0.0008263138709387469,0.0,0.0,0.0,0.0
265,1786799205,495344494,1786799205.495344,-8.589522362128841,-1.9952644147507776,0.7260848169137348,0.0,0.0,0.0,1.0,0.130859019008052,0.0050567035204633955,0.0,0.0,0.0,0.0
266,1786799205,711971803,1786799205.711972,-8.55663231431207,-1.9978395171948187,0.7258369012881393,0.0,0.0,0.0,1.0,0.13502023183840228,0.0022938538871017777,0.0,0.0,0.0,0.0
267,1786799206,45406102,1786799206.045406,-8.513170099664109,-1.996537127631634,0.7250076366556054,0.0,0.0,0.0,1.0,0.13147930997406954,0.001561937569475924,0.0,0.0,0.0,0.0
268,1786799206,312038349,1786799206.312038,-8.47581762982025,-1.9949587915662514,0.7248981378445103,0.0,0.0,0.0,1.0,0.13203050815231518,1.0679252556481354e-06,0.0,0.0,0.0,0.0
269,1786799206,528719697,1786799206.528720,-8.439518041040511,-1.9880731929178388,0.7256191949153207,0.0,0.0,0.0,1.0,0.13229110807927855,-0.0010311280927663257,0.0,0.0,0.0,0.0
270,1786799206,878752659,1786799206.878753,-8.393884916558441,-1.9853939007735601,0.7268533671867137,0.0,0.0,0.0,1.0,0.13120814829347732,0.0014325858710821484,0.0,0.0,0.0,0.0
271,1786799207,195380379,1786799207.195380,-8.353877539637436,-1.9818752285164962,0.726047518570218,0.0,0.0,0.0,1.0,0.12771161803402373,0.002497458885339243,0.0,0.0,0.0,0.0
272,1786799207,645417270,1786799207.645417,-8.295589074419368,-1.9803609655134136,0.7243814291058206,0.0,0.0,0.0,1.0,0.12755944098489497,0.00031695853753491095,0.0,0.0,0.0,0.0
273,1786799208,112048021,1786799208.112048,-8.23890546934517,-1.9814943619730172,0.7240169609520517,0.0,0.0,0.0,1.0,0.12725755295141672,-0.004832869950977548,0.0,0.0,0.0,0.0
274,1786799208,378735094,1786799208.378735,-8.20556489508834,-1.9828179737045917,0.7262546376218649,0.0,0.0,0.0,1.0,0.12166984822517364,-0.008853717964422081,0.0,0.0,0.0,0.0
275,1786799208,662107697,1786799208.662108,-8.168695159231493,-1.9834891038555578,0.7280823240878306,0.0,0.0,0.0,1.0,0.12670687416610488,-0.007470241361044071,0.0,0.0,0.0,0.0
276,1786799208,878828898,1786799208.878829,-8.14402849006679,-1.9815940131742773,0.7286241700346664,0.0,0.0,0.0,1.0,0.12676140185202275,-0.0011449147521280113,0.0,0.0,0.0,0.0
277,1786799209,112087536,1786799209.112087,-8.112918453244575,-1.980840117384703,0.7275495744488952,0.0,0.0,0.0,1.0,0.1336092950059321,-0.0012328152757863867,0.0,0.0,0.0,0.0
278,1786799209,345381515,1786799209.345381,-8.079650668033047,-1.9798328529836982,0.7282652666104547,0.0,0.0,0.0,1.0,0.13809182608870801,-0.0004906904651505357,0.0,0.0,0.0,0.0
279,1786799209,645406189,1786799209.645406,-8.03951258377623,-1.9783481851485127,0.7283741129762648,0.0,0.0,0.0,1.0,0.13644017828425997,0.0012956067523871798,0.0,0.0,0.0,0.0
280,1786799209,878733894,1786799209.878734,-8.007226393046402,-1.9772136279280283,0.7276933700741073,0.0,0.0,0.0,1.0,0.13694516183379937,0.0022739117628794163,0.0,0.0,0.0,0.0
281,1786799210,145418782,1786799210.145419,-7.972177319572669,-1.9763016136508276,0.7281767395839308,0.0,0.0,0.0,1.0,0.13437214672211503,0.003947270435413487,0.0,0.0,0.0,0.0
282,1786799210,545393616,1786799210.545394,-7.9205858417960275,-1.9769753763631341,0.7274849812967942,0.0,0.0,0.0,1.0,0.13353772648977288,0.005509693362949786,0.0,0.0,0.0,0.0
283,1786799210,945387742,1786799210.945388,-7.871567186655092,-1.9783756423586363,0.726708835854796,0.0,0.0,0.0,1.0,0.12563633737009056,0.0018387350133962526,0.0,0.0,0.0,0.0
284,1786799211,378743084,1786799211.378743,-7.821785869525854,-1.9787287214168892,0.7254554668311992,0.0,0.0,0.0,1.0,0.12588512264058443,8.82376071028321e-06,0.0,0.0,0.0,0.0
285,1786799211,662128795,1786799211.662129,-7.789332861631129,-1.9778315563298974,0.7251094774559856,0.0,0.0,0.0,1.0,0.1222855089316985,0.002256875063760475,0.0,0.0,0.0,0.0
286,1786799212,112119174,1786799212.112119,-7.736585954239166,-1.9728195557888546,0.7238544969845433,0.0,0.0,0.0,1.0,0.12101821688776121,0.007395304189318691,0.0,0.0,0.0,0.0
287,1786799212,428867919,1786799212.428868,-7.700717058048555,-1.9731760268055267,0.7245272100295178,0.0,0.0,0.0,1.0,0.1249948912870806,0.00784039703068088,0.0,0.0,0.0,0.0
288,1786799212,628920435,1786799212.628920,-7.676375182303083,-1.9738095287894462,0.7256575078709089,0.0,0.0,0.0,1.0,0.12575846764515222,0.008670139726940636,0.0,0.0,0.0,0.0
289,1786799212,912150777,1786799212.912151,-7.640932681561043,-1.9753724442489848,0.7253431674906585,0.0,0.0,0.0,1.0,0.12611756550974015,0.005393058418440606,0.0,0.0,0.0,0.0
290,1786799213,128810861,1786799213.128811,-7.615524789804292,-1.978006446111822,0.7252999867190365,0.0,0.0,0.0,1.0,0.12295060488756475,0.002340915111043113,0.0,0.0,0.0,0.0
291,1786799213,328831510,1786799213.328831,-7.591172073416264,-1.9790175705527324,0.7267208854853968,0.0,0.0,0.0,1.0,0.11960550726056303,0.00269134412428177,0.0,0.0,0.0,0.0
292,1786799213,545523208,1786799213.545523,-7.563375343021301,-1.9787927660244706,0.7259551494030251,0.0,0.0,0.0,1.0,0.12473961792616045,0.002878246181294251,0.0,0.0,0.0,0.0
293,1786799213,778844365,1786799213.778844,-7.536017489227012,-1.9778252854588902,0.7267767151084432,0.0,0.0,0.0,1.0,0.1247847923966972,0.001578778140374481,0.0,0.0,0.0,0.0
294,1786799214,178841405,1786799214.178841,-7.486370101391997,-1.97547311379178,0.7274422491074818,0.0,0.0,0.0,1.0,0.12441051804388902,0.003632207815470261,0.0,0.0,0.0,0.0
295,1786799214,395513005,1786799214.395513,-7.4610956716147445,-1.973447769687019,0.7278409260896989,0.0,0.0,0.0,1.0,0.12315507483426322,0.007056882597525129,0.0,0.0,0.0,0.0
296,1786799214,828865364,1786799214.828865,-7.406368966599371,-1.9711815326942363,0.7280782348289926,0.0,0.0,0.0,1.0,0.12503667231023324,0.006711610660212247,0.0,0.0,0.0,0.0
297,1786799215,45541695,1786799215.045542,-7.377844282787721,-1.9704508918530619,0.72772572522406,0.0,0.0,0.0,1.0,0.1315339395199348,0.002620320322759678,0.0,0.0,0.0,0.0
298,1786799215,328844325,1786799215.328844,-7.340356027090352,-1.9710562152744378,0.726994192456198,0.0,0.0,0.0,1.0,0.1319210944035632,-0.0016913687375361489,0.0,0.0,0.0,0.0
299,1786799215,528890743,1786799215.528891,-7.317582390014394,-1.971776343806008,0.727091984112969,0.0,0.0,0.0,1.0,0.1288690089367865,-0.0029259640440598557,0.0,0.0,0.0,0.0
300,1786799215,812184719,1786799215.812185,-7.282490953681495,-1.9728744411780261,0.7255990155866735,0.0,0.0,0.0,1.0,0.12977125402054437,-0.00576529802219531,0.0,0.0,0.0,0.0
301,1786799216,178889744,1786799216.178890,-7.23584871707187,-1.9718136877253594,0.7248138778776728,0.0,0.0,0.0,1.0,0.1311895262061654,-0.004729209341636939,0.0,0.0,0.0,0.0
302,1786799216,895585523,1786799216.895586,-7.150918101372729,-1.9668767795980087,0.723955612921948,0.0,0.0,0.0,1.0,0.12516283181703786,-0.0009849865887047345,0.0,0.0,0.0,0.0
303,1786799217,128941393,1786799217.128941,-7.1223907884480235,-1.9678124871813982,0.7269146707979012,0.0,0.0,0.0,1.0,0.1254031721327635,-0.0009675971244993559,0.0,0.0,0.0,0.0
304,1786799217,528959805,1786799217.528960,-7.071548670422533,-1.9693835261625707,0.7268857779920305,0.0,0.0,0.0,1.0,0.12850804880477984,-0.0018447729365100108,0.0,0.0,0.0,0.0
305,1786799217,995650265,1786799217.995650,-7.011363208952826,-1.9740618565321457,0.7249621580747612,0.0,0.0,0.0,1.0,0.13226880443738862,-0.0048796728986973716,0.0,0.0,0.0,0.0
306,1786799218,262299358,1786799218.262299,-6.980778600917356,-1.9751432601077628,0.7241673996479662,0.0,0.0,0.0,1.0,0.1337787093267875,-0.0054780825656831,0.0,0.0,0.0,0.0
307,1786799218,495765280,1786799218.495765,-6.952373431291898,-1.9763402101983427,0.7264133088717258,0.0,0.0,0.0,1.0,0.13188451839826287,-0.006431726112661483,0.0,0.0,0.0,0.0
308,1786799218,729012916,1786799218.729013,-6.920805582992955,-1.9731717630443941,0.7250848231876149,0.0,0.0,0.0,1.0,0.130848958667252,-0.004170306969839059,0.0,0.0,0.0,0.0
309,1786799219,62368928,1786799219.062369,-6.881029190585754,-1.9707349090524482,0.7245980188454865,0.0,0.0,0.0,1.0,0.1277813656985459,-0.0008794775253691683,0.0,0.0,0.0,0.0
310,1786799219,362282291,1786799219.362282,-6.844493856961361,-1.968335811155519,0.7243886680757915,0.0,0.0,0.0,1.0,0.12481681321933594,-0.0018520630173110672,0.0,0.0,0.0,0.0
311,1786799219,745619997,1786799219.745620,-6.7984107713525725,-1.9677873219497632,0.7261007016768858,0.0,0.0,0.0,1.0,0.12402756825945002,-0.002397932193573512,0.0,0.0,0.0,0.0
312,1786799220,62332421,1786799220.062332,-6.755137581411682,-1.9709119128472865,0.7259799867162379,0.0,0.0,0.0,1.0,0.12133618117019736,-0.005949454878027455,0.0,0.0,0.0,0.0
313,1786799220,528956584,1786799220.528957,-6.697186855192001,-1.975067759609231,0.726136807663964,0.0,0.0,0.0,1.0,0.12167343035904009,-0.010039668509758513,0.0,0.0,0.0,0.0
314,1786799220,728961311,1786799220.728961,-6.670662306561187,-1.9741536123258963,0.7266004795322186,0.0,0.0,0.0,1.0,0.125618819147655,-0.006193949465877429,0.0,0.0,0.0,0.0
315,1786799220,962334969,1786799220.962335,-6.641013700102613,-1.9722355306942374,0.7258598768727494,0.0,0.0,0.0,1.0,0.1242222658857141,-0.0014718271571236372,0.0,0.0,0.0,0.0
316,1786799221,229017398,1786799221.229017,-6.607113232890241,-1.9712202910964398,0.7250661875457826,0.0,0.0,0.0,1.0,0.12259241102496736,0.0028849616378682215,0.0,0.0,0.0,0.0
317,1786799221,429035940,1786799221.429036,-6.583297920423685,-1.9703523228481141,0.7257826931473078,0.0,0.0,0.0,1.0,0.11983609193215485,0.004654412490306663,0.0,0.0,0.0,0.0
318,1786799221,662390045,1786799221.662390,-6.553669477023673,-1.9717255341202804,0.7249307483411958,0.0,0.0,0.0,1.0,0.1233353727917913,0.0007444759308790671,0.0,0.0,0.0,0.0
319,1786799222,129020763,1786799222.129021,-6.5003929853603015,-1.9663742348342677,0.7253608984333019,0.0,0.0,0.0,1.0,0.12247386765727733,0.009975727468246766,0.0,0.0,0.0,0.0
320,1786799222,329028589,1786799222.329029,-6.4749707012190445,-1.9622642720903323,0.7287188747733658,0.0,0.0,0.0,1.0,0.12733201397313154,0.008066966704059224,0.0,0.0,0.0,0.0
321,1786799222,595753429,1786799222.595753,-6.440060558080167,-1.9549936582944993,0.7279136578551393,0.0,0.0,0.0,1.0,0.13101535118528307,0.015383795571301546,0.0,0.0,0.0,0.0
322,1786799223,29100181,1786799223.029100,-6.385818973135585,-1.9390781430684594,0.7276654192830418,0.0,0.0,0.0,1.0,0.12589906050269262,0.03029150373817465,0.0,0.0,0.0,0.0
323,1786799223,279019022,1786799223.279019,-6.346582934150275,-1.9451917433092925,0.7266686907637352,0.0,0.0,0.0,1.0,0.13138045603818224,0.029252744346722127,0.0,0.0,0.0,0.0
324,1786799223,512439944,1786799223.512440,-6.339602477980143,-1.9432326773202484,0.7264444710945733,0.0,0.0,0.0,1.0,0.13289752256759693,0.03265541545735511,0.0,0.0,0.0,0.0
325,1786799223,845797438,1786799223.845798,-6.339602477980143,-1.9432326773202484,0.7264444710945733,0.0,0.0,0.0,1.0,0.13289752256759693,0.03265541545735511,0.0,0.0,0.0,0.0
326,1786799224,312409856,1786799224.312410,-6.274657449871261,-1.9379089454486582,0.7267062910559943,0.0,0.0,0.0,1.0,0.12488413044796208,0.04863655207740598,0.0,0.0,0.0,0.0
327,1786799224,779015962,1786799224.779016,-6.224811057176347,-1.9355766838532011,0.72426852417698,0.0,0.0,0.0,1.0,0.1128669756600012,0.058933125993412605,0.0,0.0,0.0,0.0
328,1786799224,979047755,1786799224.979048,-6.2029352352359135,-1.9424033159466867,0.7249523568680728,0.0,0.0,0.0,1.0,0.11591828212797486,0.06202236308933123,0.0,0.0,0.0,0.0
329,1786799225,179085223,1786799225.179085,-6.184263426990176,-1.9443357309040123,0.7250444343316432,0.0,0.0,0.0,1.0,0.11144743363819268,0.06018129136676766,0.0,0.0,0.0,0.0
330,1786799225,445742979,1786799225.445743,-6.159101918707208,-1.9313098250315524,0.7247420737993695,0.0,0.0,0.0,1.0,0.10538593684706427,0.05876434718666845,0.0,0.0,0.0,0.0
331,1786799225,845776974,1786799225.845777,-6.1233745078336925,-1.9010265568026032,0.7250342319543561,0.0,0.0,0.0,1.0,0.10633562367223369,0.06165768295969626,0.0,0.0,0.0,0.0
332,1786799226,79213086,1786799226.079213,-6.1116586902444965,-1.8790565078962178,0.7263984286612728,0.0,0.0,0.0,1.0,0.10494258099236177,0.06418487506766304,0.0,0.0,0.0,0.0
333,1786799226,312390564,1786799226.312391,-6.096485258097343,-1.8528761984657014,0.7274689158904675,0.0,0.0,0.0,1.0,0.11005644246520908,0.07034587213925654,0.0,0.0,0.0,0.0
334,1786799226,579089460,1786799226.579089,-6.075252788894886,-1.8267797115068043,0.726289775983553,0.0,0.0,0.0,1.0,0.11188805497636048,0.07489426503486081,0.0,0.0,0.0,0.0
335,1786799226,912422274,1786799226.912422,-6.052177253107883,-1.7994579795305445,0.7239133196434109,0.0,0.0,0.0,1.0,0.11170416276640216,0.07410903660089975,0.0,0.0,0.0,0.0
336,1786799227,145842300,1786799227.145842,-6.040372073084761,-1.7864454719768186,0.7240561957972769,0.0,0.0,0.0,1.0,0.10485460438855215,0.06944368221163819,0.0,0.0,0.0,0.0
337,1786799227,612572283,1786799227.612572,-6.008834260871101,-1.7590333527204762,0.7252173190409461,0.0,0.0,0.0,1.0,0.10159878270290706,0.05897761434584599,0.0,0.0,0.0,0.0
338,1786799227,979092229,1786799227.979092,-5.973015911034744,-1.7234585037763646,0.7286844715250778,0.0,0.0,0.0,1.0,0.10613396036115424,0.057203670616635054,0.0,0.0,0.0,0.0
339,1786799228,412490168,1786799228.412490,-5.9259324642437425,-1.6820642230586265,0.7278502713160592,0.0,0.0,0.0,1.0,0.11082081873142348,0.057096415866781346,0.0,0.0,0.0,0.0
340,1786799228,779170206,1786799228.779170,-5.872188488149018,-1.6579404413739876,0.7259561151744767,0.0,0.0,0.0,1.0,0.12100641980724498,0.052468238630591336,0.0,0.0,0.0,0.0
341,1786799229,12469299,1786799229.012469,-5.832509257325315,-1.639584271601057,0.725846808863968,0.0,0.0,0.0,1.0,0.12309899951991247,0.05448382569295608,0.0,0.0,0.0,0.0
342,1786799229,279152355,1786799229.279152,-5.787854984247233,-1.6102932469313789,0.7268685630981988,0.0,0.0,0.0,1.0,0.1238800770794104,0.05132836278840701,0.0,0.0,0.0,0.0
343,1786799229,545811537,1786799229.545812,-5.758730294377053,-1.6008553850000213,0.7264881433591984,0.0,0.0,0.0,1.0,0.11932203610686729,0.04746637035291985,0.0,0.0,0.0,0.0
344,1786799230,79107060,1786799230.079107,-5.684637921797264,-1.5740494327259442,0.7273389050310575,0.0,0.0,0.0,1.0,0.11708216633847413,0.04760705335200012,0.0,0.0,0.0,0.0
345,1786799230,312488731,1786799230.312489,-5.641746211620471,-1.5591937956495947,0.7267430314981864,0.0,0.0,0.0,1.0,0.12038903302810516,0.04576991683961095,0.0,0.0,0.0,0.0
346,1786799230,612489714,1786799230.612490,-5.587184934236468,-1.5434182148560773,0.7270072363399648,0.0,0.0,0.0,1.0,0.12525883676146024,0.04619079748728136,0.0,0.0,0.0,0.0
347,1786799230,812551534,1786799230.812551,-5.562695486811849,-1.5361004206755935,0.7271258032998194,0.0,0.0,0.0,1.0,0.12116898797942079,0.04511734061073343,0.0,0.0,0.0,0.0
348,1786799231,45793942,1786799231.045794,-5.522348359790855,-1.5341402640733228,0.7262208817459038,0.0,0.0,0.0,1.0,0.11664590851688698,0.0369116331500371,0.0,0.0,0.0,0.0
349,1786799231,345853068,1786799231.345853,-5.470601028822682,-1.5178752230207677,0.7266426854591019,0.0,0.0,0.0,1.0,0.11971333623308815,0.03948709132599526,0.0,0.0,0.0,0.0
350,1786799231,612512696,1786799231.612513,-5.425901820399902,-1.5036850803362793,0.7272126704408662,0.0,0.0,0.0,1.0,0.11967969289411313,0.0402334369150639,0.0,0.0,0.0,0.0
351,1786799232,112507664,1786799232.112508,-5.367126341182005,-1.484023077251047,0.727623540653908,0.0,0.0,0.0,1.0,0.11563663824253606,0.044925286172918764,0.0,0.0,0.0,0.0
352,1786799232,345883880,1786799232.345884,-5.329647068881082,-1.4697568874763487,0.7271174201932229,0.0,0.0,0.0,1.0,0.1123279767864859,0.04495631313377755,0.0,0.0,0.0,0.0
353,1786799232,645863987,1786799232.645864,-5.287770828904475,-1.4532794449358453,0.7269603351499802,0.0,0.0,0.0,1.0,0.126601152744515,0.04992120900471464,0.0,0.0,0.0,0.0
354,1786799232,879253824,1786799232.879254,-5.24742579763505,-1.4406226378848168,0.7267175782941674,0.0,0.0,0.0,1.0,0.13000634095724378,0.05219646056625295,0.0,0.0,0.0,0.0
355,1786799233,212562114,1786799233.212562,-5.19746763728882,-1.4253332576795703,0.7268704587178182,0.0,0.0,0.0,1.0,0.12805711070167872,0.047863478719384296,0.0,0.0,0.0,0.0
356,1786799233,912586135,1786799233.912586,-5.097410274525481,-1.4073048676991535,0.7265253938239097,0.0,0.0,0.0,1.0,0.13202921982773064,0.035612871963701304,0.0,0.0,0.0,0.0
357,1786799234,145954986,1786799234.145955,-5.060640121063862,-1.3907439588705728,0.7261579527210362,0.0,0.0,0.0,1.0,0.12773263287830347,0.04449202118677646,0.0,0.0,0.0,0.0
358,1786799234,579254251,1786799234.579254,-5.010527666477965,-1.3694512972596535,0.7246562629797633,0.0,0.0,0.0,1.0,0.12122264113864127,0.05089640559025829,0.0,0.0,0.0,0.0
359,1786799235,12683528,1786799235.012684,-4.979258827991276,-1.3560746374441566,0.7267489372954055,0.0,0.0,0.0,1.0,0.12730900638696885,0.05563704137684732,0.0,0.0,0.0,0.0
360,1786799235,245896055,1786799235.245896,-4.961727779860137,-1.3496499773535877,0.7255745269213785,0.0,0.0,0.0,1.0,0.0940772956698863,0.036781131380192955,0.0,0.0,0.0,0.0
361,1786799235,479238035,1786799235.479238,-4.931199899748678,-1.3367425442645726,0.7260862582410069,0.0,0.0,0.0,1.0,0.10102586602144543,0.0399759763155769,0.0,0.0,0.0,0.0
362,1786799235,745947148,1786799235.745947,-4.896041561997455,-1.325714660248059,0.7242637730730724,0.0,0.0,0.0,1.0,0.10418564617815994,0.038896833824692716,0.0,0.0,0.0,0.0
363,1786799236,196003521,1786799236.196003,-4.841914605579859,-1.3094684790482543,0.726302926645161,0.0,0.0,0.0,1.0,0.10733640843548495,0.03301336029529343,0.0,0.0,0.0,0.0
364,1786799236,712655378,1786799236.712655,-4.781362535070563,-1.2882345762813112,0.7280299454201689,0.0,0.0,0.0,1.0,0.11555837639210535,0.03475564731497388,0.0,0.0,0.0,0.0
365,1786799236,945980410,1786799236.945980,-4.7537040512055775,-1.2757894773104388,0.7271857095840772,0.0,0.0,0.0,1.0,0.1174711129664202,0.03824476063226725,0.0,0.0,0.0,0.0
366,1786799237,896127647,1786799237.896128,-4.634489379202048,-1.2231681109755845,0.7207866826358285,0.0,0.0,0.0,1.0,0.11611097813817128,0.04658228804069181,0.0,0.0,0.0,0.0
367,1786799238,212673480,1786799238.212673,-4.592430232561273,-1.2040539360491003,0.7247491988112741,0.0,0.0,0.0,1.0,0.1138124319678112,0.04919731942475185,0.0,0.0,0.0,0.0
368,1786799238,512674629,1786799238.512675,-4.558585651904629,-1.1891373007352875,0.7256652133846855,0.0,0.0,0.0,1.0,0.11043997410198146,0.04612097009681798,0.0,0.0,0.0,0.0
369,1786799238,779342956,1786799238.779343,-4.518238826022907,-1.1816676814475593,0.7272418584056428,0.0,0.0,0.0,1.0,0.11884131119355802,0.0413700619426614,0.0,0.0,0.0,0.0
370,1786799238,979389818,1786799238.979390,-4.495974622828466,-1.169984783184007,0.7274881890453367,0.0,0.0,0.0,1.0,0.12231218877016793,0.04533264718735887,0.0,0.0,0.0,0.0
371,1786799239,279400876,1786799239.279401,-4.452591640017328,-1.159754785021288,0.7275046320020523,0.0,0.0,0.0,1.0,0.12925925678147832,0.04770586028326403,0.0,0.0,0.0,0.0
372,1786799239,579470477,1786799239.579470,-4.417818121178855,-1.1439677380661,0.7282327791640653,0.0,0.0,0.0,1.0,0.12732828699846388,0.051281324704287284,0.0,0.0,0.0,0.0
373,1786799239,796091909,1786799239.796092,-4.395356692331317,-1.1328617411119017,0.7266533457158196,0.0,0.0,0.0,1.0,0.12133575403873541,0.05380593354675875,0.0,0.0,0.0,0.0
374,1786799240,112695186,1786799240.112695,-4.358699865159011,-1.1170973111936497,0.7255474992737126,0.0,0.0,0.0,1.0,0.11999510912612031,0.04973862372529154,0.0,0.0,0.0,0.0
375,1786799240,329348524,1786799240.329349,-4.331157750311473,-1.1059785822065553,0.727108393197282,0.0,0.0,0.0,1.0,0.12093137553412166,0.04929861750637055,0.0,0.0,0.0,0.0
376,1786799240,529374381,1786799240.529374,-4.306866097735441,-1.0955053222174316,0.7282086849404882,0.0,0.0,0.0,1.0,0.12065267280641717,0.04869844398248605,0.0,0.0,0.0,0.0
377,1786799240,746005080,1786799240.746005,-4.282779011820145,-1.0838346987130594,0.7276605940509402,0.0,0.0,0.0,1.0,0.12316534860468242,0.050070423579716805,0.0,0.0,0.0,0.0
378,1786799241,79461442,1786799241.079461,-4.242914109777312,-1.0667029720316883,0.7259672162117379,0.0,0.0,0.0,1.0,0.12208306710260804,0.04724386990148801,0.0,0.0,0.0,0.0
379,1786799241,296028835,1786799241.296029,-4.212814531310951,-1.061438976870892,0.7262883670444771,0.0,0.0,0.0,1.0,0.12309747177052933,0.04342312116955309,0.0,0.0,0.0,0.0
380,1786799241,529446150,1786799241.529446,-4.184369827000196,-1.0493212368402993,0.7267635577842443,0.0,0.0,0.0,1.0,0.12367767410009366,0.04618974253981485,0.0,0.0,0.0,0.0
381,1786799241,796051646,1786799241.796052,-4.152247088904161,-1.0361739714498213,0.7285147368469486,0.0,0.0,0.0,1.0,0.12318435869150862,0.04703465418389638,0.0,0.0,0.0,0.0
382,1786799242,29360430,1786799242.029361,-4.110871484066579,-1.0170536161747643,0.7290189678283931,0.0,0.0,0.0,1.0,0.12048889715958555,0.04943680881674981,0.0,0.0,0.0,0.0
383,1786799242,296074744,1786799242.296075,-4.081112918891588,-1.0042380767445616,0.7272599133694907,0.0,0.0,0.0,1.0,0.11797191159325628,0.05034735459492878,0.0,0.0,0.0,0.0
384,1786799242,929373522,1786799242.929374,-4.008196378326186,-0.9702805054484318,0.728190164536535,0.0,0.0,0.0,1.0,0.11723271876111994,0.05672605895723764,0.0,0.0,0.0,0.0
385,1786799243,146057380,1786799243.146057,-3.9855364292117947,-0.9586820623167351,0.7254470560477363,0.0,0.0,0.0,1.0,0.11547716584781553,0.052225845361542456,0.0,0.0,0.0,0.0
386,1786799243,412722664,1786799243.412723,-3.9569902798576884,-0.9439573906748484,0.725919238723683,0.0,0.0,0.0,1.0,0.11460481291834652,0.05473574315035665,0.0,0.0,0.0,0.0
387,1786799243,862837921,1786799243.862838,-3.9025884951417256,-0.9215781817327815,0.7275388716712341,0.0,0.0,0.0,1.0,0.12029210525162871,0.05341685389476507,0.0,0.0,0.0,0.0
388,1786799244,596108315,1786799244.596108,-3.8132621355035177,-0.8880171834833517,0.7253611927654964,0.0,0.0,0.0,1.0,0.12525132285006063,0.04874563847134611,0.0,0.0,0.0,0.0
389,1786799244,862820430,1786799244.862820,-3.7917869619827442,-0.877081768543063,0.7268306977962217,0.0,0.0,0.0,1.0,0.13540330412209384,0.055887258781727865,0.0,0.0,0.0,0.0
390,1786799245,529584993,1786799245.529585,-3.7154506961815272,-0.8429770505089969,0.72627725882983,0.0,0.0,0.0,1.0,0.13174385049056492,0.06003559428645655,0.0,0.0,0.0,0.0
391,1786799245,879515902,1786799245.879516,-3.6818328878844326,-0.8269094896946454,0.7251454820074765,0.0,0.0,0.0,1.0,0.12373142780449481,0.05739921362843542,0.0,0.0,0.0,0.0
392,1786799246,396242197,1786799246.396242,-3.618287705040002,-0.803239518167691,0.7280728036441763,0.0,0.0,0.0,1.0,0.12434669060973265,0.0544788173206094,0.0,0.0,0.0,0.0
393,1786799247,629528820,1786799247.629529,-3.4669422045936216,-0.7440225155588036,0.7283519849718231,0.0,0.0,0.0,1.0,0.12093096278999728,0.05392023350234557,0.0,0.0,0.0,0.0
394,1786799248,229561405,1786799248.229561,-3.38231465990601,-0.7014027345255702,0.7273007708641654,0.0,0.0,0.0,1.0,0.10686480388816852,0.04984384482705588,0.0,0.0,0.0,0.0
395,1786799248,462835462,1786799248.462836,-3.3533717392101163,-0.6886402167967949,0.7268945488395091,0.0,0.0,0.0,1.0,0.11363902467038867,0.05037507452277881,0.0,0.0,0.0,0.0
396,1786799249,162843304,1786799249.162843,-3.264845046883991,-0.6555332777310379,0.7241768606263557,0.0,0.0,0.0,1.0,0.11455173716739907,0.0466811479679642,0.0,0.0,0.0,0.0
397,1786799249,396214610,1786799249.396215,-3.2377088585328355,-0.6439440662874358,0.726560496138579,0.0,0.0,0.0,1.0,0.11277801978906343,0.04763505359448722,0.0,0.0,0.0,0.0
398,1786799249,729639189,1786799249.729639,-3.197496640064065,-0.6283250729747811,0.725179348499447,0.0,0.0,0.0,1.0,0.11467566639668458,0.05088793110343272,0.0,0.0,0.0,0.0
399,1786799250,96242428,1786799250.096242,-3.154789415662343,-0.6097768025957175,0.7253892380370603,0.0,0.0,0.0,1.0,0.12012697461134528,0.05209718268792314,0.0,0.0,0.0,0.0
400,1786799250,296252025,1786799250.296252,-3.14109705325075,-0.6037007481651624,0.7265069230435673,0.0,0.0,0.0,1.0,0.1325223333974526,0.057238689305497914,0.0,0.0,0.0,0.0
401,1786799251,62890782,1786799251.062891,-3.049964901642026,-0.5609205124598804,0.7259989888703441,0.0,0.0,0.0,1.0,0.12530033864694345,0.059615079351188816,0.0,0.0,0.0,0.0
402,1786799251,379663671,1786799251.379664,-3.0133312888787565,-0.545771135863593,0.7251711894603564,0.0,0.0,0.0,1.0,0.12379449988890845,0.056644890661735295,0.0,0.0,0.0,0.0
403,1786799251,729655095,1786799251.729655,-2.9705769335452654,-0.5340686141376758,0.7231465737016884,0.0,0.0,0.0,1.0,0.12362423431957477,0.050553485082008486,0.0,0.0,0.0,0.0
404,1786799252,96293054,1786799252.096293,-2.926359405583508,-0.5168737947814845,0.7255145323469867,0.0,0.0,0.0,1.0,0.1277706333410331,0.049058542041403544,0.0,0.0,0.0,0.0
405,1786799252,596322418,1786799252.596323,-2.8736230162657144,-0.49447956380048463,0.7245204428336747,0.0,0.0,0.0,1.0,0.1351423611700921,0.04948213648541673,0.0,0.0,0.0,0.0
406,1786799253,29649928,1786799253.029650,-2.8274909632244594,-0.4851601093693514,0.7263084244323444,0.0,0.0,0.0,1.0,0.12869177480681257,0.04581772532315764,0.0,0.0,0.0,0.0
407,1786799253,462969942,1786799253.462970,-2.7833805484271057,-0.4726052305802886,0.723860851890061,0.0,0.0,0.0,1.0,0.12667974013417244,0.05024035079324025,0.0,0.0,0.0,0.0
408,1786799253,663070937,1786799253.663071,-2.76472309581073,-0.4641409260240583,0.7263810388859948,0.0,0.0,0.0,1.0,0.12350535950393833,0.049562024752961675,0.0,0.0,0.0,0.0
409,1786799254,196313196,1786799254.196313,-2.7012449282105138,-0.42945415401605347,0.7266704515290946,0.0,0.0,0.0,1.0,0.11287161954038374,0.036541116736189726,0.0,0.0,0.0,0.0
410,1786799254,529647280,1786799254.529647,-2.652011905104775,-0.40541629279939384,0.7263593724310025,0.0,0.0,0.0,1.0,0.12584165146855156,0.03797461138553804,0.0,0.0,0.0,0.0
411,1786799255,296413124,1786799255.296413,-2.6112238397210685,-0.40976933955784856,0.7271946617307912,0.0,0.0,0.0,1.0,0.11318947542548727,-0.004075337317249652,0.0,0.0,0.0,0.0
412,1786799255,663094391,1786799255.663094,-2.584167740655685,-0.41852008058037793,0.7249629683800873,0.0,0.0,0.0,1.0,0.11128572225277114,-0.019597922269354685,0.0,0.0,0.0,0.0
413,1786799255,896381311,1786799255.896381,-2.55427777998951,-0.41543164821290146,0.7248520072442811,0.0,0.0,0.0,1.0,0.12689898794889348,-0.013136718831562163,0.0,0.0,0.0,0.0
414,1786799256,229784712,1786799256.229785,-2.5035432597169915,-0.4031098437234746,0.7248669370308239,0.0,0.0,0.0,1.0,0.13226627992608936,-0.016284940587487286,0.0,0.0,0.0,0.0
415,1786799256,429811252,1786799256.429811,-2.4985388839645637,-0.38895047463084453,0.7236162393315821,0.0,0.0,0.0,1.0,0.134925116705433,-0.01517712131422096,0.0,0.0,0.0,0.0
416,1786799256,746477101,1786799256.746477,-2.455286371780458,-0.3806343716985978,0.7233510005032683,0.0,0.0,0.0,1.0,0.13577853151945804,-0.02151280502774633,0.0,0.0,0.0,0.0
417,1786799257,79805234,1786799257.079805,-2.4128322857368456,-0.3802620100056815,0.7232555502351317,0.0,0.0,0.0,1.0,0.12747028866486682,-0.02337916305638592,0.0,0.0,0.0,0.0
418,1786799257,379797407,1786799257.379797,-2.375624039459776,-0.37801373785276016,0.7261982899808562,0.0,0.0,0.0,1.0,0.11709503790800896,-0.018084653963146888,0.0,0.0,0.0,0.0
419,1786799257,846428933,1786799257.846429,-2.3322391417829778,-0.39805554404091525,0.731252675421187,0.0,0.0,0.0,1.0,0.11447271629331451,-0.013237604993276112,0.0,0.0,0.0,0.0
420,1786799258,146366860,1786799258.146367,-2.3018484800636347,-0.4163977353749364,0.7321767893128845,0.0,0.0,0.0,1.0,0.11909229966491408,-0.015276112570779848,0.0,0.0,0.0,0.0
421,1786799258,646413701,1786799258.646414,-2.2525704792652377,-0.4361774200479216,0.7302919474029487,0.0,0.0,0.0,1.0,0.12361084325549448,-0.022223618043603975,0.0,0.0,0.0,0.0
422,1786799258,896466052,1786799258.896466,-2.2273792085514277,-0.4500836727563635,0.7280526152040454,0.0,0.0,0.0,1.0,0.13732568653529292,-0.028713561828472345,0.0,0.0,0.0,0.0
423,1786799259,279891198,1786799259.279891,-2.184365089268141,-0.4656012193456862,0.7231601486915035,0.0,0.0,0.0,1.0,0.12457321008038569,-0.019909238220478985,0.0,0.0,0.0,0.0
424,1786799259,546466152,1786799259.546466,-2.154791234310471,-0.47897840530213687,0.7221163603272724,0.0,0.0,0.0,1.0,0.12110630613711582,-0.01880537457023049,0.0,0.0,0.0,0.0
425,1786799259,746523238,1786799259.746523,-2.1302351302029336,-0.4759604552764063,0.7216837611964363,0.0,0.0,0.0,1.0,0.12033812724198473,-0.011906963388454296,0.0,0.0,0.0,0.0
426,1786799260,79774953,1786799260.079775,-2.08918564114923,-0.48839393331269476,0.7216996843175798,0.0,0.0,0.0,1.0,0.12091141302876526,-0.00755261184023708,0.0,0.0,0.0,0.0
427,1786799260,413019044,1786799260.413019,-2.056882274775921,-0.49042596631429247,0.7252850142344021,0.0,0.0,0.0,1.0,0.11619336144792312,-0.002782370621426763,0.0,0.0,0.0,0.0
428,1786799260,646390104,1786799260.646390,-2.040924973518429,-0.49609552092689224,0.7264459598553853,0.0,0.0,0.0,1.0,0.12006869750261168,-0.004525468635607364,0.0,0.0,0.0,0.0
429,1786799261,563144465,1786799261.563144,-1.9289736652801857,-0.5076839966957309,0.7303916136688432,0.0,0.0,0.0,1.0,0.12010429153832362,-0.014363476693127859,0.0,0.0,0.0,0.0
430,1786799261,913260526,1786799261.913260,-1.8865906246892212,-0.5154610740990375,0.7288942436936653,0.0,0.0,0.0,1.0,0.12118897374642673,-0.01617641460726045,0.0,0.0,0.0,0.0
431,1786799262,279752905,1786799262.279753,-1.840004373007,-0.5216583073533994,0.728580126515533,0.0,0.0,0.0,1.0,0.12552209378423723,-0.015300129646928135,0.0,0.0,0.0,0.0
432,1786799262,563183708,1786799262.563184,-1.7951238772370601,-0.5193959609274192,0.7275630984890568,0.0,0.0,0.0,1.0,0.1280594677064926,-0.01141082716471197,0.0,0.0,0.0,0.0
433,1786799262,879820288,1786799262.879820,-1.7671529418698153,-0.5121640086553527,0.7281862591286474,0.0,0.0,0.0,1.0,0.129286621164747,-0.0039546446014757115,0.0,0.0,0.0,0.0
434,1786799263,379841943,1786799263.379842,-1.7009280990618052,-0.5071215276745005,0.728258574107555,0.0,0.0,0.0,1.0,0.11752912668539872,-0.00022552927996356657,0.0,0.0,0.0,0.0
435,1786799263,729983953,1786799263.729984,-1.6571251750309433,-0.5040738117223356,0.7283287455716323,0.0,0.0,0.0,1.0,0.11541369683042099,0.0013311864783174404,0.0,0.0,0.0,0.0
436,1786799264,79786240,1786799264.079786,-1.6126320632135993,-0.5057974933893443,0.7275100160053556,0.0,0.0,0.0,1.0,0.11542506783199838,-0.0027204485125720806,0.0,0.0,0.0,0.0
437,1786799264,429916842,1786799264.429917,-1.5669266234545791,-0.5100743744515555,0.7254081999339996,0.0,0.0,0.0,1.0,0.11759644686925343,-0.005477764578409506,0.0,0.0,0.0,0.0
438,1786799264,863278825,1786799264.863279,-1.5134294412426552,-0.5091192956370554,0.7223312137893255,0.0,0.0,0.0,1.0,0.12241829327346634,-0.005196414741156666,0.0,0.0,0.0,0.0
439,1786799265,96553626,1786799265.096554,-1.4804639004815296,-0.504770143897121,0.7229378782446775,0.0,0.0,0.0,1.0,0.12508725979194796,-0.002792200703223983,0.0,0.0,0.0,0.0
440,1786799265,313159336,1786799265.313159,-1.453845934437691,-0.5037724149296332,0.7231429807860473,0.0,0.0,0.0,1.0,0.12232488175316411,-0.0009296064323900044,0.0,0.0,0.0,0.0
441,1786799265,779778175,1786799265.779778,-1.3912691636735541,-0.5019331297119944,0.7246932034542088,0.0,0.0,0.0,1.0,0.12303544738273668,0.001927641888619215,0.0,0.0,0.0,0.0
442,1786799266,96541265,1786799266.096541,-1.3471865520387922,-0.5041896594157085,0.7252665687987914,0.0,0.0,0.0,1.0,0.12363575231404929,-0.0011703274600345635,0.0,0.0,0.0,0.0
443,1786799266,513278243,1786799266.513278,-1.2931616351035853,-0.5080165914286252,0.7260635373079459,0.0,0.0,0.0,1.0,0.1199443104411866,-0.002918450519024503,0.0,0.0,0.0,0.0
444,1786799267,96621686,1786799267.096622,-1.2151202138142114,-0.5090173090288312,0.7258577282016275,0.0,0.0,0.0,1.0,0.12186461464397987,0.002198784098293747,0.0,0.0,0.0,0.0
445,1786799267,346527442,1786799267.346527,-1.1783964531463358,-0.5129239429680494,0.7268495363351778,0.0,0.0,0.0,1.0,0.12202728824946386,-0.0011679147950386173,0.0,0.0,0.0,0.0
446,1786799267,630111236,1786799267.630111,-1.1397295492724098,-0.5101703360340677,0.7269792933414427,0.0,0.0,0.0,1.0,0.12170332986173724,0.0012716513704052388,0.0,0.0,0.0,0.0
447,1786799267,929904809,1786799267.929905,-1.1019790158976512,-0.507547583456039,0.7252885718053892,0.0,0.0,0.0,1.0,0.12124649860888576,-0.003117788980260339,0.0,0.0,0.0,0.0
448,1786799268,129944021,1786799268.129944,-1.0751924508327733,-0.5044602131070124,0.7255179131610082,0.0,0.0,0.0,1.0,0.12342519057393675,-0.0007341044936261146,0.0,0.0,0.0,0.0
449,1786799268,579918834,1786799268.579919,-1.0127106968182318,-0.507003224198568,0.725164159258142,0.0,0.0,0.0,1.0,0.12757447294567056,-0.003272045838158445,0.0,0.0,0.0,0.0
450,1786799268,996715781,1786799268.996716,-0.9551255909132514,-0.5116448746783884,0.72532575190878,0.0,0.0,0.0,1.0,0.1283036239688648,-0.011220369880034966,0.0,0.0,0.0,0.0
451,1786799269,630044369,1786799269.630044,-0.8908752940975333,-0.5160341782669555,0.726452371954706,0.0,0.0,0.0,1.0,0.1361139592771774,-0.011346855384052421,0.0,0.0,0.0,0.0
452,1786799269,929966856,1786799269.929967,-0.8908752940975333,-0.5160341782669555,0.726452371954706,0.0,0.0,0.0,1.0,0.1361139592771774,-0.011346855384052421,0.0,0.0,0.0,0.0
453,1786799270,329961786,1786799270.329962,-0.828322130615156,-0.5141653680468032,0.7256619440271692,0.0,0.0,0.0,1.0,0.14382489045381397,-0.0023511642917563892,0.0,0.0,0.0,0.0
454,1786799270,530015587,1786799270.530015,-0.7982426798279292,-0.5087258160396415,0.7258607730477701,0.0,0.0,0.0,1.0,0.13753540626493713,0.0028921598695780685,0.0,0.0,0.0,0.0
455,1786799270,963750251,1786799270.963750,-0.7357156733061405,-0.503632298300416,0.7283063136643818,0.0,0.0,0.0,1.0,0.13039173497662906,0.004042167525612044,0.0,0.0,0.0,0.0
456,1786799271,363449977,1786799271.363450,-0.681118272043971,-0.5087197157186296,0.7271641203832676,0.0,0.0,0.0,1.0,0.12228816070482694,-0.001969790929219036,0.0,0.0,0.0,0.0
457,1786799271,596684911,1786799271.596685,-0.6423671469869827,-0.5091976758123498,0.7285028836759595,0.0,0.0,0.0,1.0,0.12312860426275339,-0.002650567743063638,0.0,0.0,0.0,0.0
458,1786799271,830022845,1786799271.830023,-0.6077103190641395,-0.5122290201899338,0.7310259772870216,0.0,0.0,0.0,1.0,0.12265317693357364,-0.002503741231455582,0.0,0.0,0.0,0.0
459,1786799272,96699467,1786799272.096699,-0.572181378803986,-0.5118307149045991,0.7317501821178319,0.0,0.0,0.0,1.0,0.12407940050553208,-0.0010558839632804195,0.0,0.0,0.0,0.0
460,1786799272,480032742,1786799272.480033,-0.5190263372213035,-0.510739888182685,0.7301815593898469,0.0,0.0,0.0,1.0,0.12511422405276626,0.004202685463466326,0.0,0.0,0.0,0.0
461,1786799272,963442120,1786799272.963442,-0.45681148795386406,-0.5097070755055559,0.7275651212467457,0.0,0.0,0.0,1.0,0.12125501685248433,0.0016533638253637298,0.0,0.0,0.0,0.0
462,1786799273,263415587,1786799273.263416,-0.4145937676159761,-0.5105155841546936,0.7259787807711526,0.0,0.0,0.0,1.0,0.12880399637137527,-0.0021427711393515766,0.0,0.0,0.0,0.0
463,1786799274,430083690,1786799274.430084,-0.25877951050930115,-0.528283911807587,0.7296391052679524,0.0,0.0,0.0,1.0,0.12979446726239902,-0.011803450183717855,0.0,0.0,0.0,0.0
464,1786799274,963393785,1786799274.963394,-0.1896575043836588,-0.5243926277413689,0.7292765260746465,0.0,0.0,0.0,1.0,0.133288468671429,-0.005405643981831463,0.0,0.0,0.0,0.0
465,1786799275,230021724,1786799275.230022,-0.15506665859733282,-0.520787122114678,0.7269898197568271,0.0,0.0,0.0,1.0,0.13326346087248747,-0.005221726455376427,0.0,0.0,0.0,0.0
466,1786799275,696764338,1786799275.696764,-0.09045485311365731,-0.5259341559062005,0.7264330596840245,0.0,0.0,0.0,1.0,0.13433043832713257,-0.006747679874339439,0.0,0.0,0.0,0.0
467,1786799276,63414201,1786799276.063414,-0.03646205234356259,-0.5305597902100005,0.7281268050360187,0.0,0.0,0.0,1.0,0.13214718080630186,-0.007907277960182714,0.0,0.0,0.0,0.0
468,1786799276,296787733,1786799276.296788,-0.0038780805239664318,-0.5352524365532911,0.7270906583579048,0.0,0.0,0.0,1.0,0.12611048431025568,-0.012073437393703416,0.0,0.0,0.0,0.0
469,1786799276,730070664,1786799276.730071,0.059360018896791544,-0.5406734982798833,0.7265003622776541,0.0,0.0,0.0,1.0,0.13011517498050473,-0.010194844476913465,0.0,0.0,0.0,0.0
470,1786799276,930094900,1786799276.930095,0.08950275834119559,-0.5425541507163882,0.7262639632195554,0.0,0.0,0.0,1.0,0.1298494565158288,-0.007334534334428666,0.0,0.0,0.0,0.0
471,1786799277,163440307,1786799277.163440,0.1222894344585459,-0.5428584136842156,0.7253278001796089,0.0,0.0,0.0,1.0,0.13121109244898463,-0.004802035263360749,0.0,0.0,0.0,0.0
472,1786799277,396835139,1786799277.396835,0.15417276758005016,-0.5424542637599143,0.7256731453274597,0.0,0.0,0.0,1.0,0.12665189716551706,-0.0014689959219727489,0.0,0.0,0.0,0.0
473,1786799277,663518803,1786799277.663519,0.1892920017272175,-0.5422291575135054,0.7266512768299422,0.0,0.0,0.0,1.0,0.1275608709681717,-0.01309718150609091,0.0,0.0,0.0,0.0
474,1786799278,30156672,1786799278.030157,0.2364556934061337,-0.5561358036785977,0.725582377025091,0.0,0.0,0.0,1.0,0.12184059573969913,-0.05184006056674855,0.0,0.0,0.0,0.0
475,1786799278,230200910,1786799278.230201,0.26419361872246405,-0.5725826770914768,0.7267517378742216,0.0,0.0,0.0,1.0,0.12044527341630777,-0.07072919205772561,0.0,0.0,0.0,0.0
476,1786799278,563509617,1786799278.563510,0.3043224990202553,-0.6006203398265082,0.7271638215964747,0.0,0.0,0.0,1.0,0.11418418084170923,-0.08954749825338214,0.0,0.0,0.0,0.0
477,1786799278,930186068,1786799278.930186,0.350171730750656,-0.6358177958244746,0.7281374767582698,0.0,0.0,0.0,1.0,0.11293233190432674,-0.10120504219046339,0.0,0.0,0.0,0.0
478,1786799279,296842748,1786799279.296843,0.3939598767973571,-0.6718580261435607,0.7290466162058407,0.0,0.0,0.0,1.0,0.11684930207028375,-0.10777069791027914,0.0,0.0,0.0,0.0
479,1786799279,730225457,1786799279.730226,0.44246690769949737,-0.7136003020927435,0.7276758214932288,0.0,0.0,0.0,1.0,0.11612298015349123,-0.10756688169071245,0.0,0.0,0.0,0.0
480,1786799279,963476293,1786799279.963476,0.4671361176837596,-0.7432824463464465,0.7265282756272503,0.0,0.0,0.0,1.0,0.11618621340181455,-0.11350602513730552,0.0,0.0,0.0,0.0
481,1786799280,230144286,1786799280.230144,0.4975125076980085,-0.7720519733517455,0.7254377594682512,0.0,0.0,0.0,1.0,0.1177907942124968,-0.11474159270407233,0.0,0.0,0.0,0.0
482,1786799280,730179527,1786799280.730180,0.5560512043157768,-0.8289337252550568,0.7255304882254198,0.0,0.0,0.0,1.0,0.12290991945158074,-0.12224599952023842,0.0,0.0,0.0,0.0
483,1786799281,263538351,1786799281.263538,0.6231960564349688,-0.9013273759067075,0.726816085050838,0.0,0.0,0.0,1.0,0.12404296540912943,-0.13611905578932115,0.0,0.0,0.0,0.0
484,1786799281,496844061,1786799281.496844,0.652934514355545,-0.933127372122402,0.7273926193951125,0.0,0.0,0.0,1.0,0.1285267302214625,-0.13817719604238646,0.0,0.0,0.0,0.0
485,1786799282,163552689,1786799282.163553,0.7405384186778523,-1.023398144383923,0.7257857169626535,0.0,0.0,0.0,1.0,0.13730254727022187,-0.14120194282534151,0.0,0.0,0.0,0.0
486,1786799282,896852046,1786799282.896852,0.839956531238462,-1.1231117745573649,0.7256028395997243,0.0,0.0,0.0,1.0,0.13189211880011747,-0.13782146165316744,0.0,0.0,0.0,0.0
487,1786799283,730202030,1786799283.730202,0.9563499588495681,-1.260743971363917,0.7236034079321495,0.0,0.0,0.0,1.0,0.11323016934958076,-0.12590085545500623,0.0,0.0,0.0,0.0
488,1786799283,930269724,1786799283.930270,0.9943869501157092,-1.2955937103599418,0.723345248214526,0.0,0.0,0.0,1.0,0.11351386573736266,-0.1184017821690602,0.0,0.0,0.0,0.0
489,1786799284,196938352,1786799284.196938,1.029711434445014,-1.3267589287319819,0.7245359602624357,0.0,0.0,0.0,1.0,0.10668201573655674,-0.09653545730317765,0.0,0.0,0.0,0.0
490,1786799284,430238260,1786799284.430238,1.0554938836086372,-1.34658231976012,0.725351985947282,0.0,0.0,0.0,1.0,0.10016221363297889,-0.07873057119295124,0.0,0.0,0.0,0.0
491,1786799285,30232160,1786799285.030232,1.1113810420899455,-1.3806008196907809,0.7253288249001991,0.0,0.0,0.0,1.0,0.09352511792637601,-0.046611328484640696,0.0,0.0,0.0,0.0
492,1786799285,396937066,1786799285.396937,1.1482160023325054,-1.399850926945089,0.7264861855839392,0.0,0.0,0.0,1.0,0.09873450671520331,-0.03891597401869306,0.0,0.0,0.0,0.0
493,1786799285,663688390,1786799285.663688,1.1757679010792703,-1.4111010181378338,0.726750986857829,0.0,0.0,0.0,1.0,0.10077433045664391,-0.03518729728302409,0.0,0.0,0.0,0.0
494,1786799285,963596815,1786799285.963597,1.203812525384306,-1.4140643472702086,0.7270255047300234,0.0,0.0,0.0,1.0,0.11705491857382981,-0.024828644199534608,0.0,0.0,0.0,0.0
495,1786799286,297143414,1786799286.297143,1.251108535909827,-1.4163329169673466,0.7274474411430268,0.0,0.0,0.0,1.0,0.11779469322916454,-0.006414332222264617,0.0,0.0,0.0,0.0
496,1786799286,996918484,1786799286.996918,1.3355331806070723,-1.3989210974820172,0.7281292119532119,0.0,0.0,0.0,1.0,0.11460723701823365,0.030809689654759553,0.0,0.0,0.0,0.0
497,1786799287,430420669,1786799287.430421,1.3812789900168667,-1.3774202450763222,0.7283456658535163,0.0,0.0,0.0,1.0,0.10741284326866826,0.048238752764907356,0.0,0.0,0.0,0.0
498,1786799287,663737869,1786799287.663738,1.4094807931899638,-1.372487818060697,0.7275407499173928,0.0,0.0,0.0,1.0,0.10531072871067669,0.04437473386744491,0.0,0.0,0.0,0.0
499,1786799288,196972219,1786799288.196972,1.4675128096840933,-1.3544230381011708,0.726694547373177,0.0,0.0,0.0,1.0,0.10181150922262516,0.03848029125618292,0.0,0.0,0.0,0.0
500,1786799288,396974994,1786799288.396975,1.4892700637617118,-1.3451228964212474,0.7276024876814564,0.0,0.0,0.0,1.0,0.10182905589346158,0.041722757553960446,0.0,0.0,0.0,0.0
501,1786799288,697040676,1786799288.697041,1.5203797525865053,-1.332934732436264,0.728209962873786,0.0,0.0,0.0,1.0,0.10428190196111016,0.04216890721164741,0.0,0.0,0.0,0.0
502,1786799289,97018543,1786799289.097018,1.5616121051486171,-1.3147833943772018,0.7281474480049054,0.0,0.0,0.0,1.0,0.10854858152632763,0.04566601460554493,0.0,0.0,0.0,0.0
503,1786799289,330368228,1786799289.330368,1.583218175761969,-1.3078996355041477,0.7263504777738621,0.0,0.0,0.0,1.0,0.10472013716944828,0.03882768151689488,0.0,0.0,0.0,0.0
504,1786799289,596971750,1786799289.596972,1.6100454991691215,-1.2972859005110586,0.7265835362329178,0.0,0.0,0.0,1.0,0.10001154740319246,0.03720377045519922,0.0,0.0,0.0,0.0
505,1786799289,963857523,1786799289.963857,1.6456561641188028,-1.2817212094962072,0.727291919875249,0.0,0.0,0.0,1.0,0.10324160073234408,0.03910927625228825,0.0,0.0,0.0,0.0
506,1786799290,280405013,1786799290.280405,1.678003318924734,-1.2711262854195184,0.7277387628350229,0.0,0.0,0.0,1.0,0.1059180062191848,0.03633958041452266,0.0,0.0,0.0,0.0
507,1786799290,646987580,1786799290.646988,1.7167038250459292,-1.2650128465532027,0.7269311229493948,0.0,0.0,0.0,1.0,0.10694911349081936,0.024172633162327255,0.0,0.0,0.0,0.0
508,1786799290,847024185,1786799290.847024,1.735387665380367,-1.2606719129345894,0.726016071048071,0.0,0.0,0.0,1.0,0.10895205642123665,0.024014998878937353,0.0,0.0,0.0,0.0
509,1786799291,80378014,1786799291.080378,1.761157908678582,-1.2551369555420377,0.7250349286845977,0.0,0.0,0.0,1.0,0.11187678176610338,0.021547338644486026,0.0,0.0,0.0,0.0
510,1786799291,313735843,1786799291.313736,1.7840666451212979,-1.2496724510910155,0.7250864269518947,0.0,0.0,0.0,1.0,0.11461132261445661,0.021397914180335695,0.0,0.0,0.0,0.0
511,1786799291,914301746,1786799291.914302,1.8496268185819726,-1.236274761742747,0.7263553942358889,0.0,0.0,0.0,1.0,0.1160373786435997,0.011695719170100809,0.0,0.0,0.0,0.0
512,1786799292,230382112,1786799292.230382,1.8836598193661231,-1.2291392188651342,0.7255465573679912,0.0,0.0,0.0,1.0,0.11390767787206174,0.010803635886183665,0.0,0.0,0.0,0.0
513,1786799292,447068390,1786799292.447068,1.9073735179758788,-1.2247656681688512,0.7262281172270064,0.0,0.0,0.0,1.0,0.11632624428552339,0.009385368582527368,0.0,0.0,0.0,0.0
514,1786799292,847098105,1786799292.847098,1.95374501737572,-1.222440911711814,0.7292131138999964,0.0,0.0,0.0,1.0,0.11924736880037896,0.00477244570899531,0.0,0.0,0.0,0.0
515,1786799293,380412610,1786799293.380413,2.0173352669941487,-1.2216124195868348,0.7271507919507041,0.0,0.0,0.0,1.0,0.12160534298623432,-0.0021127638039268757,0.0,0.0,0.0,0.0
516,1786799293,880486925,1786799293.880487,2.0774410603890967,-1.2187304167705317,0.7268735572098001,0.0,0.0,0.0,1.0,0.12802497348822753,-0.001899106670855564,0.0,0.0,0.0,0.0
517,1786799294,180413973,1786799294.180414,2.1111574602790633,-1.2164250553926834,0.7263359853539981,0.0,0.0,0.0,1.0,0.12221850181815097,-0.0020356353162950544,0.0,0.0,0.0,0.0
518,1786799294,397119222,1786799294.397119,2.1383402662852014,-1.216541936706383,0.7275789612018828,0.0,0.0,0.0,1.0,0.12196961490133224,-0.0019754304472005477,0.0,0.0,0.0,0.0
519,1786799294,747089955,1786799294.747090,2.180708971492173,-1.2161908458574495,0.7275726076436052,0.0,0.0,0.0,1.0,0.1245575102571353,0.0012977749640293822,0.0,0.0,0.0,0.0
520,1786799295,13756634,1786799295.013757,2.2151840718018985,-1.2164789885714822,0.7271967543952388,0.0,0.0,0.0,1.0,0.12633170330295196,-0.001806998158165602,0.0,0.0,0.0,0.0
521,1786799295,297078133,1786799295.297078,2.2506789458453706,-1.2187756398514515,0.7277240690034699,0.0,0.0,0.0,1.0,0.12603254924632884,-0.005418478646140659,0.0,0.0,0.0,0.0
522,1786799295,530487488,1786799295.530488,2.280955644350602,-1.221513415811018,0.7286151025900517,0.0,0.0,0.0,1.0,0.12378451077587585,-0.007824682372435325,0.0,0.0,0.0,0.0
523,1786799295,813701742,1786799295.813702,2.3164308652749526,-1.2231624532654146,0.726599376013246,0.0,0.0,0.0,1.0,0.1260135636400924,-0.023211046990655643,0.0,0.0,0.0,0.0
524,1786799296,314272726,1786799296.314273,2.376620713762142,-1.243879650291162,0.72597628072433,0.0,0.0,0.0,1.0,0.12557909790466282,-0.061190019394127305,0.0,0.0,0.0,0.0
525,1786799296,980566908,1786799296.980567,2.376620713762142,-1.243879650291162,0.72597628072433,0.0,0.0,0.0,1.0,0.12557909790466282,-0.061190019394127305,0.0,0.0,0.0,0.0
526,1786799297,197259080,1786799297.197259,2.445669680659046,-1.2898241157095656,0.7288202956822188,0.0,0.0,0.0,1.0,0.12752471405167334,-0.0963639161471923,0.0,0.0,0.0,0.0
527,1786799297,463878962,1786799297.463879,2.477123705197899,-1.3207791597834375,0.7267565097443128,0.0,0.0,0.0,1.0,0.12005573357122518,-0.1070516149017701,0.0,0.0,0.0,0.0
528,1786799297,663893362,1786799297.663893,2.4971087377330914,-1.3425864693649507,0.7292453640779873,0.0,0.0,0.0,1.0,0.11428764664854461,-0.11038020647498727,0.0,0.0,0.0,0.0
529,1786799297,897257201,1786799297.897257,2.5255848543291943,-1.3688084595906385,0.7269999589977987,0.0,0.0,0.0,1.0,0.11865126934726607,-0.11899621874105434,0.0,0.0,0.0,0.0
530,1786799298,348762877,1786799298.348763,2.5793848819708245,-1.4201375763008413,0.7264334149498154,0.0,0.0,0.0,1.0,0.1063795656566635,-0.09740212175375122,0.0,0.0,0.0,0.0
531,1786799298,580445409,1786799298.580446,2.6037061295222887,-1.4366848991913552,0.7260992962428398,0.0,0.0,0.0,1.0,0.09768693589865204,-0.07291229046920827,0.0,0.0,0.0,0.0
532,1786799298,797149206,1786799298.797149,2.6234459428010783,-1.4471669909608642,0.7250380752141365,0.0,0.0,0.0,1.0,0.09551505348799107,-0.05472208997059016,0.0,0.0,0.0,0.0
533,1786799298,997329311,1786799298.997329,2.642156469167599,-1.4546764045825373,0.7255266619157008,0.0,0.0,0.0,1.0,0.09423297248258662,-0.041923386798451465,0.0,0.0,0.0,0.0
534,1786799299,347177337,1786799299.347177,2.6770592746119366,-1.4624698529945572,0.7246833419312445,0.0,0.0,0.0,1.0,0.0987282918014964,-0.02295865759690698,0.0,0.0,0.0,0.0
535,1786799299,613823988,1786799299.613824,2.7063765966640982,-1.464830286496222,0.7260430193177374,0.0,0.0,0.0,1.0,0.10582705474821702,-0.00884041275243936,0.0,0.0,0.0,0.0
536,1786799300,247200132,1786799300.247200,2.7773990285085457,-1.462428853366418,0.724451718457379,0.0,0.0,0.0,1.0,0.11107299585400232,0.013940980524704749,0.0,0.0,0.0,0.0
537,1786799300,547255951,1786799300.547256,2.8094682713458745,-1.4574006187180557,0.7258240711887706,0.0,0.0,0.0,1.0,0.11925666804439479,0.01959313681715462,0.0,0.0,0.0,0.0
538,1786799301,130601539,1786799301.130602,2.8699275248678333,-1.4447845730658686,0.7267262275235913,0.0,0.0,0.0,1.0,0.1256244083723052,0.031106284896561986,0.0,0.0,0.0,0.0
539,1786799302,297372151,1786799302.297372,3.0017589796303668,-1.4134107419204267,0.726649222611315,0.0,0.0,0.0,1.0,0.12056485833843826,0.02320580619673514,0.0,0.0,0.0,0.0
540,1786799302,530659987,1786799302.530660,3.020662315003582,-1.4077090214828365,0.7265888792946437,0.0,0.0,0.0,1.0,0.11155625860756525,0.022255580766296707,0.0,0.0,0.0,0.0
541,1786799302,764043646,1786799302.764044,3.031405135119172,-1.4064898390670244,0.7270822347588048,0.0,0.0,0.0,1.0,0.1164056173184,0.022652830786656995,0.0,0.0,0.0,0.0
542,1786799302,964046178,1786799302.964046,3.031405135119172,-1.4064898390670244,0.7270822347588048,0.0,0.0,0.0,1.0,0.1164056173184,0.022652830786656995,0.0,0.0,0.0,0.0
543,1786799303,263957634,1786799303.263958,3.086021789892248,-1.3848092899840445,0.7276256466184388,0.0,0.0,0.0,1.0,0.12605810741110757,0.02121458228416337,0.0,0.0,0.0,0.0
544,1786799303,564021481,1786799303.564022,3.1189258863667018,-1.3821380005555737,0.7259828119064502,0.0,0.0,0.0,1.0,0.11849075611044024,0.017971634319532373,0.0,0.0,0.0,0.0
545,1786799303,997295785,1786799303.997296,3.169049820627677,-1.3734061325528535,0.7243255694304674,0.0,0.0,0.0,1.0,0.1128615324615372,0.014768492945212767,0.0,0.0,0.0,0.0
546,1786799304,230610903,1786799304.230611,3.1945164763108913,-1.3709290395577842,0.7256020054212661,0.0,0.0,0.0,1.0,0.11343421509048095,0.011448739721793371,0.0,0.0,0.0,0.0
547,1786799304,464007531,1786799304.464008,3.221347467157152,-1.368621559030636,0.725679017980291,0.0,0.0,0.0,1.0,0.11378535782040403,0.008458161698615782,0.0,0.0,0.0,0.0
548,1786799304,832000852,1786799304.832001,3.2629856236851307,-1.3703858200540588,0.7271188823275732,0.0,0.0,0.0,1.0,0.1114839203059121,0.0019977968168997584,0.0,0.0,0.0,0.0
549,1786799305,63986061,1786799305.063986,3.2883303678123887,-1.3702777549773706,0.7278482910784821,0.0,0.0,0.0,1.0,0.11547919487990477,0.002038456475716383,0.0,0.0,0.0,0.0
550,1786799305,263988779,1786799305.263989,3.3129341056518182,-1.3694913993818254,0.7270872855427066,0.0,0.0,0.0,1.0,0.11761808978255217,0.004289279465402067,0.0,0.0,0.0,0.0
551,1786799305,497401583,1786799305.497401,3.339832488557416,-1.3702914502168446,0.728765900144308,0.0,0.0,0.0,1.0,0.12105976550058047,0.001793262819409506,0.0,0.0,0.0,0.0
552,1786799305,864093177,1786799305.864093,3.3849336700816686,-1.3702578800903398,0.7291799009504172,0.0,0.0,0.0,1.0,0.12378037982228571,-6.562235929011382e-05,0.0,0.0,0.0,0.0
553,1786799306,130793569,1786799306.130794,3.4175062610616287,-1.36907065442482,0.7273685071678658,0.0,0.0,0.0,1.0,0.12412368587516658,0.0016729751655992502,0.0,0.0,0.0,0.0
554,1786799306,965819757,1786799306.965820,3.5256932419012568,-1.3724106691146567,0.7266205507975446,0.0,0.0,0.0,1.0,0.13707324528547044,-0.006684737534920583,0.0,0.0,0.0,0.0
555,1786799307,230788600,1786799307.230789,3.556166974130454,-1.376558109939158,0.7261035977082899,0.0,0.0,0.0,1.0,0.12969174704551217,-0.007345716614694521,0.0,0.0,0.0,0.0
556,1786799307,730717115,1786799307.730717,3.619542340614464,-1.3839875956654946,0.7261006225707123,0.0,0.0,0.0,1.0,0.13054195471283433,-0.008081006804385704,0.0,0.0,0.0,0.0
557,1786799307,930857873,1786799307.930858,3.645446653350591,-1.3860041086212855,0.7250734301143367,0.0,0.0,0.0,1.0,0.1290491190268002,-0.00923598328792141,0.0,0.0,0.0,0.0
558,1786799308,230813092,1786799308.230813,3.6836816014023324,-1.3879430722653385,0.726236233923546,0.0,0.0,0.0,1.0,0.12878305747190968,-0.008820844163857216,0.0,0.0,0.0,0.0
559,1786799308,514172746,1786799308.514173,3.7180038712336216,-1.387978163062078,0.7275231264747364,0.0,0.0,0.0,1.0,0.1250780793353014,-0.007672234310630302,0.0,0.0,0.0,0.0
560,1786799308,797436799,1786799308.797437,3.7540502471704436,-1.389202834174399,0.7251404060491079,0.0,0.0,0.0,1.0,0.1263286831988943,-0.004153301601227491,0.0,0.0,0.0,0.0
561,1786799309,97429320,1786799309.097429,3.794106900907,-1.3924553473599397,0.7258167035694879,0.0,0.0,0.0,1.0,0.12920237529980955,-0.008666496751382934,0.0,0.0,0.0,0.0
562,1786799309,530788467,1786799309.530788,3.8510043769350357,-1.3996988621649948,0.7240783912352969,0.0,0.0,0.0,1.0,0.13045040492309826,-0.01310615908599435,0.0,0.0,0.0,0.0
563,1786799310,930895793,1786799310.930896,4.030396895875812,-1.4052177142098512,0.7236386462026326,0.0,0.0,0.0,1.0,0.12796546430655964,-0.0058567072558852705,0.0,0.0,0.0,0.0
564,1786799311,397516410,1786799311.397516,4.0954654108355015,-1.4066721433660287,0.723332532051783,0.0,0.0,0.0,1.0,0.1318879020846465,-0.005009259579858216,0.0,0.0,0.0,0.0
565,1786799311,664199661,1786799311.664200,4.134372223137202,-1.4110266663014839,0.7251785951976568,0.0,0.0,0.0,1.0,0.13403894672725855,-0.008367368834173184,0.0,0.0,0.0,0.0
566,1786799311,930819265,1786799311.930819,4.167858019879434,-1.416416926050804,0.7243397437174622,0.0,0.0,0.0,1.0,0.12959137630079404,-0.0127127170831475,0.0,0.0,0.0,0.0
567,1786799312,230785838,1786799312.230786,4.207151738707825,-1.420352218007695,0.7263180538030166,0.0,0.0,0.0,1.0,0.1282721136594151,-0.01062032611227867,0.0,0.0,0.0,0.0
568,1786799312,497464388,1786799312.497464,4.241466555200136,-1.4244656813242567,0.7286905198876936,0.0,0.0,0.0,1.0,0.12875093201396653,-0.010529881249739421,0.0,0.0,0.0,0.0
569,1786799312,730850243,1786799312.730850,4.273376313240229,-1.4244319291282137,0.729098537674125,0.0,0.0,0.0,1.0,0.1298531693203769,-0.005591685918299335,0.0,0.0,0.0,0.0
570,1786799313,164163427,1786799313.164163,4.329040713068778,-1.42273842916753,0.7288431823476529,0.0,0.0,0.0,1.0,0.13081592465665312,0.003451455303595753,0.0,0.0,0.0,0.0
571,1786799313,697548100,1786799313.697548,4.398655785637496,-1.4197528646705218,0.7253735352855694,0.0,0.0,0.0,1.0,0.1332177247549628,0.005009258590544267,0.0,0.0,0.0,0.0
572,1786799314,97533126,1786799314.097533,4.451013762716613,-1.4216730391787125,0.7273786052153746,0.0,0.0,0.0,1.0,0.13568449030208438,0.0008041818982630318,0.0,0.0,0.0,0.0
573,1786799314,330865244,1786799314.330865,4.480411981266801,-1.4261523378757996,0.7255259894604237,0.0,0.0,0.0,1.0,0.13094007058897697,-0.00592315445950735,0.0,0.0,0.0,0.0
574,1786799314,597620579,1786799314.597620,4.514061943637504,-1.4313144997637002,0.7244583272508816,0.0,0.0,0.0,1.0,0.12988206582283035,-0.005933487378327482,0.0,0.0,0.0,0.0
575,1786799314,797636141,1786799314.797636,4.5385716097025615,-1.4328382037006833,0.7255832932537023,0.0,0.0,0.0,1.0,0.1294476384887298,-0.00672618926044674,0.0,0.0,0.0,0.0
576,1786799315,30889157,1786799315.030889,4.570547670936179,-1.434797805138376,0.7260166332965138,0.0,0.0,0.0,1.0,0.12988660813675817,-0.0076248542513076695,0.0,0.0,0.0,0.0
577,1786799315,264310711,1786799315.264311,4.60214474445354,-1.4351001895398114,0.7251881813446664,0.0,0.0,0.0,1.0,0.13232312600607685,-0.007101097453480034,0.0,0.0,0.0,0.0
578,1786799315,530903043,1786799315.530903,4.6340821043087175,-1.4352087173782917,0.725919663789274,0.0,0.0,0.0,1.0,0.12680462605566514,-0.004943694729455908,0.0,0.0,0.0,0.0
579,1786799316,297550711,1786799316.297551,4.731143694440263,-1.4363554267165994,0.7266909986143824,0.0,0.0,0.0,1.0,0.1294011672999843,-0.006542927479441422,0.0,0.0,0.0,0.0
580,1786799316,530918260,1786799316.530918,4.76191263511155,-1.4402437719418337,0.7268677595982834,0.0,0.0,0.0,1.0,0.12873446183347892,-0.008671533121458182,0.0,0.0,0.0,0.0
581,1786799316,830868017,1786799316.830868,4.780460449715584,-1.4416757181677289,0.7266029151208514,0.0,0.0,0.0,1.0,0.13287726093979588,-0.00979100926018117,0.0,0.0,0.0,0.0
582,1786799317,64211975,1786799317.064212,4.780460449715584,-1.4416757181677289,0.7266029151208514,0.0,0.0,0.0,1.0,0.13287726093979588,-0.00979100926018117,0.0,0.0,0.0,0.0
583,1786799317,630848477,1786799317.630848,4.904510972505943,-1.4483840763852944,0.7244390720788096,0.0,0.0,0.0,1.0,0.12206188799703153,-0.010217214650836842,0.0,0.0,0.0,0.0
584,1786799317,897777100,1786799317.897777,4.933485215111023,-1.4480032737189459,0.7270461144501247,0.0,0.0,0.0,1.0,0.12150974719248558,-0.005200167236107418,0.0,0.0,0.0,0.0
585,1786799318,397686162,1786799318.397686,4.996060759248884,-1.4435182481599687,0.7264494119775631,0.0,0.0,0.0,1.0,0.12479366611781617,0.004372112293928372,0.0,0.0,0.0,0.0
586,1786799318,697660051,1786799318.697660,5.03571990672047,-1.4496108602641353,0.7247240710904335,0.0,0.0,0.0,1.0,0.13028446782624373,0.0006811732829287969,0.0,0.0,0.0,0.0
587,1786799319,64399838,1786799319.064400,5.082704481057185,-1.4551141952570166,0.7250447501646071,0.0,0.0,0.0,1.0,0.13297805673756727,0.0022148158510974488,0.0,0.0,0.0,0.0
588,1786799319,530933313,1786799319.530933,5.096447593630462,-1.4610572303224767,0.7250437887139448,0.0,0.0,0.0,1.0,0.13867717057887222,-0.0038166061760304014,0.0,0.0,0.0,0.0
589,1786799320,31089659,1786799320.031090,5.096447593630462,-1.4610572303224767,0.7250437887139448,0.0,0.0,0.0,1.0,0.13867717057887222,-0.0038166061760304014,0.0,0.0,0.0,0.0
590,1786799320,597706837,1786799320.597707,5.1816251939486975,-1.457664596298347,0.7236454895695136,0.0,0.0,0.0,1.0,0.17370701567285274,0.004496650055818325,0.0,0.0,0.0,0.0
591,1786799320,964379201,1786799320.964379,5.1816251939486975,-1.457664596298347,0.7236454895695136,0.0,0.0,0.0,1.0,0.17370701567285274,0.004496650055818325,0.0,0.0,0.0,0.0
592,1786799321,364308829,1786799321.364309,5.307395797513099,-1.456189499530892,0.7255454176853933,0.0,0.0,0.0,1.0,0.20302614620585813,0.0023244604964264507,0.0,0.0,0.0,0.0
593,1786799321,597687440,1786799321.597687,5.3461600487258565,-1.4593434414373163,0.726490928252063,0.0,0.0,0.0,1.0,0.18183483743156104,0.003021514016725517,0.0,0.0,0.0,0.0
594,1786799321,931046274,1786799321.931046,5.3929826983057865,-1.4661667644499323,0.726958776705323,0.0,0.0,0.0,1.0,0.16797742014697842,-0.003017850336271213,0.0,0.0,0.0,0.0
595,1786799322,297734111,1786799322.297734,5.451746198891033,-1.4649986505912396,0.7243993291647839,0.0,0.0,0.0,1.0,0.15711588002740662,-3.8604938540778974e-05,0.0,0.0,0.0,0.0
596,1786799322,797819858,1786799322.797820,5.521036307978793,-1.4610850470497123,0.7267487162227703,0.0,0.0,0.0,1.0,0.13913173011958713,0.006162531733035624,0.0,0.0,0.0,0.0
597,1786799323,31024401,1786799323.031024,5.550538405114029,-1.4597226749740333,0.726414518991758,0.0,0.0,0.0,1.0,0.14687677003106783,0.0045793735208626615,0.0,0.0,0.0,0.0
598,1786799323,247687003,1786799323.247687,5.550538405114029,-1.4597226749740333,0.726414518991758,0.0,0.0,0.0,1.0,0.14687677003106783,0.0045793735208626615,0.0,0.0,0.0,0.0
599,1786799323,464437918,1786799323.464438,5.615861971711308,-1.4636184391956495,0.7289791555078541,0.0,0.0,0.0,1.0,0.13197605605623175,-0.0032636755694304734,0.0,0.0,0.0,0.0
600,1786799323,781055672,1786799323.781056,5.656680085645462,-1.4693008526635807,0.7276729209470919,0.0,0.0,0.0,1.0,0.12668128749365,-0.00727958863955026,0.0,0.0,0.0,0.0
601,1786799324,164448640,1786799324.164449,5.704528472475047,-1.4781108695308491,0.7274001257071079,0.0,0.0,0.0,1.0,0.12506425036124025,-0.012256734468198298,0.0,0.0,0.0,0.0
602,1786799324,414351601,1786799324.414352,5.742162747725445,-1.4792824997824607,0.7269419220095336,0.0,0.0,0.0,1.0,0.12875053168129316,-0.01000896560096563,0.0,0.0,0.0,0.0
603,1786799324,630993811,1786799324.630994,5.773148473033036,-1.4808293876690979,0.7272224952736166,0.0,0.0,0.0,1.0,0.12696693194607148,-0.006186754693853351,0.0,0.0,0.0,0.0
604,1786799324,831033508,1786799324.831033,5.800888211664528,-1.481771294567492,0.7260067653692449,0.0,0.0,0.0,1.0,0.13036821688184333,-0.0028927581868452524,0.0,0.0,0.0,0.0
605,1786799325,164442029,1786799325.164442,5.8417933171788405,-1.479824174727373,0.725323156309955,0.0,0.0,0.0,1.0,0.12167693985153065,0.0045790977290567116,0.0,0.0,0.0,0.0
606,1786799325,397741717,1786799325.397742,5.875797770334376,-1.4813347409304058,0.7252483557071834,0.0,0.0,0.0,1.0,0.12296548982245951,0.0020659009400712256,0.0,0.0,0.0,0.0
607,1786799325,881213776,1786799325.881214,5.934845780692999,-1.481697810924551,0.7246559980658339,0.0,0.0,0.0,1.0,0.12328708734066879,0.002237448322217603,0.0,0.0,0.0,0.0
608,1786799326,147714784,1786799326.147715,5.9671095509286864,-1.4870164217551016,0.7234571339228328,0.0,0.0,0.0,1.0,0.12332077564651549,-0.006448177528940827,0.0,0.0,0.0,0.0
609,1786799326,414463338,1786799326.414463,6.000181511847945,-1.4936315163183833,0.7237907192464665,0.0,0.0,0.0,1.0,0.12190442450768742,-0.01323726526340727,0.0,0.0,0.0,0.0
610,1786799326,897759263,1786799326.897759,6.0634159546476205,-1.5016877180050783,0.7273007319540638,0.0,0.0,0.0,1.0,0.12687966611233387,-0.017610246442101463,0.0,0.0,0.0,0.0
611,1786799327,197731699,1786799327.197732,6.100563164537395,-1.5069780537989292,0.7278063424914339,0.0,0.0,0.0,1.0,0.1247501110118346,-0.01614789575751876,0.0,0.0,0.0,0.0
612,1786799327,398483700,1786799327.398484,6.124489466135671,-1.507483904294655,0.7271857180246557,0.0,0.0,0.0,1.0,0.12807982868141862,-0.010515558641524153,0.0,0.0,0.0,0.0
613,1786799327,998746381,1786799327.998746,6.201545361527277,-1.5026357693021128,0.7260717007408961,0.0,0.0,0.0,1.0,0.12503350578319797,0.005351496537006908,0.0,0.0,0.0,0.0
614,1786799328,231111139,1786799328.231111,6.232523730393996,-1.5002846426420964,0.725753309380287,0.0,0.0,0.0,1.0,0.1285806100869,0.0059965634066632915,0.0,0.0,0.0,0.0
615,1786799328,531170220,1786799328.531170,6.26964597932421,-1.5009140563967662,0.7252093893698349,0.0,0.0,0.0,1.0,0.12778275373080275,0.003719759329981022,0.0,0.0,0.0,0.0
616,1786799329,231162976,1786799329.231163,6.358004610270427,-1.508489877382805,0.72574081898337,0.0,0.0,0.0,1.0,0.12396532417248826,-0.00576102373792152,0.0,0.0,0.0,0.0
617,1786799329,531315347,1786799329.531315,6.39801444102093,-1.5175451207387678,0.72527931278804,0.0,0.0,0.0,1.0,0.13086632054371328,-0.009487984826548342,0.0,0.0,0.0,0.0
618,1786799329,931267708,1786799329.931268,6.450956385648958,-1.5145766747087763,0.7263793856129179,0.0,0.0,0.0,1.0,0.12969071408943952,0.0010111205268133038,0.0,0.0,0.0,0.0
619,1786799330,531199840,1786799330.531200,6.526451735173055,-1.511344234321816,0.7256057748235476,0.0,0.0,0.0,1.0,0.12375561624977549,0.0073747790269478464,0.0,0.0,0.0,0.0
620,1786799331,131276718,1786799331.131277,6.600610950090118,-1.516529990696667,0.7276162657647819,0.0,0.0,0.0,1.0,0.12507213002542658,-0.0011557483268475489,0.0,0.0,0.0,0.0
621,1786799331,397927820,1786799331.397928,6.6310129723477615,-1.5224403337964638,0.7268870415574447,0.0,0.0,0.0,1.0,0.11970169992141365,-0.004225316313778678,0.0,0.0,0.0,0.0
622,1786799331,797943208,1786799331.797943,6.680664991467992,-1.5300831688597558,0.7252066996055684,0.0,0.0,0.0,1.0,0.1262381197951946,-0.009289477547786675,0.0,0.0,0.0,0.0
623,1786799332,97858625,1786799332.097859,6.7175626121300525,-1.5309155475174192,0.7229555848399677,0.0,0.0,0.0,1.0,0.12840331546713155,-0.0051175253103840305,0.0,0.0,0.0,0.0
624,1786799333,231322622,1786799333.231323,6.867575476530881,-1.5212694999844982,0.7284935258547276,0.0,0.0,0.0,1.0,0.1336872789077233,0.011743189134921369,0.0,0.0,0.0,0.0
625,1786799333,431340408,1786799333.431340,6.887264279501732,-1.5232205240160204,0.7264611178854037,0.0,0.0,0.0,1.0,0.1296477167009865,0.0056651667139174435,0.0,0.0,0.0,0.0
626,1786799333,797896257,1786799333.797896,6.93057707409303,-1.530388174865005,0.7254904052497692,0.0,0.0,0.0,1.0,0.12968025722845405,-0.004454840713987582,0.0,0.0,0.0,0.0
627,1786799334,64637723,1786799334.064638,6.962212480566844,-1.537591064881545,0.7252919282301182,0.0,0.0,0.0,1.0,0.12760544941944682,-0.009845096624086915,0.0,0.0,0.0,0.0
628,1786799334,397898667,1786799334.397899,7.002973459956166,-1.540841616426007,0.7231335636483248,0.0,0.0,0.0,1.0,0.12789443198010902,-0.008366857655828303,0.0,0.0,0.0,0.0
629,1786799334,631291918,1786799334.631292,7.0351106939899175,-1.540062886231964,0.7240042326105165,0.0,0.0,0.0,1.0,0.13169080228417415,-0.00303731911313933,0.0,0.0,0.0,0.0
630,1786799335,231323658,1786799335.231324,7.115678441415451,-1.537826830665607,0.7259329539977798,0.0,0.0,0.0,1.0,0.1314751717890196,0.0014587916749875538,0.0,0.0,0.0,0.0
631,1786799335,497917705,1786799335.497918,7.151516348569469,-1.5359569167407376,0.726849308480394,0.0,0.0,0.0,1.0,0.13675731990087656,0.0017473158080723362,0.0,0.0,0.0,0.0
632,1786799335,831265547,1786799335.831265,7.19515392439564,-1.5400633004923108,0.7272397816998488,0.0,0.0,0.0,1.0,0.13505485933638642,-0.00469748630072659,0.0,0.0,0.0,0.0
633,1786799336,297974656,1786799336.297975,7.2409006630781825,-1.544517427668008,0.7264182707331086,0.0,0.0,0.0,1.0,0.13690165684700797,-0.007538829051388854,0.0,0.0,0.0,0.0
634,1786799336,664735702,1786799336.664736,7.2409006630781825,-1.544517427668008,0.7264182707331086,0.0,0.0,0.0,1.0,0.13690165684700797,-0.007538829051388854,0.0,0.0,0.0,0.0
635,1786799336,931378746,1786799336.931379,7.2409006630781825,-1.544517427668008,0.7264182707331086,0.0,0.0,0.0,1.0,0.13690165684700797,-0.007538829051388854,0.0,0.0,0.0,0.0
636,1786799337,531378602,1786799337.531379,7.3641008639208,-1.549703005264873,0.7283736021106443,0.0,0.0,0.0,1.0,0.16382868076640217,-0.008130024962011217,0.0,0.0,0.0,0.0
637,1786799337,797974005,1786799337.797974,7.392064284756188,-1.5458086919842513,0.7269567433619001,0.0,0.0,0.0,1.0,0.15440362653406003,-0.0018388101477684856,0.0,0.0,0.0,0.0
638,1786799338,164722148,1786799338.164722,7.437767474276882,-1.541456073093432,0.7269124561917745,0.0,0.0,0.0,1.0,0.1482735124185899,0.0021457719446220094,0.0,0.0,0.0,0.0
639,1786799338,431465212,1786799338.431465,7.467762055093676,-1.5405434798619517,0.7249535401290331,0.0,0.0,0.0,1.0,0.140733905192003,0.0017596327641960301,0.0,0.0,0.0,0.0
640,1786799338,831382278,1786799338.831382,7.520011214009152,-1.544881082460316,0.7245758015277719,0.0,0.0,0.0,1.0,0.13223871324274092,-0.005648331115594428,0.0,0.0,0.0,0.0
641,1786799339,170866718,1786799339.170867,7.565059407732651,-1.5482794134868207,0.7246235844116186,0.0,0.0,0.0,1.0,0.13414498555530174,-0.0051169158566077835,0.0,0.0,0.0,0.0
642,1786799339,598016488,1786799339.598017,7.621026283630073,-1.549032864257153,0.7267417558729746,0.0,0.0,0.0,1.0,0.13233464412160195,-0.0037238549740158952,0.0,0.0,0.0,0.0
643,1786799339,898001070,1786799339.898001,7.659149268143157,-1.547492459278822,0.7243967670650924,0.0,0.0,0.0,1.0,0.12516553842852793,-6.003191321235762e-05,0.0,0.0,0.0,0.0
644,1786799340,98036752,1786799340.098037,7.686861991628014,-1.547433316736417,0.72509885161288,0.0,0.0,0.0,1.0,0.13077974710664722,0.0008392964463215104,0.0,0.0,0.0,0.0
645,1786799340,831492796,1786799340.831493,7.781383662051521,-1.5393135791003312,0.726963584418932,0.0,0.0,0.0,1.0,0.12862106727436073,0.010424764722723454,0.0,0.0,0.0,0.0
646,1786799341,231461817,1786799341.231462,7.82150284222439,-1.54224520437736,0.7254394978973597,0.0,0.0,0.0,1.0,0.1264721061418207,0.005199526058228816,0.0,0.0,0.0,0.0
647,1786799341,564743016,1786799341.564743,7.89198493164664,-1.5256093452916255,0.7273044723167111,0.0,0.0,0.0,1.0,0.13107238364365006,0.00770732651477119,0.0,0.0,0.0,0.0
648,1786799341,964773645,1786799341.964774,7.954565479809727,-1.5542221152981635,0.7279059151154741,0.0,0.0,0.0,1.0,0.12505625944022344,-0.016315579126979535,0.0,0.0,0.0,0.0
649,1786799342,198058428,1786799342.198058,8.000936634549532,-1.5560184055077375,0.725971726352448,0.0,0.0,0.0,1.0,0.1330971369382917,-0.02222793220691629,0.0,0.0,0.0,0.0
650,1786799342,498153846,1786799342.498154,8.051258160007421,-1.5569504082315955,0.7263383592105868,0.0,0.0,0.0,1.0,0.14212148930800403,-0.03416632997810337,0.0,0.0,0.0,0.0
651,1786799342,998111386,1786799342.998111,8.051258160007421,-1.5569504082315955,0.7263383592105868,0.0,0.0,0.0,1.0,0.14212148930800403,-0.03416632997810337,0.0,0.0,0.0,0.0
652,1786799343,298098722,1786799343.298099,8.10164252034691,-1.5708219516865074,0.7260513599483135,0.0,0.0,0.0,1.0,0.12010113063224527,-0.04399595673691975,0.0,0.0,0.0,0.0
653,1786799344,198109004,1786799344.198109,8.20026510709728,-1.6325538853981791,0.7254195149155497,0.0,0.0,0.0,1.0,0.10509422054872151,-0.09258866685181624,0.0,0.0,0.0,0.0
654,1786799344,631433578,1786799344.631433,8.224368886112412,-1.679365825576776,0.72590625465155,0.0,0.0,0.0,1.0,0.08121516379802798,-0.11432747053813012,0.0,0.0,0.0,0.0
655,1786799345,698256430,1786799345.698256,8.267276475940346,-1.856250675726432,0.723086572969857,0.0,0.0,0.0,1.0,0.06860348554861237,-0.135578721277481,0.0,0.0,0.0,0.0
656,1786799346,531538191,1786799346.531538,8.368395752047533,-1.920838534766466,0.724474944332092,0.0,0.0,0.0,1.0,0.05570399487567535,-0.12175684046916428,0.0,0.0,0.0,0.0
657,1786799347,31605651,1786799347.031606,8.379856407886642,-2.0133700230954372,0.7241008345156842,0.0,0.0,0.0,1.0,0.02619528932993188,-0.14537451593115064,0.0,0.0,0.0,0.0
658,1786799347,398213784,1786799347.398214,8.3609207446587,-2.097370008470482,0.7235539908306988,0.0,0.0,0.0,1.0,-0.016771172517979976,-0.16913293802245727,0.0,0.0,0.0,0.0
659,1786799347,831506142,1786799347.831506,8.345654540926581,-2.172660717943739,0.7242563428340966,0.0,0.0,0.0,1.0,-0.01956601785198908,-0.1680958705912706,0.0,0.0,0.0,0.0
660,1786799348,298267157,1786799348.298267,8.312397932309583,-2.2346501052337837,0.7244246330472609,0.0,0.0,0.0,1.0,-0.04716322102192063,-0.13980002319308998,0.0,0.0,0.0,0.0
661,1786799348,631550964,1786799348.631551,8.298272694818781,-2.2723044274316244,0.725050401619734,0.0,0.0,0.0,1.0,-0.0553777113072183,-0.14151583887652577,0.0,0.0,0.0,0.0
662,1786799349,131651000,1786799349.131651,8.289876185993354,-2.3030712875562003,0.7256471817650191,0.0,0.0,0.0,1.0,-0.04892673872994536,-0.11810880960153233,0.0,0.0,0.0,0.0
663,1786799349,431606269,1786799349.431606,8.27486528498046,-2.3385173361136924,0.7271449843120051,0.0,0.0,0.0,1.0,-0.0445366896643401,-0.1112588624599436,0.0,0.0,0.0,0.0
664,1786799349,898304530,1786799349.898304,8.249866931796827,-2.392043278362861,0.7281909070628023,0.0,0.0,0.0,1.0,-0.04552114017650613,-0.10161496350915485,0.0,0.0,0.0,0.0
665,1786799350,164945876,1786799350.164946,8.235352706595052,-2.420506284329206,0.7275378672211181,0.0,0.0,0.0,1.0,-0.0460865779324901,-0.11018195286138022,0.0,0.0,0.0,0.0
666,1786799350,598297432,1786799350.598297,8.214042201187588,-2.4713471715530493,0.7257889866215057,0.0,0.0,0.0,1.0,-0.04645412788589842,-0.11022337644961781,0.0,0.0,0.0,0.0
667,1786799351,264946290,1786799351.264946,8.18659136866598,-2.543355665991906,0.7245227763023152,0.0,0.0,0.0,1.0,-0.040678574586656316,-0.1082915073183186,0.0,0.0,0.0,0.0
668,1786799351,498248976,1786799351.498249,8.182265495899806,-2.5712186920121356,0.7255792697674762,0.0,0.0,0.0,1.0,-0.03147918207989362,-0.11187592897893398,0.0,0.0,0.0,0.0
669,1786799352,198275561,1786799352.198276,8.1596013052296,-2.6508339868285486,0.7246530877934723,0.0,0.0,0.0,1.0,-0.03302318879261942,-0.11362539632398559,0.0,0.0,0.0,0.0
670,1786799352,464934527,1786799352.464935,8.166115453197929,-2.6907129028630905,0.7260170784854336,0.0,0.0,0.0,1.0,-0.021238297130875473,-0.11599250662746398,0.0,0.0,0.0,0.0
671,1786799352,664944377,1786799352.664944,8.166451087264939,-2.7204044236231186,0.7247353543813626,0.0,0.0,0.0,1.0,-0.018327883931897722,-0.11790162842174669,0.0,0.0,0.0,0.0
672,1786799352,931674333,1786799352.931674,8.165816035105347,-2.756873584253075,0.7255555475046009,0.0,0.0,0.0,1.0,-0.010982003463275568,-0.12014786459604862,0.0,0.0,0.0,0.0
673,1786799353,365075443,1786799353.365075,8.159143379131926,-2.805677623837216,0.7257850291909165,0.0,0.0,0.0,1.0,-0.008630966508062362,-0.11842278641388838,0.0,0.0,0.0,0.0
674,1786799353,631731527,1786799353.631732,8.158614687485358,-2.8371494226026543,0.7269067680503593,0.0,0.0,0.0,1.0,-0.0080730512826551,-0.1137468593988656,0.0,0.0,0.0,0.0
675,1786799353,965034933,1786799353.965035,8.157524111299146,-2.876239627656741,0.727745388883168,0.0,0.0,0.0,1.0,-0.0037778048947430956,-0.11400691079459288,0.0,0.0,0.0,0.0
676,1786799354,265003980,1786799354.265004,8.157355389350485,-2.91109336719611,0.7260462292138123,0.0,0.0,0.0,1.0,7.874991833178098e-05,-0.11525435765090075,0.0,0.0,0.0,0.0
677,1786799354,465004680,1786799354.465005,8.156957643063151,-2.9376719699771896,0.7256850196208091,0.0,0.0,0.0,1.0,-0.0016637792922300876,-0.11535632859802329,0.0,0.0,0.0,0.0
678,1786799354,731840378,1786799354.731840,8.156656852695601,-2.9696136328264098,0.7263762238631887,0.0,0.0,0.0,1.0,-0.002463667450420446,-0.11500229900209076,0.0,0.0,0.0,0.0
679,1786799354,965111708,1786799354.965112,8.15670966394529,-2.9979054601948265,0.7258772856950451,0.0,0.0,0.0,1.0,-0.002557216966240638,-0.11495597175947327,0.0,0.0,0.0,0.0
680,1786799355,265014427,1786799355.265014,8.155789921264386,-3.0322342730571687,0.7264566619357317,0.0,0.0,0.0,1.0,-0.002694222885897561,-0.11301348962498782,0.0,0.0,0.0,0.0
681,1786799355,498363200,1786799355.498363,8.154770582246279,-3.06009504582718,0.7260726152719289,0.0,0.0,0.0,1.0,-0.0049167674479570975,-0.11563421434355974,0.0,0.0,0.0,0.0
682,1786799356,198460077,1786799356.198460,8.151330331128818,-3.141470923804326,0.7258052086940865,0.0,0.0,0.0,1.0,-0.0048067331175299976,-0.11545540044018662,0.0,0.0,0.0,0.0
683,1786799356,431846358,1786799356.431846,8.14912435687911,-3.1679649091711446,0.7255740892317321,0.0,0.0,0.0,1.0,-0.004593135918269556,-0.11399966999397836,0.0,0.0,0.0,0.0
684,1786799356,648462421,1786799356.648463,8.146111363337134,-3.1966727788315517,0.7250958425222931,0.0,0.0,0.0,1.0,-0.006694446561799053,-0.11893009782363662,0.0,0.0,0.0,0.0
685,1786799357,331745211,1786799357.331745,8.140722954920228,-3.2807645165645765,0.7264596828733938,0.0,0.0,0.0,1.0,-0.007294227050083906,-0.12277879537325258,0.0,0.0,0.0,0.0
686,1786799357,531773447,1786799357.531773,8.137239408779497,-3.3036809748727745,0.7276921684812828,0.0,0.0,0.0,1.0,-0.011614671552282362,-0.12154454866590197,0.0,0.0,0.0,0.0
687,1786799357,898427201,1786799357.898427,8.132037291718923,-3.3483422312358355,0.7249738264845873,0.0,0.0,0.0,1.0,-0.013240554174827463,-0.12167518009624045,0.0,0.0,0.0,0.0
688,1786799358,98466125,1786799358.098466,8.128888602444789,-3.3750176637009037,0.7253701418321267,0.0,0.0,0.0,1.0,-0.011693689116524929,-0.12262791217309708,0.0,0.0,0.0,0.0
689,1786799358,298532749,1786799358.298533,8.1256444242042,-3.400913076659974,0.7263500472654091,0.0,0.0,0.0,1.0,-0.012079095347592772,-0.12494105404358355,0.0,0.0,0.0,0.0
690,1786799358,565039744,1786799358.565040,8.120733310725,-3.4347554344146163,0.7281234249688598,0.0,0.0,0.0,1.0,-0.01220340990357675,-0.1289503688967908,0.0,0.0,0.0,0.0
691,1786799358,998467386,1786799358.998467,8.11452176703732,-3.4886299184761196,0.7277839001837751,0.0,0.0,0.0,1.0,-0.016252547015507997,-0.12976554836066792,0.0,0.0,0.0,0.0
692,1786799359,298527700,1786799359.298528,8.10973504137544,-3.5277867439753474,0.7282725672073588,0.0,0.0,0.0,1.0,-0.016947326833747483,-0.13045549823984423,0.0,0.0,0.0,0.0
693,1786799359,898607369,1786799359.898607,8.099422598359354,-3.6072038517470437,0.7243794355505663,0.0,0.0,0.0,1.0,-0.018467513854326423,-0.13338390787886983,0.0,0.0,0.0,0.0
694,1786799360,281793252,1786799360.281793,8.092586134595546,-3.6556662318834654,0.7248308157789939,0.0,0.0,0.0,1.0,-0.018944391330237096,-0.13100493314815134,0.0,0.0,0.0,0.0
695,1786799360,631779939,1786799360.631780,8.085217159642436,-3.7003912151015443,0.7249422798354683,0.0,0.0,0.0,1.0,-0.01941902999662005,-0.13264092629426877,0.0,0.0,0.0,0.0
696,1786799361,31773658,1786799361.031774,8.077372113408902,-3.7528985839789923,0.7260195467065154,0.0,0.0,0.0,1.0,-0.019006869783891114,-0.13503050035679795,0.0,0.0,0.0,0.0
697,1786799361,331808699,1786799361.331809,8.071690546706826,-3.7886133055527864,0.7268964983284075,0.0,0.0,0.0,1.0,-0.022421763257434467,-0.12865823069351479,0.0,0.0,0.0,0.0
698,1786799361,598486594,1786799361.598487,8.067553938478127,-3.8225090246534252,0.7274728099624168,0.0,0.0,0.0,1.0,-0.0190927881115042,-0.12743369436985497,0.0,0.0,0.0,0.0
699,1786799361,965177240,1786799361.965177,8.061635962314117,-3.8702378483994733,0.7284291693653452,0.0,0.0,0.0,1.0,-0.018743441493721865,-0.12683124425269576,0.0,0.0,0.0,0.0
700,1786799362,165181149,1786799362.165181,8.057811123212474,-3.8956528915379067,0.7271278868033313,0.0,0.0,0.0,1.0,-0.017725244361834275,-0.13177645136486216,0.0,0.0,0.0,0.0
701,1786799362,465124525,1786799362.465125,8.053319566352503,-3.9339541828264384,0.726226232626879,0.0,0.0,0.0,1.0,-0.015356230998359695,-0.12735103788796293,0.0,0.0,0.0,0.0
702,1786799362,831850625,1786799362.831851,8.047124989780915,-3.9805199208531885,0.7259595074576906,0.0,0.0,0.0,1.0,-0.013490681257061916,-0.12590767276806175,0.0,0.0,0.0,0.0
703,1786799363,98456992,1786799363.098457,8.042482877272981,-4.014609894393656,0.7269287034331342,0.0,0.0,0.0,1.0,-0.016156457354192813,-0.12601877401060999,0.0,0.0,0.0,0.0
704,1786799363,331841485,1786799363.331841,8.038524086430925,-4.045951597980347,0.7272785371205915,0.0,0.0,0.0,1.0,-0.017600936495407716,-0.12330735311414984,0.0,0.0,0.0,0.0
705,1786799363,698639725,1786799363.698640,8.03169986089151,-4.091582167454753,0.7274372691254348,0.0,0.0,0.0,1.0,-0.01903641347905517,-0.11573400821342954,0.0,0.0,0.0,0.0
706,1786799363,931922928,1786799363.931923,8.02857038673383,-4.122627099327625,0.728122992596269,0.0,0.0,0.0,1.0,-0.017215772927244286,-0.11896465944457324,0.0,0.0,0.0,0.0
707,1786799364,231841723,1786799364.231842,8.02435168856239,-4.162049949059405,0.7284501754807764,0.0,0.0,0.0,1.0,-0.01873172700571427,-0.12568995569696045,0.0,0.0,0.0,0.0
708,1786799364,431879159,1786799364.431879,8.021440091958848,-4.188146334703705,0.7280542838649489,0.0,0.0,0.0,1.0,-0.020332913831817172,-0.12608466899399812,0.0,0.0,0.0,0.0
709,1786799364,831918339,1786799364.831918,8.014850003690949,-4.240215307256077,0.7265670656999293,0.0,0.0,0.0,1.0,-0.021062393626158357,-0.12418770666912773,0.0,0.0,0.0,0.0
710,1786799365,165192492,1786799365.165193,8.009597837956832,-4.282240326566852,0.7297122059294496,0.0,0.0,0.0,1.0,-0.022249638426640073,-0.12620353848025645,0.0,0.0,0.0,0.0
711,1786799365,365212665,1786799365.365213,8.006292616652516,-4.308322431382493,0.7287245814415185,0.0,0.0,0.0,1.0,-0.021089910569034198,-0.1290356266203653,0.0,0.0,0.0,0.0
712,1786799365,598520875,1786799365.598521,8.00233304485705,-4.338825007736579,0.7286337660917344,0.0,0.0,0.0,1.0,-0.022016036501283184,-0.13371011047657028,0.0,0.0,0.0,0.0
713,1786799365,798607543,1786799365.798608,7.998952559923133,-4.364687423778189,0.727589648176761,0.0,0.0,0.0,1.0,-0.021587847463901084,-0.1347277926809854,0.0,0.0,0.0,0.0
714,1786799366,365311472,1786799366.365311,7.98921067006513,-4.437005178218961,0.7266674983006117,0.0,0.0,0.0,1.0,-0.019901535866892188,-0.13054069153840953,0.0,0.0,0.0,0.0
715,1786799366,631917980,1786799366.631918,7.985741210487305,-4.471161568679642,0.7258568025390544,0.0,0.0,0.0,1.0,-0.014150502820772634,-0.12728987666125885,0.0,0.0,0.0,0.0
716,1786799367,165243875,1786799367.165244,7.977433625699739,-4.539336863349801,0.7269698989504174,0.0,0.0,0.0,1.0,-0.015546834262754012,-0.12421235161554586,0.0,0.0,0.0,0.0
717,1786799367,398713478,1786799367.398714,7.974039170611849,-4.568160803339424,0.7273974311425992,0.0,0.0,0.0,1.0,-0.012889167950173502,-0.1215751901382846,0.0,0.0,0.0,0.0
718,1786799367,632010067,1786799367.632010,7.970018584018387,-4.598640232146271,0.7274880541685536,0.0,0.0,0.0,1.0,-0.011580232995996285,-0.12375200614197504,0.0,0.0,0.0,0.0
719,1786799367,965327563,1786799367.965328,7.9636301786567,-4.642950174868709,0.7290058457143883,0.0,0.0,0.0,1.0,-0.012521453291067287,-0.12657525259638114,0.0,0.0,0.0,0.0
720,1786799368,765373732,1786799368.765374,7.953884052046849,-4.745327889937088,0.7251192475854426,0.0,0.0,0.0,1.0,-0.012505976263195526,-0.12553135143849,0.0,0.0,0.0,0.0
721,1786799368,998706261,1786799368.998706,7.949623265486537,-4.777627491314766,0.7274987935112214,0.0,0.0,0.0,1.0,-0.012339603430123115,-0.12848846896312022,0.0,0.0,0.0,0.0
722,1786799369,298684117,1786799369.298684,7.944655906477905,-4.816025548764427,0.7250904613140415,0.0,0.0,0.0,1.0,-0.012651348669360494,-0.12824374125559657,0.0,0.0,0.0,0.0
723,1786799369,665358262,1786799369.665358,7.938373179319743,-4.861667801304048,0.7242873237319309,0.0,0.0,0.0,1.0,-0.015447785828703849,-0.1357737060141505,0.0,0.0,0.0,0.0
724,1786799369,965369172,1786799369.965369,7.932260863498335,-4.897462124671989,0.7240598913786307,0.0,0.0,0.0,1.0,-0.020842123525520027,-0.13582256337386714,0.0,0.0,0.0,0.0
725,1786799370,298767440,1786799370.298767,7.923802249373082,-4.9450259913891035,0.7239097236364954,0.0,0.0,0.0,1.0,-0.030788647328461125,-0.1376286471914327,0.0,0.0,0.0,0.0
726,1786799370,698738838,1786799370.698739,7.910624268806895,-4.995609676265364,0.7214315906785165,0.0,0.0,0.0,1.0,-0.04375507274885071,-0.1345017658519058,0.0,0.0,0.0,0.0
727,1786799371,198737106,1786799371.198737,7.884805058399511,-5.051342111812529,0.7241191721545013,0.0,0.0,0.0,1.0,-0.06570952317231087,-0.12173218570641522,0.0,0.0,0.0,0.0
728,1786799371,431974926,1786799371.431975,7.874784352471874,-5.08299974466069,0.7234084003737664,0.0,0.0,0.0,1.0,-0.06766246393799041,-0.12622192270822613,0.0,0.0,0.0,0.0
729,1786799371,965375604,1786799371.965376,7.840284430371128,-5.146714005074147,0.721299528094364,0.0,0.0,0.0,1.0,-0.06859063426458066,-0.12440023850933903,0.0,0.0,0.0,0.0
730,1786799372,465392521,1786799372.465393,7.818871367708816,-5.195851708028261,0.7239118425369285,0.0,0.0,0.0,1.0,-0.06738929648995486,-0.11891876148528813,0.0,0.0,0.0,0.0
731,1786799372,832010783,1786799372.832011,7.79800852885867,-5.232750273685879,0.7248877489875637,0.0,0.0,0.0,1.0,-0.07202722703745447,-0.10324512616847845,0.0,0.0,0.0,0.0
732,1786799373,332025187,1786799373.332025,7.762941486464374,-5.253370231387874,0.7250312362875807,0.0,0.0,0.0,1.0,-0.08369586063698625,-0.06463723934768975,0.0,0.0,0.0,0.0
733,1786799373,565446402,1786799373.565446,7.733058354407291,-5.267011881519351,0.727616916141366,0.0,0.0,0.0,1.0,-0.10120107401315626,-0.05859956687851853,0.0,0.0,0.0,0.0
734,1786799373,998722505,1786799373.998723,7.693327988388557,-5.278814035646853,0.7287294724643776,0.0,0.0,0.0,1.0,-0.0989829383730154,-0.030928521110446163,0.0,0.0,0.0,0.0
735,1786799374,432045909,1786799374.432046,7.691314705444466,-5.211133988017403,0.7263090598772189,0.0,0.0,0.0,1.0,-0.10576909213312896,-0.011356650469967105,0.0,0.0,0.0,0.0
736,1786799375,32056694,1786799375.032057,7.643131000835563,-5.2364810611357475,0.7256469632479489,0.0,0.0,0.0,1.0,-0.10929930194407018,0.019559002106246087,0.0,0.0,0.0,0.0
737,1786799375,332111655,1786799375.332112,7.611027881193273,-5.2785482063119575,0.7243847406422249,0.0,0.0,0.0,1.0,-0.1147355646750971,0.024614766496258884,0.0,0.0,0.0,0.0
738,1786799376,32178003,1786799376.032178,7.5577031046114875,-5.253480408730345,0.7252541350738647,0.0,0.0,0.0,1.0,-0.11022008991307392,0.028790241704837627,0.0,0.0,0.0,0.0
739,1786799376,465435825,1786799376.465436,7.3595714471526925,-5.210933879974487,0.7236740420068262,0.0,0.0,0.0,1.0,-0.10232004668306459,0.055535550519684895,0.0,0.0,0.0,0.0
740,1786799376,901208058,1786799376.901208,7.241580743150745,-5.182736051978796,0.7231013189531259,0.0,0.0,0.0,1.0,-0.09408005429551913,0.07571170162494856,0.0,0.0,0.0,0.0
741,1786799377,132107576,1786799377.132107,7.287284603533212,-5.189215024641628,0.7249135051072719,0.0,0.0,0.0,1.0,-0.11200564917692177,0.09331996475720276,0.0,0.0,0.0,0.0
742,1786799377,965361337,1786799377.965361,7.218089789030749,-5.118033240224342,0.7265426223791958,0.0,0.0,0.0,1.0,-0.10953834859901705,0.10464351513504132,0.0,0.0,0.0,0.0
743,1786799378,165469243,1786799378.165469,7.211063509708186,-5.109611215294253,0.7277789047138268,0.0,0.0,0.0,1.0,-0.11435358260496292,0.10796573085737153,0.0,0.0,0.0,0.0
744,1786799378,398747957,1786799378.398748,7.143365137759666,-5.078096563693881,0.7261019501054095,0.0,0.0,0.0,1.0,-0.11641961790168855,0.10240046647122583,0.0,0.0,0.0,0.0
745,1786799379,46663,1786799379.000047,7.076927325255081,-5.014558002107244,0.7252041317806616,0.0,0.0,0.0,1.0,-0.11173235766570253,0.07644145893594088,0.0,0.0,0.0,0.0
746,1786799379,232264326,1786799379.232264,7.051272239096203,-5.004189744815658,0.7250054063400997,0.0,0.0,0.0,1.0,-0.11069724932045749,0.06896070864143003,0.0,0.0,0.0,0.0
747,1786799379,465579964,1786799379.465580,7.032875776365074,-4.988849164934138,0.7251035614812757,0.0,0.0,0.0,1.0,-0.10690135677122098,0.06800849248832483,0.0,0.0,0.0,0.0
748,1786799379,865441728,1786799379.865442,6.975085455033753,-4.987451665287236,0.7233502545477352,0.0,0.0,0.0,1.0,-0.10860232117643621,0.05355098135194194,0.0,0.0,0.0,0.0
749,1786799380,198815401,1786799380.198815,6.937621128016261,-4.956785751126046,0.7269431370376572,0.0,0.0,0.0,1.0,-0.10263832190663114,0.05572990314880813,0.0,0.0,0.0,0.0
750,1786799380,465580920,1786799380.465581,6.908617322665805,-4.9457937750577035,0.7270259321125357,0.0,0.0,0.0,1.0,-0.10180920757074331,0.05711903350636575,0.0,0.0,0.0,0.0
751,1786799380,932267728,1786799380.932268,6.835462611379789,-4.9155495943276515,0.7250398887339344,0.0,0.0,0.0,1.0,-0.1124693114614002,0.05549415168970618,0.0,0.0,0.0,0.0
752,1786799381,198921921,1786799381.198922,6.836454468741422,-4.908768029842971,0.7240621628855768,0.0,0.0,0.0,1.0,-0.11067367990552537,0.052798328882946506,0.0,0.0,0.0,0.0
753,1786799381,432232851,1786799381.432233,6.812367162048339,-4.904253565951331,0.7259689650794465,0.0,0.0,0.0,1.0,-0.11440363841192985,0.04924199277975805,0.0,0.0,0.0,0.0
754,1786799381,932187233,1786799381.932187,6.7480150752767685,-4.887689376012354,0.7246371497994597,0.0,0.0,0.0,1.0,-0.11988316004447659,0.035082950722218446,0.0,0.0,0.0,0.0
755,1786799382,165518369,1786799382.165518,6.706172202774617,-4.883921556627143,0.7233417492780851,0.0,0.0,0.0,1.0,-0.12256674650276864,0.03412999676807221,0.0,0.0,0.0,0.0
756,1786799382,365533577,1786799382.365534,6.666872470165199,-4.884027102599318,0.7244725031699065,0.0,0.0,0.0,1.0,-0.11895669180337949,0.03291290497910779,0.0,0.0,0.0,0.0
757,1786799382,565564110,1786799382.565564,6.627345413186976,-4.882059157087748,0.7254021347548002,0.0,0.0,0.0,1.0,-0.11719102072561721,0.03263029196976287,0.0,0.0,0.0,0.0
758,1786799382,798889516,1786799382.798889,6.599160368909278,-4.880684464249534,0.7256620845161499,0.0,0.0,0.0,1.0,-0.11409578065814122,0.031167939862746605,0.0,0.0,0.0,0.0
759,1786799383,98860258,1786799383.098860,6.583629532073221,-4.877891667061264,0.7278383284041524,0.0,0.0,0.0,1.0,-0.10444708068158755,0.0315401873629558,0.0,0.0,0.0,0.0
760,1786799383,298911703,1786799383.298912,6.566055571730725,-4.871146602740096,0.7265227213988961,0.0,0.0,0.0,1.0,-0.10541644295650877,0.03198343884621111,0.0,0.0,0.0,0.0
761,1786799383,498927722,1786799383.498928,6.5356749813218755,-4.869035681992253,0.7257895125746632,0.0,0.0,0.0,1.0,-0.10711508628936879,0.035218409218365415,0.0,0.0,0.0,0.0
762,1786799384,365600144,1786799384.365600,6.465305090837116,-4.8517577274930295,0.723925669521892,0.0,0.0,0.0,1.0,-0.1043272215500634,0.035065225241403354,0.0,0.0,0.0,0.0
763,1786799385,132361338,1786799385.132361,6.430381299173291,-4.848354290720991,0.7230782090837732,0.0,0.0,0.0,1.0,-0.1080614824869284,0.03353783542703849,0.0,0.0,0.0,0.0
764,1786799385,465674293,1786799385.465674,6.394796104250613,-4.833141089885798,0.7226650343850946,0.0,0.0,0.0,1.0,-0.10024247703817929,0.03606133982033946,0.0,0.0,0.0,0.0
765,1786799385,899017048,1786799385.899017,6.345645003966542,-4.810598777249616,0.7284972475965195,0.0,0.0,0.0,1.0,-0.0944893658339589,0.041905364138985206,0.0,0.0,0.0,0.0
766,1786799386,432297245,1786799386.432297,6.278814553762778,-4.784318585642721,0.7286067824025932,0.0,0.0,0.0,1.0,-0.1045419091065236,0.04997746093361719,0.0,0.0,0.0,0.0
767,1786799386,899143089,1786799386.899143,6.221093784188362,-4.771083305289274,0.7270009008998513,0.0,0.0,0.0,1.0,-0.10760329420759103,0.04551533606709617,0.0,0.0,0.0,0.0
768,1786799387,532435085,1786799387.532435,6.143303239055786,-4.748764508507292,0.7254760252624616,0.0,0.0,0.0,1.0,-0.11727146153356806,0.04636590368159484,0.0,0.0,0.0,0.0
769,1786799387,932305543,1786799387.932306,6.089833697528906,-4.721592515852482,0.724515931848928,0.0,0.0,0.0,1.0,-0.11668147217485825,0.05566308296725021,0.0,0.0,0.0,0.0
770,1786799388,398984707,1786799388.398985,6.0218146946468565,-4.6992548367224725,0.7253362607662357,0.0,0.0,0.0,1.0,-0.12658949652975077,0.05208884215073603,0.0,0.0,0.0,0.0
771,1786799388,698981392,1786799388.698981,5.977139436624675,-4.676589826883864,0.7262964755303073,0.0,0.0,0.0,1.0,-0.13193740496651643,0.05276031986937939,0.0,0.0,0.0,0.0
772,1786799388,932363405,1786799388.932364,5.942791545976988,-4.666532715152142,0.7249000738068282,0.0,0.0,0.0,1.0,-0.13476897110802735,0.054006910496668836,0.0,0.0,0.0,0.0
773,1786799389,465776146,1786799389.465776,5.8656961420750875,-4.649934601731143,0.7259518588591959,0.0,0.0,0.0,1.0,-0.13839936924184562,0.03845859207036839,0.0,0.0,0.0,0.0
774,1786799389,732410973,1786799389.732411,5.8642616118140545,-4.644098755569081,0.7253074267162907,0.0,0.0,0.0,1.0,-0.13266630703518217,0.03439079858494179,0.0,0.0,0.0,0.0
775,1786799389,965657090,1786799389.965657,5.825669614369538,-4.636108350323578,0.7240354097527126,0.0,0.0,0.0,1.0,-0.13280527989770596,0.03303024555539624,0.0,0.0,0.0,0.0
776,1786799390,165720097,1786799390.165720,5.7968430156452975,-4.638675037451137,0.7234973197240939,0.0,0.0,0.0,1.0,-0.12911810822103037,0.024522312287225012,0.0,0.0,0.0,0.0
777,1786799390,499148197,1786799390.499148,5.750235321117984,-4.637052223482647,0.7250354014500331,0.0,0.0,0.0,1.0,-0.12419251869599653,0.012603808659223437,0.0,0.0,0.0,0.0
778,1786799390,732452617,1786799390.732453,5.72310024201219,-4.638572988686679,0.7280126811881646,0.0,0.0,0.0,1.0,-0.11864434998886511,0.00705268540279272,0.0,0.0,0.0,0.0
779,1786799391,65796525,1786799391.065797,5.686855959048167,-4.636058824328953,0.7277411506642828,0.0,0.0,0.0,1.0,-0.1233414506994431,0.0038353305754010823,0.0,0.0,0.0,0.0
780,1786799391,332403172,1786799391.332403,5.651245032778025,-4.64308759122931,0.7265581608477104,0.0,0.0,0.0,1.0,-0.12618291557574618,0.004882041014143438,0.0,0.0,0.0,0.0
781,1786799391,532413957,1786799391.532414,5.623254071338945,-4.644481370270823,0.7278539839635374,0.0,0.0,0.0,1.0,-0.12336132040975385,0.005581313043532309,0.0,0.0,0.0,0.0
782,1786799391,832400115,1786799391.832400,5.5803378375597426,-4.646603908947384,0.7253314403320781,0.0,0.0,0.0,1.0,-0.11944102581200687,0.009423643364241186,0.0,0.0,0.0,0.0
783,1786799392,199080367,1786799392.199080,5.535092720247462,-4.63875152147987,0.7241607876207391,0.0,0.0,0.0,1.0,-0.11871893308218155,0.01075957724632752,0.0,0.0,0.0,0.0
784,1786799392,465792149,1786799392.465792,5.498147059732844,-4.641012563016269,0.7240263790678984,0.0,0.0,0.0,1.0,-0.12382250951076933,0.008407900057820474,0.0,0.0,0.0,0.0
785,1786799392,799057149,1786799392.799057,5.446144101344622,-4.643689547521072,0.7255128094526117,0.0,0.0,0.0,1.0,-0.1255303063861889,0.0002568730816671881,0.0,0.0,0.0,0.0
786,1786799393,332369945,1786799393.332370,5.375154927354416,-4.648202239583526,0.7256779561749919,0.0,0.0,0.0,1.0,-0.12388489176354195,-0.008096919401181008,0.0,0.0,0.0,0.0
787,1786799393,565766901,1786799393.565767,5.344851321652033,-4.650375636997948,0.7274325022953322,0.0,0.0,0.0,1.0,-0.12353649695619635,-0.005681345878071762,0.0,0.0,0.0,0.0
788,1786799394,332549609,1786799394.332550,5.243409378501276,-4.651020701733525,0.7289392595766563,0.0,0.0,0.0,1.0,-0.12553753031145676,-0.006216287778392151,0.0,0.0,0.0,0.0
789,1786799394,565837069,1786799394.565837,5.2155401078655785,-4.6378125106038794,0.7278272125075693,0.0,0.0,0.0,1.0,-0.12334583685086975,0.008481643358843678,0.0,0.0,0.0,0.0
790,1786799395,32559980,1786799395.032560,5.158172661206184,-4.626175756850001,0.7268356712954555,0.0,0.0,0.0,1.0,-0.12411344659215837,0.014715565630801654,0.0,0.0,0.0,0.0
791,1786799395,665759494,1786799395.665760,5.072213579290491,-4.619239283087826,0.7257780695775349,0.0,0.0,0.0,1.0,-0.1257262537067812,0.0109071604091725,0.0,0.0,0.0,0.0
792,1786799395,999191893,1786799395.999192,5.030193497366277,-4.618002343754865,0.7251804076295748,0.0,0.0,0.0,1.0,-0.12158010824071833,0.00590929348244693,0.0,0.0,0.0,0.0
793,1786799396,232555333,1786799396.232555,4.995644962578378,-4.614346848328893,0.7270370303960143,0.0,0.0,0.0,1.0,-0.12270374898003719,0.009216663696898298,0.0,0.0,0.0,0.0
794,1786799396,465866414,1786799396.465866,4.962040614229565,-4.605404943905487,0.7268504605452965,0.0,0.0,0.0,1.0,-0.12326899425940308,0.01479612249738398,0.0,0.0,0.0,0.0
795,1786799396,999150039,1786799396.999150,4.887685401758205,-4.591341827330212,0.7264007816805786,0.0,0.0,0.0,1.0,-0.12678009298001666,0.018249132574079525,0.0,0.0,0.0,0.0
796,1786799397,299241685,1786799397.299242,4.846815668961639,-4.580377566069297,0.7279234299418065,0.0,0.0,0.0,1.0,-0.1240661666660477,0.0218937967336614,0.0,0.0,0.0,0.0
797,1786799397,532656156,1786799397.532656,4.816130764391634,-4.573603348256615,0.7277704396855069,0.0,0.0,0.0,1.0,-0.12607822343940975,0.022314470345904027,0.0,0.0,0.0,0.0
798,1786799397,932665018,1786799397.932665,4.7956450400856525,-4.569292157801568,0.7272500639511089,0.0,0.0,0.0,1.0,-0.13205930347247588,0.021276205814595234,0.0,0.0,0.0,0.0
799,1786799398,165825937,1786799398.165826,4.775417619949387,-4.567519579386367,0.7276432428843859,0.0,0.0,0.0,1.0,-0.14007933335351128,0.02171332424527336,0.0,0.0,0.0,0.0
800,1786799398,499219741,1786799398.499220,4.733251153950114,-4.561636433272346,0.7261217415180251,0.0,0.0,0.0,1.0,-0.12446646144122259,0.014925255386647395,0.0,0.0,0.0,0.0
801,1786799399,65978755,1786799399.065979,4.67174352007169,-4.554831079980799,0.7252987430205292,0.0,0.0,0.0,1.0,-0.12720069975069825,0.011836751741097084,0.0,0.0,0.0,0.0
802,1786799399,332527928,1786799399.332528,4.63237197298724,-4.547907773497009,0.7273636173092631,0.0,0.0,0.0,1.0,-0.12939381010710246,0.016639579046181793,0.0,0.0,0.0,0.0
803,1786799399,532607340,1786799399.532607,4.605462767613837,-4.540365294790384,0.7281826441279279,0.0,0.0,0.0,1.0,-0.12440675828036471,0.020365116699904685,0.0,0.0,0.0,0.0
804,1786799399,999295352,1786799399.999295,4.542621842646977,-4.52812251923344,0.7250906775839456,0.0,0.0,0.0,1.0,-0.12589657897096465,0.023809225267201105,0.0,0.0,0.0,0.0
805,1786799400,265935049,1786799400.265935,4.504341961921504,-4.520508831335759,0.7240205166237422,0.0,0.0,0.0,1.0,-0.12768921994864724,0.022335432007626155,0.0,0.0,0.0,0.0
806,1786799400,499235186,1786799400.499235,4.471129024197875,-4.515637987375225,0.7238109005929908,0.0,0.0,0.0,1.0,-0.1267586463158713,0.021689816396344253,0.0,0.0,0.0,0.0
807,1786799400,965912131,1786799400.965912,4.412356944379688,-4.5057481317396455,0.7255078169343256,0.0,0.0,0.0,1.0,-0.12062738522843773,0.02281271915366566,0.0,0.0,0.0,0.0
808,1786799401,332671936,1786799401.332672,4.365494027510302,-4.5006147807883785,0.7264154929056719,0.0,0.0,0.0,1.0,-0.12111221810292752,0.017079720189292304,0.0,0.0,0.0,0.0
809,1786799401,765922726,1786799401.765923,4.307245177724182,-4.489432089639777,0.7261848738425427,0.0,0.0,0.0,1.0,-0.11920211674890448,0.019618901551831856,0.0,0.0,0.0,0.0
810,1786799401,999374107,1786799401.999374,4.272899669779779,-4.481114126396658,0.7294795482706522,0.0,0.0,0.0,1.0,-0.1171469119726156,0.020714241091485265,0.0,0.0,0.0,0.0
811,1786799402,332576297,1786799402.332576,4.227686490229262,-4.472543691027418,0.7288585582323397,0.0,0.0,0.0,1.0,-0.11824152155577271,0.023011123488037268,0.0,0.0,0.0,0.0
812,1786799402,599278050,1786799402.599278,4.188161254378441,-4.466017384239727,0.7281169960493137,0.0,0.0,0.0,1.0,-0.12681422868069303,0.023106934932926045,0.0,0.0,0.0,0.0
813,1786799403,299330012,1786799403.299330,4.091783316210105,-4.456759944002515,0.728092373383458,0.0,0.0,0.0,1.0,-0.13844880617450644,0.014009187678059993,0.0,0.0,0.0,0.0
814,1786799403,566018696,1786799403.566019,4.057979752159486,-4.456269765671127,0.7256887954306932,0.0,0.0,0.0,1.0,-0.13720401738567092,0.008723175487971621,0.0,0.0,0.0,0.0
815,1786799403,799337943,1786799403.799338,4.025994217334036,-4.4542092627268435,0.726264538056771,0.0,0.0,0.0,1.0,-0.1386730405702408,0.007241083948960328,0.0,0.0,0.0,0.0
816,1786799403,999354575,1786799403.999355,4.000171472160536,-4.44687047287483,0.7248802250100053,0.0,0.0,0.0,1.0,-0.1406269647587369,0.013319847848152738,0.0,0.0,0.0,0.0
817,1786799404,232626760,1786799404.232627,3.9675927906779993,-4.440253665178384,0.7256806081879196,0.0,0.0,0.0,1.0,-0.1377403669699063,0.013511058600107751,0.0,0.0,0.0,0.0
818,1786799404,432766678,1786799404.432767,3.940208399273965,-4.4331331484726455,0.7243669568087214,0.0,0.0,0.0,1.0,-0.12817704488467918,0.015444964722598771,0.0,0.0,0.0,0.0
819,1786799404,665971671,1786799404.665972,3.909361022869952,-4.427435048433109,0.7242874245420723,0.0,0.0,0.0,1.0,-0.12407453554852851,0.019531783426588283,0.0,0.0,0.0,0.0
820,1786799404,899312405,1786799404.899312,3.8757022245702792,-4.420585272014038,0.7250569460468235,0.0,0.0,0.0,1.0,-0.12375328915811054,0.020965883199792194,0.0,0.0,0.0,0.0
821,1786799405,199356400,1786799405.199356,3.8358638879607483,-4.413428798110646,0.7250566048880059,0.0,0.0,0.0,1.0,-0.12561139400833765,0.02102387308017088,0.0,0.0,0.0,0.0
822,1786799405,499345206,1786799405.499345,3.7966622511385104,-4.409351065994345,0.7263914131619734,0.0,0.0,0.0,1.0,-0.1268374591115914,0.015789138112249725,0.0,0.0,0.0,0.0
823,1786799405,766107069,1786799405.766107,3.7646031776671336,-4.40708241914781,0.7274585706819906,0.0,0.0,0.0,1.0,-0.126112461415363,0.011779170637498117,0.0,0.0,0.0,0.0
824,1786799406,332697582,1786799406.332698,3.6894920403508333,-4.395934869527785,0.7281253448160908,0.0,0.0,0.0,1.0,-0.1316740139415719,0.01690912252755159,0.0,0.0,0.0,0.0
825,1786799407,32723259,1786799407.032723,3.601597669959876,-4.380188931176763,0.7280011408796184,0.0,0.0,0.0,1.0,-0.1287037874985716,0.024129817665347213,0.0,0.0,0.0,0.0
826,1786799407,366133523,1786799407.366133,3.5575581656781523,-4.375033420137722,0.7264980075489985,0.0,0.0,0.0,1.0,-0.13000385653119448,0.023153133873334564,0.0,0.0,0.0,0.0
827,1786799407,732780305,1786799407.732780,3.50960219651469,-4.36676509483731,0.7268353329846262,0.0,0.0,0.0,1.0,-0.1314176096501599,0.021857873249968636,0.0,0.0,0.0,0.0
828,1786799407,999399812,1786799407.999400,3.47977328874474,-4.364280999664743,0.7253790333385112,0.0,0.0,0.0,1.0,-0.12613390781054076,0.014909628613616825,0.0,0.0,0.0,0.0
829,1786799408,532779712,1786799408.532780,3.4097061400528226,-4.35565268447251,0.7233909509070546,0.0,0.0,0.0,1.0,-0.1268575205882559,0.011332399929350956,0.0,0.0,0.0,0.0
830,1786799408,999435067,1786799408.999435,3.3440851660045148,-4.344717381090339,0.7243356905275632,0.0,0.0,0.0,1.0,-0.13006384107068147,0.013067106929023796,0.0,0.0,0.0,0.0
831,1786799409,332761707,1786799409.332762,3.302528467222391,-4.335137387421248,0.7239174108469253,0.0,0.0,0.0,1.0,-0.13261644373336146,0.015926539813464667,0.0,0.0,0.0,0.0
832,1786799409,599482607,1786799409.599483,3.302528467222391,-4.335137387421248,0.7239174108469253,0.0,0.0,0.0,1.0,-0.13261644373336146,0.015926539813464667,0.0,0.0,0.0,0.0
833,1786799409,999437508,1786799409.999438,3.302528467222391,-4.335137387421248,0.7239174108469253,0.0,0.0,0.0,1.0,-0.13261644373336146,0.015926539813464667,0.0,0.0,0.0,0.0
834,1786799410,432859588,1786799410.432860,3.218470058315722,-4.328584361542997,0.7257732130490832,0.0,0.0,0.0,1.0,-0.172009590873622,0.016575558923683856,0.0,0.0,0.0,0.0
835,1786799410,899507342,1786799410.899507,3.1581079775915164,-4.326051156281483,0.7258132045829864,0.0,0.0,0.0,1.0,-0.169125264372781,0.012277594132026325,0.0,0.0,0.0,0.0
836,1786799411,199500309,1786799411.199500,3.1180908332656863,-4.327914265854637,0.7255159750726562,0.0,0.0,0.0,1.0,-0.16359842158186738,0.006882651991548437,0.0,0.0,0.0,0.0
837,1786799411,499688097,1786799411.499688,3.0779937279235057,-4.319141711665534,0.7280467650878868,0.0,0.0,0.0,1.0,-0.15148008892341036,0.01183191257862733,0.0,0.0,0.0,0.0
838,1786799411,732810267,1786799411.732810,3.048387702095596,-4.309562330250518,0.7296019567601397,0.0,0.0,0.0,1.0,-0.14045815771744308,0.015455068418299077,0.0,0.0,0.0,0.0
839,1786799411,999481698,1786799411.999482,3.0122666598059364,-4.297927832360815,0.7318545630172869,0.0,0.0,0.0,1.0,-0.1345636354140592,0.021803638073074966,0.0,0.0,0.0,0.0
840,1786799412,199520705,1786799412.199521,2.9851940717631056,-4.292724029439995,0.7291993478072857,0.0,0.0,0.0,1.0,-0.12963037004437938,0.018264881082320772,0.0,0.0,0.0,0.0
841,1786799412,432763832,1786799412.432764,2.9519951362943395,-4.286124786565182,0.7269696997468873,0.0,0.0,0.0,1.0,-0.1296166957899824,0.0189201092912085,0.0,0.0,0.0,0.0
842,1786799412,766135507,1786799412.766135,2.9047199804753916,-4.282290256905373,0.7266517026443582,0.0,0.0,0.0,1.0,-0.12686315864118197,0.017449625352021374,0.0,0.0,0.0,0.0
843,1786799413,132823855,1786799413.132824,2.8571516945071647,-4.2757700979817095,0.7264878197602919,0.0,0.0,0.0,1.0,-0.12410239942213074,0.013516349251472867,0.0,0.0,0.0,0.0
844,1786799413,399547511,1786799413.399548,2.818394498787651,-4.272565466587162,0.7263647671847246,0.0,0.0,0.0,1.0,-0.13010618552967015,0.014153999081332254,0.0,0.0,0.0,0.0
845,1786799413,832883977,1786799413.832884,2.760254054693821,-4.259753480300406,0.7274151225254994,0.0,0.0,0.0,1.0,-0.12583697214402578,0.01932258614410325,0.0,0.0,0.0,0.0
846,1786799414,99415602,1786799414.099416,2.7245524881143677,-4.2502247237195405,0.7243382680787732,0.0,0.0,0.0,1.0,-0.11859033369928099,0.020968837636625406,0.0,0.0,0.0,0.0
847,1786799414,399619352,1786799414.399619,2.6815866648770577,-4.239830405289172,0.7238290378607264,0.0,0.0,0.0,1.0,-0.11595643065830787,0.02356778495387449,0.0,0.0,0.0,0.0
848,1786799414,799510052,1786799414.799510,2.6271274639490194,-4.23152483120891,0.7232440226430984,0.0,0.0,0.0,1.0,-0.12199249879566788,0.021236963318970233,0.0,0.0,0.0,0.0
849,1786799414,999581847,1786799414.999582,2.599612914731111,-4.231127515593886,0.7234844914633143,0.0,0.0,0.0,1.0,-0.12242050448303259,0.017647212113776824,0.0,0.0,0.0,0.0
850,1786799415,232856243,1786799415.232856,2.57044769463074,-4.230036025573199,0.7246332832932081,0.0,0.0,0.0,1.0,-0.12102575610527083,0.014800831558448947,0.0,0.0,0.0,0.0
851,1786799416,66287660,1786799416.066288,2.46954525877668,-4.193987547665024,0.7254627278877189,0.0,0.0,0.0,1.0,-0.10378595600634276,0.07806797307413256,0.0,0.0,0.0,0.0
852,1786799416,332892471,1786799416.332892,2.438844380114082,-4.169233339083405,0.7255482572625717,0.0,0.0,0.0,1.0,-0.09714003748714903,0.08757872061784286,0.0,0.0,0.0,0.0
853,1786799416,599585086,1786799416.599585,2.410781271423943,-4.1433180126593445,0.7258218945773826,0.0,0.0,0.0,1.0,-0.0930797203824399,0.09738368926238263,0.0,0.0,0.0,0.0
854,1786799417,399631739,1786799417.399632,2.348744731744569,-4.083558492889774,0.7248445071531856,0.0,0.0,0.0,1.0,-0.09266612895960886,0.09547947192533698,0.0,0.0,0.0,0.0
855,1786799417,966300713,1786799417.966301,2.2910134565377085,-4.030272162886938,0.7247845118896785,0.0,0.0,0.0,1.0,-0.09993422094041543,0.1017952963345533,0.0,0.0,0.0,0.0
856,1786799418,232889284,1786799418.232889,2.262472300232684,-3.9912822475219105,0.7248494301201689,0.0,0.0,0.0,1.0,-0.09942520002970752,0.11643940110004894,0.0,0.0,0.0,0.0
857,1786799418,466330760,1786799418.466331,2.2338296710831926,-3.9521358156344073,0.7253857286001628,0.0,0.0,0.0,1.0,-0.09958003997856421,0.1292587949121052,0.0,0.0,0.0,0.0
858,1786799418,899623747,1786799418.899624,2.1901771155896377,-3.88925176989888,0.7256732866553096,0.0,0.0,0.0,1.0,-0.10127845421503084,0.13678686100854479,0.0,0.0,0.0,0.0
859,1786799419,99736185,1786799419.099736,2.17591494994665,-3.859430402456015,0.7265660034988497,0.0,0.0,0.0,1.0,-0.10305980191429993,0.14120493154961916,0.0,0.0,0.0,0.0
860,1786799419,399654493,1786799419.399654,2.152443285445271,-3.8189733700203785,0.7267922942199421,0.0,0.0,0.0,1.0,-0.11030542116260991,0.14404914023082804,0.0,0.0,0.0,0.0
861,1786799419,699730188,1786799419.699730,2.125415525955548,-3.777831699163872,0.7257004698831678,0.0,0.0,0.0,1.0,-0.11434095119309241,0.1469334091293475,0.0,0.0,0.0,0.0
862,1786799419,899741649,1786799419.899742,2.0977714167362453,-3.7455146889245006,0.7268577556662578,0.0,0.0,0.0,1.0,-0.11712962676746509,0.14904335954030315,0.0,0.0,0.0,0.0
863,1786799420,733010128,1786799420.733010,2.0007696612201293,-3.6199376152735727,0.7268365197093888,0.0,0.0,0.0,1.0,-0.12185417753386729,0.15655504909863965,0.0,0.0,0.0,0.0
864,1786799421,233044093,1786799421.233044,1.9372284335246661,-3.5377422561847416,0.7253519438424145,0.0,0.0,0.0,1.0,-0.12046639366296183,0.16082405624399496,0.0,0.0,0.0,0.0
865,1786799421,999567963,1786799421.999568,1.8439435235625385,-3.410568072626635,0.7243502105307691,0.0,0.0,0.0,1.0,-0.12059896346559154,0.16293059250534786,0.0,0.0,0.0,0.0
866,1786799422,199614322,1786799422.199614,1.79047850100309,-3.356862614492657,0.724353588759941,0.0,0.0,0.0,1.0,-0.14567648241589137,0.1873752111247176,0.0,0.0,0.0,0.0
867,1786799422,466320481,1786799422.466321,1.79047850100309,-3.356862614492657,0.724353588759941,0.0,0.0,0.0,1.0,-0.14567648241589137,0.1873752111247176,0.0,0.0,0.0,0.0
868,1786799422,699629810,1786799422.699630,1.79047850100309,-3.356862614492657,0.724353588759941,0.0,0.0,0.0,1.0,-0.14567648241589137,0.1873752111247176,0.0,0.0,0.0,0.0
869,1786799422,932931387,1786799422.932931,1.79047850100309,-3.356862614492657,0.724353588759941,0.0,0.0,0.0,1.0,-0.14567648241589137,0.1873752111247176,0.0,0.0,0.0,0.0
870,1786799423,132974668,1786799423.132975,1.679416917520344,-3.222621066955881,0.7258849942296929,0.0,0.0,0.0,1.0,-0.18769472867217496,0.24642076127731632,0.0,0.0,0.0,0.0
871,1786799423,433006447,1786799423.433007,1.649921672602396,-3.1627460132327117,0.7269512182868476,0.0,0.0,0.0,1.0,-0.1838666610208596,0.24389138346641714,0.0,0.0,0.0,0.0
872,1786799424,299874747,1786799424.299875,1.4888068226604307,-2.928361226380516,0.7229289337189723,0.0,0.0,0.0,1.0,-0.18087258824138627,0.2512059799491357,0.0,0.0,0.0,0.0
873,1786799424,966623725,1786799424.966624,1.3859156083284674,-2.7851940153784476,0.7217537804038501,0.0,0.0,0.0,1.0,-0.2013461021849973,0.2562487289084401,0.0,0.0,0.0,0.0
874,1786799425,199837978,1786799425.199838,1.3859156083284674,-2.7851940153784476,0.7217537804038501,0.0,0.0,0.0,1.0,-0.2013461021849973,0.2562487289084401,0.0,0.0,0.0,0.0
875,1786799425,732972125,1786799425.732972,1.2497441339640467,-2.666826566255331,0.7203751050715241,0.0,0.0,0.0,1.0,-0.21691351445460094,0.23273526321000376,0.0,0.0,0.0,0.0
876,1786799426,66395624,1786799426.066396,1.2385134303542245,-2.6500095874536718,0.7193978124553199,0.0,0.0,0.0,1.0,-0.18439620441943455,0.1923239239868279,0.0,0.0,0.0,0.0
877,1786799426,299746831,1786799426.299747,1.212729560188631,-2.6357661699947226,0.7202445786463657,0.0,0.0,0.0,1.0,-0.1679429635021429,0.17050088299791244,0.0,0.0,0.0,0.0
878,1786799426,732920224,1786799426.732920,1.1245428295097248,-2.590410235128598,0.7198984426110832,0.0,0.0,0.0,1.0,-0.16919537302877524,0.1585530847591243,0.0,0.0,0.0,0.0
879,1786799427,466389457,1786799427.466389,1.0309065088748515,-2.5413076578812377,0.7220113686101461,0.0,0.0,0.0,1.0,-0.13586451280985024,0.10663521510631319,0.0,0.0,0.0,0.0
880,1786799427,766407257,1786799427.766407,1.0309065088748515,-2.5413076578812377,0.7220113686101461,0.0,0.0,0.0,1.0,-0.13586451280985024,0.10663521510631319,0.0,0.0,0.0,0.0
881,1786799428,133002659,1786799428.133003,0.99059593452907,-2.4997463323511426,0.7232208354989182,0.0,0.0,0.0,1.0,-0.1308700666745712,0.07874682848714783,0.0,0.0,0.0,0.0
882,1786799428,399866841,1786799428.399867,0.9829180955047985,-2.4841139308345275,0.7274014558709608,0.0,0.0,0.0,1.0,-0.10916267347886903,0.04206641949358941,0.0,0.0,0.0,0.0
883,1786799428,733168673,1786799428.733169,0.9515902000177796,-2.504989919130968,0.7287674375121834,0.0,0.0,0.0,1.0,-0.10496649693016256,0.009758338508393041,0.0,0.0,0.0,0.0
884,1786799428,966463379,1786799428.966463,0.9265440011113864,-2.5327540744720505,0.7300904176653169,0.0,0.0,0.0,1.0,-0.10760879771274302,-0.01334225550389917,0.0,0.0,0.0,0.0
885,1786799429,399828291,1786799429.399828,0.8784123537894768,-2.5643041349388276,0.729365451024382,0.0,0.0,0.0,1.0,-0.10779075084538231,-0.03680760177805501,0.0,0.0,0.0,0.0
886,1786799429,699648708,1786799429.699649,0.8405838325174244,-2.5966547721191517,0.7278573141880899,0.0,0.0,0.0,1.0,-0.10230711415366223,-0.04919894860438158,0.0,0.0,0.0,0.0
887,1786799429,933127077,1786799429.933127,0.8117192130338946,-2.6249831622675,0.7265792529080634,0.0,0.0,0.0,1.0,-0.10183576742658448,-0.05625239307924601,0.0,0.0,0.0,0.0
888,1786799430,199735501,1786799430.199735,0.7759395230706421,-2.676828923320107,0.7246563221667396,0.0,0.0,0.0,1.0,-0.10259917301384802,-0.06015390011551346,0.0,0.0,0.0,0.0
889,1786799430,999761391,1786799430.999761,0.7108172305027196,-2.728904956958263,0.7216351159953831,0.0,0.0,0.0,1.0,-0.09976502057795338,-0.0759235884545189,0.0,0.0,0.0,0.0
890,1786799431,199800299,1786799431.199800,0.684192773766723,-2.7513042793912406,0.723933490515977,0.0,0.0,0.0,1.0,-0.10116060458195705,-0.08028469652127025,0.0,0.0,0.0,0.0
891,1786799431,466641659,1786799431.466642,0.6549287602261771,-2.7800453924495754,0.7258055689292969,0.0,0.0,0.0,1.0,-0.09113429365371856,-0.07802254490382493,0.0,0.0,0.0,0.0
892,1786799431,866448000,1786799431.866448,0.6126502307838901,-2.816216753104258,0.7264653142702365,0.0,0.0,0.0,1.0,-0.08542759940968044,-0.07078724491411531,0.0,0.0,0.0,0.0
893,1786799432,99816598,1786799432.099817,0.5678053690906761,-2.858907281646059,0.7262178081627371,0.0,0.0,0.0,1.0,-0.08107371190196903,-0.06855146589048151,0.0,0.0,0.0,0.0
894,1786799432,499840495,1786799432.499840,0.5313680156412524,-2.879175968281691,0.7257617239677017,0.0,0.0,0.0,1.0,-0.08029309101148457,-0.05769005186044131,0.0,0.0,0.0,0.0
895,1786799432,899950066,1786799432.899950,0.4951294465941345,-2.8889161143387714,0.7260642667347449,0.0,0.0,0.0,1.0,-0.08620852853861811,-0.05355280032735193,0.0,0.0,0.0,0.0
896,1786799433,299878946,1786799433.299879,0.45806688537977536,-2.907160968366925,0.7248468539860721,0.0,0.0,0.0,1.0,-0.08738938535960178,-0.05573307635966771,0.0,0.0,0.0,0.0
897,1786799433,599747332,1786799433.599747,0.42858238075953814,-2.91929373591192,0.7245674134012533,0.0,0.0,0.0,1.0,-0.08922577853309133,-0.05429366356360584,0.0,0.0,0.0,0.0
898,1786799434,33157416,1786799434.033157,0.38559445165582673,-2.9365421638090385,0.7239770022144396,0.0,0.0,0.0,1.0,-0.09375009728022773,-0.05501548473527313,0.0,0.0,0.0,0.0
899,1786799434,266531785,1786799434.266532,0.3596131552102566,-2.9404801440330797,0.7254529289887395,0.0,0.0,0.0,1.0,-0.10033762178088478,-0.051269141872727395,0.0,0.0,0.0,0.0
900,1786799434,466558275,1786799434.466558,0.33640076559120224,-2.9412388225946318,0.7264896556454885,0.0,0.0,0.0,1.0,-0.1012071392960226,-0.04940467578673496,0.0,0.0,0.0,0.0
901,1786799434,666582139,1786799434.666582,0.3125508965844723,-2.941540619586591,0.7264320252509429,0.0,0.0,0.0,1.0,-0.09965605568822242,-0.04578145310478751,0.0,0.0,0.0,0.0
902,1786799434,899819930,1786799434.899820,0.28741773643081636,-2.9416745681839926,0.7282969668148073,0.0,0.0,0.0,1.0,-0.09692743859695874,-0.04256094733908029,0.0,0.0,0.0,0.0
903,1786799435,166546061,1786799435.166546,0.26057179590936386,-2.9487025278377046,0.7270326248111281,0.0,0.0,0.0,1.0,-0.09726022453513275,-0.04161233834277975,0.0,0.0,0.0,0.0
904,1786799435,366566563,1786799435.366567,0.2374593900450872,-2.9488917250878486,0.7281938953238507,0.0,0.0,0.0,1.0,-0.1015156586784066,-0.039575488315407754,0.0,0.0,0.0,0.0
905,1786799435,733360926,1786799435.733361,0.19970283453971938,-2.9600689702557625,0.7273010966157005,0.0,0.0,0.0,1.0,-0.1036945003770899,-0.038698168973576676,0.0,0.0,0.0,0.0
906,1786799436,466557736,1786799436.466558,0.12309368029294454,-2.982636025086716,0.7286181245572079,0.0,0.0,0.0,1.0,-0.10519203280754934,-0.03706760276079971,0.0,0.0,0.0,0.0
907,1786799436,933265559,1786799436.933265,0.07151423768185161,-2.987762284621483,0.7270967692373919,0.0,0.0,0.0,1.0,-0.11320298343515267,-0.03218389658084453,0.0,0.0,0.0,0.0
908,1786799437,166584214,1786799437.166584,0.04156310554734688,-2.9882508294330608,0.7254933275711188,0.0,0.0,0.0,1.0,-0.1113215246768768,-0.027716118934744592,0.0,0.0,0.0,0.0
909,1786799437,499876748,1786799437.499877,-0.00203014521894751,-2.9912134689811944,0.7255727018897518,0.0,0.0,0.0,1.0,-0.11273438156479103,-0.0225133116898943,0.0,0.0,0.0,0.0
910,1786799437,766759254,1786799437.766759,-0.03668441668298428,-2.9897111933187475,0.7261411587656716,0.0,0.0,0.0,1.0,-0.11600045144138534,-0.01993016665869225,0.0,0.0,0.0,0.0
911,1786799438,199957010,1786799438.199957,-0.08963271255331762,-2.9981304943317335,0.7282674642556725,0.0,0.0,0.0,1.0,-0.11807656017023747,-0.024040769197848626,0.0,0.0,0.0,0.0
912,1786799438,433261428,1786799438.433261,-0.11942957574166968,-3.0023014489555533,0.72935568059101,0.0,0.0,0.0,1.0,-0.11631701578280847,-0.02130252512865097,0.0,0.0,0.0,0.0
913,1786799438,800112634,1786799438.800113,-0.16561784275241642,-3.0103470072223963,0.7304699982329547,0.0,0.0,0.0,1.0,-0.11800505000337967,-0.021726488773795054,0.0,0.0,0.0,0.0
914,1786799439,66615205,1786799439.066615,-0.2038211522735569,-3.0125359753930727,0.7282364658399586,0.0,0.0,0.0,1.0,-0.1271239647490625,-0.02476092279474773,0.0,0.0,0.0,0.0
915,1786799439,266659538,1786799439.266659,-0.23237459835434215,-3.0127538784266843,0.7284232206876833,0.0,0.0,0.0,1.0,-0.1299022225773202,-0.02056041401378344,0.0,0.0,0.0,0.0
916,1786799439,499969168,1786799439.499969,-0.26328908542365426,-3.012612768890882,0.729000859703965,0.0,0.0,0.0,1.0,-0.12646275900233708,-0.016531781203131098,0.0,0.0,0.0,0.0
917,1786799440,266612468,1786799440.266613,-0.3598664603444277,-3.018541126029509,0.7240698365447925,0.0,0.0,0.0,1.0,-0.1276368082973677,-0.012051487259398364,0.0,0.0,0.0,0.0
918,1786799441,50194,1786799441.000050,-0.4534306512793851,-3.030699896366278,0.7262481495305267,0.0,0.0,0.0,1.0,-0.1262854301027442,-0.022173507556030342,0.0,0.0,0.0,0.0
919,1786799441,200078265,1786799441.200078,-0.47841261890057574,-3.032747197066382,0.7274989255085667,0.0,0.0,0.0,1.0,-0.12605689491457384,-0.02438816412000986,0.0,0.0,0.0,0.0
920,1786799441,466691005,1786799441.466691,-0.5126960394339406,-3.0341665386300614,0.727319230401968,0.0,0.0,0.0,1.0,-0.12837727038299054,-0.0246244744782314,0.0,0.0,0.0,0.0
921,1786799441,866657234,1786799441.866657,-0.5631108577797281,-3.0364393237874028,0.7274631138781336,0.0,0.0,0.0,1.0,-0.12895858961643064,-0.022596655044855266,0.0,0.0,0.0,0.0
922,1786799442,66691513,1786799442.066691,-0.5871897207967951,-3.037006017822273,0.7264103682882138,0.0,0.0,0.0,1.0,-0.12778406079020457,-0.02293969391905264,0.0,0.0,0.0,0.0
923,1786799442,333351647,1786799442.333352,-0.618836601017259,-3.035800401957564,0.7256494607507114,0.0,0.0,0.0,1.0,-0.1266603694431567,-0.015806754339601072,0.0,0.0,0.0,0.0
924,1786799442,533361144,1786799442.533361,-0.6451566951690637,-3.041413769435641,0.7268617477532096,0.0,0.0,0.0,1.0,-0.13131574913396532,-0.02046933313155286,0.0,0.0,0.0,0.0
925,1786799442,933360252,1786799442.933360,-0.6979034332662071,-3.0516849953566343,0.7267654447469756,0.0,0.0,0.0,1.0,-0.13329309144091162,-0.02723628350830104,0.0,0.0,0.0,0.0
926,1786799443,166715784,1786799443.166716,-0.7272226551243364,-3.0576242444352753,0.7264504409729142,0.0,0.0,0.0,1.0,-0.12869008789916292,-0.02878791746309662,0.0,0.0,0.0,0.0
927,1786799443,866708471,1786799443.866709,-0.8097032509985453,-3.0741613191989074,0.7263435501277798,0.0,0.0,0.0,1.0,-0.1246286370322718,-0.027869885925862176,0.0,0.0,0.0,0.0
928,1786799444,400045855,1786799444.400046,-0.8681788134385862,-3.073042178900697,0.7282055827404718,0.0,0.0,0.0,1.0,-0.11656646747523897,-0.01460594878094159,0.0,0.0,0.0,0.0
929,1786799444,800062406,1786799444.800062,-0.9204229909991959,-3.070817330740863,0.7253121522968,0.0,0.0,0.0,1.0,-0.1197353685244526,-0.0025828184842420316,0.0,0.0,0.0,0.0
930,1786799445,233425450,1786799445.233425,-0.9741720935164935,-3.078438420775523,0.7267815396555145,0.0,0.0,0.0,1.0,-0.12114814497042535,0.0013989581108721318,0.0,0.0,0.0,0.0
931,1786799445,600050280,1786799445.600050,-1.0247840928595249,-3.075585840260204,0.724522747082361,0.0,0.0,0.0,1.0,-0.12203725770649725,-0.0015207256156975204,0.0,0.0,0.0,0.0
932,1786799445,966724221,1786799445.966724,-1.0739264615071846,-3.078266840876051,0.7238823960583091,0.0,0.0,0.0,1.0,-0.12276237583524492,-0.012845510934232831,0.0,0.0,0.0,0.0
933,1786799446,533432742,1786799446.533433,-1.1419062222950256,-3.0899925453604924,0.7255081249955284,0.0,0.0,0.0,1.0,-0.1211265884724334,-0.02095395991851771,0.0,0.0,0.0,0.0
934,1786799446,966725155,1786799446.966725,-1.2021658050544755,-3.0984956081956923,0.7257017349454742,0.0,0.0,0.0,1.0,-0.13066247049811303,-0.019304781027130333,0.0,0.0,0.0,0.0
935,1786799447,166757911,1786799447.166758,-1.2290432305230965,-3.1022689559054415,0.7271820939656322,0.0,0.0,0.0,1.0,-0.13280638981246978,-0.016365179073075366,0.0,0.0,0.0,0.0
936,1786799447,600099186,1786799447.600099,-1.2830553561382363,-3.0957445624282194,0.7269284741206815,0.0,0.0,0.0,1.0,-0.13253926935028462,-0.006890664175167144,0.0,0.0,0.0,0.0
937,1786799447,800260709,1786799447.800261,-1.3117412131350914,-3.1028885877043413,0.7278168070405504,0.0,0.0,0.0,1.0,-0.13631067275828626,-0.012575041588495733,0.0,0.0,0.0,0.0
938,1786799448,33448663,1786799448.033449,-1.3446678697191885,-3.1080610914221465,0.7271507777920927,0.0,0.0,0.0,1.0,-0.13795398154989066,-0.012018448500547157,0.0,0.0,0.0,0.0
939,1786799448,233494545,1786799448.233495,-1.3618355986363007,-3.1032965272597943,0.7260648188872239,0.0,0.0,0.0,1.0,-0.13416870849515286,-0.01033575421758708,0.0,0.0,0.0,0.0
940,1786799448,900122703,1786799448.900123,-1.4470434872265692,-3.116133723859066,0.7266648474569096,0.0,0.0,0.0,1.0,-0.1274512651450017,-0.019877444212023056,0.0,0.0,0.0,0.0
941,1786799449,200179173,1786799449.200179,-1.4904372515609872,-3.1242555206364373,0.7281533274888112,0.0,0.0,0.0,1.0,-0.1283791010464764,-0.023712911537298393,0.0,0.0,0.0,0.0
942,1786799449,400197340,1786799449.400197,-1.51945242111624,-3.128570082899283,0.7271665386741737,0.0,0.0,0.0,1.0,-0.1285800048160864,-0.027995954741093627,0.0,0.0,0.0,0.0
943,1786799449,933520042,1786799449.933520,-1.5880584302773837,-3.139641666054506,0.7255313075377148,0.0,0.0,0.0,1.0,-0.12583282435419213,-0.02325748895485473,0.0,0.0,0.0,0.0
944,1786799450,300167797,1786799450.300168,-1.6337837950842857,-3.139684343951753,0.7260854956391578,0.0,0.0,0.0,1.0,-0.1261266349801454,-0.0150091857287863,0.0,0.0,0.0,0.0
945,1786799450,600194579,1786799450.600195,-1.67190666253906,-3.1448432786484917,0.7252948618680841,0.0,0.0,0.0,1.0,-0.12344692775415059,-0.012616203279124882,0.0,0.0,0.0,0.0
946,1786799451,200147397,1786799451.200147,-1.752241956701809,-3.1568695535174527,0.7261370037693352,0.0,0.0,0.0,1.0,-0.12585188114112045,-0.019859141922974805,0.0,0.0,0.0,0.0
947,1786799452,240445,1786799452.000240,-1.8451063363607965,-3.1712614031041673,0.7269259733364482,0.0,0.0,0.0,1.0,-0.12053184793887492,-0.021000866902014935,0.0,0.0,0.0,0.0
948,1786799452,233560759,1786799452.233561,-1.8816949355187056,-3.177335343502558,0.7269530260590596,0.0,0.0,0.0,1.0,-0.13032061757798466,-0.024453942931522414,0.0,0.0,0.0,0.0
949,1786799452,666887928,1786799452.666888,-1.8835722101678662,-3.1688924592922647,0.7276258105900377,0.0,0.0,0.0,1.0,-0.11830008583602011,-0.013058981827344916,0.0,0.0,0.0,0.0
950,1786799453,66908170,1786799453.066908,-1.8835722101678662,-3.1688924592922647,0.7276258105900377,0.0,0.0,0.0,1.0,-0.11830008583602011,-0.013058981827344916,0.0,0.0,0.0,0.0
951,1786799453,400229029,1786799453.400229,-1.9911167529708482,-3.188298166277708,0.7282321771703831,0.0,0.0,0.0,1.0,-0.12996005185075443,-0.005204914488531968,0.0,0.0,0.0,0.0
952,1786799453,600234711,1786799453.600235,-2.03072113047433,-3.202402984511292,0.7289630504123765,0.0,0.0,0.0,1.0,-0.1375473770459659,-0.002489331802340851,0.0,0.0,0.0,0.0
953,1786799453,933600144,1786799453.933600,-2.0805072674931253,-3.2058652966630303,0.7295431569009057,0.0,0.0,0.0,1.0,-0.133798718219042,0.002867844078803935,0.0,0.0,0.0,0.0
954,1786799454,200310899,1786799454.200311,-2.115308850617927,-3.2074161021031347,0.7298594247930006,0.0,0.0,0.0,1.0,-0.1259852443400832,0.0023943590721831366,0.0,0.0,0.0,0.0
955,1786799454,466900920,1786799454.466901,-2.146113196479698,-3.201097927976322,0.7275592030292595,0.0,0.0,0.0,1.0,-0.12072703210214154,0.005574409203840405,0.0,0.0,0.0,0.0
956,1786799454,666904347,1786799454.666904,-2.1627862587769258,-3.195491955635933,0.7269992932617058,0.0,0.0,0.0,1.0,-0.11579187228843955,0.008042099430644182,0.0,0.0,0.0,0.0
957,1786799455,333625367,1786799455.333625,-2.2253814508077525,-3.1750795986036624,0.7239577360449696,0.0,0.0,0.0,1.0,-0.1110463231590787,0.019894814522553178,0.0,0.0,0.0,0.0
958,1786799456,332020,1786799456.000332,-2.30158908937298,-3.1491978208004268,0.7268751128849178,0.0,0.0,0.0,1.0,-0.12283172336295375,0.02974396619098612,0.0,0.0,0.0,0.0
959,1786799456,600412408,1786799456.600412,-2.3648364162547946,-3.122097669692947,0.7271147796266044,0.0,0.0,0.0,1.0,-0.13030942374412163,0.02955555271304048,0.0,0.0,0.0,0.0
960,1786799457,333607133,1786799457.333607,-2.4430155791495896,-3.0829529535134874,0.7221803282434742,0.0,0.0,0.0,1.0,-0.12831710525385318,0.02485349518935008,0.0,0.0,0.0,0.0
961,1786799457,533667465,1786799457.533668,-2.4651721213078517,-3.0805119131580474,0.7230343242593781,0.0,0.0,0.0,1.0,-0.12270015483394485,0.019335886079997467,0.0,0.0,0.0,0.0
962,1786799457,833709848,1786799457.833710,-2.5056908444862014,-3.082852541414361,0.7254517690497461,0.0,0.0,0.0,1.0,-0.12698400604433052,0.012351470036566031,0.0,0.0,0.0,0.0
963,1786799458,166974014,1786799458.166974,-2.542552875550319,-3.0672313122518444,0.7256074469188131,0.0,0.0,0.0,1.0,-0.12577864933485122,0.01515798242686528,0.0,0.0,0.0,0.0
964,1786799459,200344615,1786799459.200345,-2.6724769163512097,-3.0419567157147327,0.7266348965252548,0.0,0.0,0.0,1.0,-0.12474316443786239,0.024167819111059724,0.0,0.0,0.0,0.0
965,1786799459,500417707,1786799459.500418,-2.6724769163512097,-3.0419567157147327,0.7266348965252548,0.0,0.0,0.0,1.0,-0.12474316443786239,0.024167819111059724,0.0,0.0,0.0,0.0
966,1786799459,733752121,1786799459.733752,-2.6724769163512097,-3.0419567157147327,0.7266348965252548,0.0,0.0,0.0,1.0,-0.12474316443786239,0.024167819111059724,0.0,0.0,0.0,0.0
967,1786799459,933762355,1786799459.933762,-2.6724769163512097,-3.0419567157147327,0.7266348965252548,0.0,0.0,0.0,1.0,-0.12474316443786239,0.024167819111059724,0.0,0.0,0.0,0.0
968,1786799460,167017936,1786799460.167018,-2.781923549315607,-3.0385094504206016,0.7244844008407859,0.0,0.0,0.0,1.0,-0.1497277957124581,0.016070894408022528,0.0,0.0,0.0,0.0
969,1786799460,433734125,1786799460.433734,-2.8034607910452625,-3.0442316330386596,0.7238304848484233,0.0,0.0,0.0,1.0,-0.1564744619320358,0.013008816034859502,0.0,0.0,0.0,0.0
970,1786799461,533762462,1786799461.533762,-2.9118969499975655,-3.031159590720396,0.7271894380494986,0.0,0.0,0.0,1.0,-0.1018578100818692,0.021050291418140337,0.0,0.0,0.0,0.0
971,1786799461,967113452,1786799461.967113,-2.979608397130818,-3.0316338355925785,0.7263729230287277,0.0,0.0,0.0,1.0,-0.11329688735811155,0.01281182696032308,0.0,0.0,0.0,0.0
972,1786799462,267083104,1786799462.267083,-3.0236341221900407,-3.0340143345493984,0.7270177924080715,0.0,0.0,0.0,1.0,-0.11288777962515664,0.005654276656636568,0.0,0.0,0.0,0.0
973,1786799462,500456449,1786799462.500456,-3.05928059665054,-3.0368985451383956,0.7253609131989001,0.0,0.0,0.0,1.0,-0.11825780065731584,0.0032062165130008866,0.0,0.0,0.0,0.0
974,1786799462,900431279,1786799462.900431,-3.12324289739761,-3.0468488429525444,0.725478371557465,0.0,0.0,0.0,1.0,-0.12544843235354303,0.0017516795075509972,0.0,0.0,0.0,0.0
975,1786799463,367135793,1786799463.367136,-3.212062517165341,-3.042206999599473,0.7282420908603636,0.0,0.0,0.0,1.0,-0.13283291318887835,-0.003920523731746556,0.0,0.0,0.0,0.0
976,1786799464,498170,1786799464.000498,-3.293522918554782,-3.0567004771938757,0.7249489635365324,0.0,0.0,0.0,1.0,-0.10898481490035423,-0.0028347913179610825,0.0,0.0,0.0,0.0
977,1786799464,233843536,1786799464.233844,-3.346224947969821,-3.0526837600495815,0.7235826956600452,0.0,0.0,0.0,1.0,-0.1279257220873962,0.007775419008876072,0.0,0.0,0.0,0.0
978,1786799464,700466488,1786799464.700466,-3.411467009168833,-3.0550346273519935,0.7236911771138604,0.0,0.0,0.0,1.0,-0.12050854643771497,0.01934286526960196,0.0,0.0,0.0,0.0
979,1786799465,67149735,1786799465.067150,-3.458883823962461,-3.0434974257781464,0.7257194150378925,0.0,0.0,0.0,1.0,-0.11737501061979415,0.03880972891250229,0.0,0.0,0.0,0.0
980,1786799465,400447961,1786799465.400448,-3.5131593083019066,-3.0283246407472078,0.7254577371872187,0.0,0.0,0.0,1.0,-0.12074988092814191,0.055274034810324564,0.0,0.0,0.0,0.0
981,1786799465,600462047,1786799465.600462,-3.545175371916768,-3.016683701906593,0.7254020870227716,0.0,0.0,0.0,1.0,-0.12254746038067969,0.06948504100843303,0.0,0.0,0.0,0.0
982,1786799465,900455383,1786799465.900455,-3.58657455108729,-3.000575926616918,0.7248125629041033,0.0,0.0,0.0,1.0,-0.11843523885791658,0.07926471007769692,0.0,0.0,0.0,0.0
983,1786799466,133844139,1786799466.133844,-3.612023115024164,-2.9761408664167472,0.7258809990452253,0.0,0.0,0.0,1.0,-0.10704309095624737,0.08679430655729893,0.0,0.0,0.0,0.0
984,1786799466,667212698,1786799466.667213,-3.6734310141528574,-2.935254619818398,0.7275701180860813,0.0,0.0,0.0,1.0,-0.10612079175878347,0.0866418518465889,0.0,0.0,0.0,0.0
985,1786799467,333859933,1786799467.333860,-3.753177138218275,-2.876965944626252,0.725440899321575,0.0,0.0,0.0,1.0,-0.11181491884951854,0.08508435515209933,0.0,0.0,0.0,0.0
986,1786799467,667196462,1786799467.667197,-3.786269941020561,-2.850370318242834,0.7249204814996051,0.0,0.0,0.0,1.0,-0.10808799303799832,0.07701018693775642,0.0,0.0,0.0,0.0
987,1786799468,630910,1786799468.000631,-3.798520231977916,-2.826697229260474,0.7229290421328608,0.0,0.0,0.0,1.0,-0.10402894284900333,0.07363702652450467,0.0,0.0,0.0,0.0
988,1786799468,400554083,1786799468.400554,-3.8317033644734115,-2.7884417011842064,0.7251154200448336,0.0,0.0,0.0,1.0,-0.09846238434745656,0.08018508971895104,0.0,0.0,0.0,0.0
989,1786799469,616454,1786799469.000617,-3.879142489531737,-2.7185089914387053,0.7254050956045811,0.0,0.0,0.0,1.0,-0.0880861019964144,0.09577334920309394,0.0,0.0,0.0,0.0
990,1786799469,233885625,1786799469.233886,-3.903267898786578,-2.701683416887664,0.7275394614002456,0.0,0.0,0.0,1.0,-0.09060970365463834,0.08796145880404252,0.0,0.0,0.0,0.0
991,1786799469,700585748,1786799469.700586,-3.949500650845578,-2.664546819972877,0.7273209795251988,0.0,0.0,0.0,1.0,-0.10219678327467671,0.08506507413514755,0.0,0.0,0.0,0.0
992,1786799469,933893262,1786799469.933893,-3.9751916213879577,-2.648918076372853,0.7260948675630733,0.0,0.0,0.0,1.0,-0.10657794913154271,0.0809870340267359,0.0,0.0,0.0,0.0
993,1786799470,133949041,1786799470.133949,-3.999485077124546,-2.6361101951084067,0.7247129104354618,0.0,0.0,0.0,1.0,-0.10830757479521444,0.07702035858466963,0.0,0.0,0.0,0.0
994,1786799470,400563285,1786799470.400563,-4.030014754730235,-2.6198969866970945,0.7254674120997598,0.0,0.0,0.0,1.0,-0.11153873220476616,0.07256900624064222,0.0,0.0,0.0,0.0
995,1786799470,800588047,1786799470.800588,-4.074651351340277,-2.5961208418140305,0.725738049219927,0.0,0.0,0.0,1.0,-0.11285902071443307,0.06959949543525397,0.0,0.0,0.0,0.0
996,1786799471,133937372,1786799471.133937,-4.111689601400313,-2.5735251652680597,0.7261154620552154,0.0,0.0,0.0,1.0,-0.11232238245803236,0.07180326578748808,0.0,0.0,0.0,0.0
997,1786799471,334010499,1786799471.334011,-4.1313295447380405,-2.5647940771914954,0.7259514299739155,0.0,0.0,0.0,1.0,-0.11688874261222294,0.07092118619671343,0.0,0.0,0.0,0.0
998,1786799471,567257934,1786799471.567258,-4.1313295447380405,-2.5647940771914954,0.7259514299739155,0.0,0.0,0.0,1.0,-0.11688874261222294,0.07092118619671343,0.0,0.0,0.0,0.0
999,1786799471,800657429,1786799471.800658,-4.1313295447380405,-2.5647940771914954,0.7259514299739155,0.0,0.0,0.0,1.0,-0.11688874261222294,0.07092118619671343,0.0,0.0,0.0,0.0
1000,1786799472,235427043,1786799472.235427,-4.181906995449782,-2.540704368261745,0.7263948145943727,0.0,0.0,0.0,1.0,-0.11298275557040138,0.06877466532823612,0.0,0.0,0.0,0.0
1001,1786799472,533973682,1786799472.533974,-4.216553399814634,-2.5206064941760338,0.7256610513204441,0.0,0.0,0.0,1.0,-0.10520999080104512,0.06221538469977964,0.0,0.0,0.0,0.0
1002,1786799472,767294251,1786799472.767294,-4.243787229494687,-2.5047111871081036,0.7264026613915061,0.0,0.0,0.0,1.0,-0.10277666035801623,0.061903970451087365,0.0,0.0,0.0,0.0
1003,1786799473,618982,1786799473.000619,-4.268272048367187,-2.4897531854978463,0.7250273270154411,0.0,0.0,0.0,1.0,-0.09542673815872282,0.05751928522247104,0.0,0.0,0.0,0.0
1004,1786799473,467295623,1786799473.467296,-4.323266654459603,-2.4676851351632627,0.7261822391409485,0.0,0.0,0.0,1.0,-0.09328732886607723,0.052672081306881946,0.0,0.0,0.0,0.0
1005,1786799473,800730671,1786799473.800731,-4.3597283787389465,-2.446183630113706,0.7253235865619249,0.0,0.0,0.0,1.0,-0.09584192861362022,0.054891468189719274,0.0,0.0,0.0,0.0
1006,1786799474,100648930,1786799474.100649,-4.397683686617028,-2.4306002582827295,0.7258112973123333,0.0,0.0,0.0,1.0,-0.10083885193720102,0.059601182008690225,0.0,0.0,0.0,0.0
1007,1786799474,367318056,1786799474.367318,-4.429590990971017,-2.416045502484118,0.725438619267215,0.0,0.0,0.0,1.0,-0.10207380750577176,0.05928488942757548,0.0,0.0,0.0,0.0
1008,1786799474,600772775,1786799474.600773,-4.458314349988488,-2.400258073333364,0.7252335872743596,0.0,0.0,0.0,1.0,-0.10633541145421266,0.06094991138072746,0.0,0.0,0.0,0.0
1009,1786799474,833970367,1786799474.833970,-4.488934929747636,-2.3813802503781383,0.7245483529536787,0.0,0.0,0.0,1.0,-0.10836995024638067,0.06392266446962738,0.0,0.0,0.0,0.0
1010,1786799475,134052392,1786799475.134052,-4.5237665558993205,-2.362166929592554,0.7240624677291085,0.0,0.0,0.0,1.0,-0.10860555861487953,0.06394391734841448,0.0,0.0,0.0,0.0
1011,1786799475,500739937,1786799475.500740,-4.537746197574918,-2.352213230067692,0.7260003944037543,0.0,0.0,0.0,1.0,-0.11260783947747392,0.07081398905086403,0.0,0.0,0.0,0.0
1012,1786799476,267388516,1786799476.267389,-4.603788194821778,-2.277864801325691,0.7245618663018321,0.0,0.0,0.0,1.0,-0.11099995356018398,0.10633437385882549,0.0,0.0,0.0,0.0
1013,1786799476,500760995,1786799476.500761,-4.6314135833505325,-2.227812406288167,0.7247275461090446,0.0,0.0,0.0,1.0,-0.09651414710672329,0.11976463260794777,0.0,0.0,0.0,0.0
1014,1786799477,134050670,1786799477.134051,-4.687356873255022,-2.1647577806542215,0.7274319871940295,0.0,0.0,0.0,1.0,-0.08886887586971101,0.11600832282655561,0.0,0.0,0.0,0.0
1015,1786799477,434042308,1786799477.434042,-4.716679208848517,-2.138106403583845,0.7259700843911253,0.0,0.0,0.0,1.0,-0.08718165832752502,0.11912920969705415,0.0,0.0,0.0,0.0
1016,1786799477,967522787,1786799477.967523,-4.716679208848517,-2.138106403583845,0.7259700843911253,0.0,0.0,0.0,1.0,-0.08718165832752502,0.11912920969705415,0.0,0.0,0.0,0.0
1017,1786799478,200770524,1786799478.200771,-4.771074577685645,-2.080430588870328,0.725123408844743,0.0,0.0,0.0,1.0,-0.09659723736405858,0.14129244250732886,0.0,0.0,0.0,0.0
1018,1786799478,400802180,1786799478.400802,-4.785921362010341,-2.058141736657535,0.7243378708379846,0.0,0.0,0.0,1.0,-0.0812386589915825,0.14636607545535044,0.0,0.0,0.0,0.0
1019,1786799478,634047623,1786799478.634048,-4.8054147938387555,-2.0318069160725205,0.7237746696835077,0.0,0.0,0.0,1.0,-0.07092368249304576,0.15058032525099715,0.0,0.0,0.0,0.0
1020,1786799478,934165044,1786799478.934165,-4.8196654635263885,-1.9934399652432928,0.7249161886775307,0.0,0.0,0.0,1.0,-0.052778892788559545,0.1541385042525053,0.0,0.0,0.0,0.0
1021,1786799479,367470555,1786799479.367471,-4.841223022395125,-1.9355703229046093,0.7261352682562159,0.0,0.0,0.0,1.0,-0.03806777172091962,0.14792859587692148,0.0,0.0,0.0,0.0
1022,1786799479,600777860,1786799479.600778,-4.84803018664867,-1.9004831662521346,0.7241647052651441,0.0,0.0,0.0,1.0,-0.022010147694677115,0.15681427818323865,0.0,0.0,0.0,0.0
1023,1786799480,134140479,1786799480.134140,-4.782539246548364,-1.9041499122057886,0.7250435176268374,0.0,0.0,0.0,1.0,-0.002578612103858708,0.13342480467338194,0.0,0.0,0.0,0.0
1024,1786799480,500764676,1786799480.500765,-4.7265997186808395,-1.8815617511645306,0.7234202258103237,0.0,0.0,0.0,1.0,0.034147589474568585,0.13315127080775105,0.0,0.0,0.0,0.0
1025,1786799480,967466693,1786799480.967467,-4.688007802675537,-1.8575670711848797,0.7250686100051612,0.0,0.0,0.0,1.0,0.043615751358046136,0.10477889464776287,0.0,0.0,0.0,0.0
1026,1786799481,334156856,1786799481.334157,-4.705117298480154,-1.7935353834988255,0.7228602178659362,0.0,0.0,0.0,1.0,0.03407330273084187,0.09033164382629301,0.0,0.0,0.0,0.0
1027,1786799481,567459541,1786799481.567460,-4.677988062262273,-1.7590816959297664,0.724856414368865,0.0,0.0,0.0,1.0,0.05841179344918994,0.08517205317982943,0.0,0.0,0.0,0.0
1028,1786799482,34201597,1786799482.034202,-4.651115960409831,-1.7124017225808854,0.7262302611008908,0.0,0.0,0.0,1.0,0.06391780182421028,0.07630302338020307,0.0,0.0,0.0,0.0
1029,1786799482,367649520,1786799482.367650,-4.63776490838931,-1.6736945468237647,0.7276627930751649,0.0,0.0,0.0,1.0,0.06286371286149338,0.08504737688121454,0.0,0.0,0.0,0.0
1030,1786799482,700867430,1786799482.700867,-4.600177628338595,-1.6517842226044992,0.7287330645030935,0.0,0.0,0.0,1.0,0.06206003779235962,0.08321181955802875,0.0,0.0,0.0,0.0
1031,1786799483,100895735,1786799483.100896,-4.570129920469798,-1.6166092928098208,0.7253075555324014,0.0,0.0,0.0,1.0,0.060088335751696614,0.08966426771447206,0.0,0.0,0.0,0.0
1032,1786799483,334170057,1786799483.334170,-4.559078148762369,-1.5896303748340366,0.7241980802692926,0.0,0.0,0.0,1.0,0.061619134055009885,0.09873975230103112,0.0,0.0,0.0,0.0
1033,1786799483,567617936,1786799483.567618,-4.5510114699887945,-1.5620957046644224,0.7229382518683614,0.0,0.0,0.0,1.0,0.0585514408882463,0.10178178622616424,0.0,0.0,0.0,0.0
1034,1786799484,567488911,1786799484.567489,-4.507211627604273,-1.479898084841166,0.7245984550232971,0.0,0.0,0.0,1.0,0.06285000626542847,0.11638898656198678,0.0,0.0,0.0,0.0
1035,1786799485,971846,1786799485.000972,-4.507211627604273,-1.479898084841166,0.7245984550232971,0.0,0.0,0.0,1.0,0.06285000626542847,0.11638898656198678,0.0,0.0,0.0,0.0
1036,1786799485,267634531,1786799485.267635,-4.496637576003559,-1.4445819947108665,0.7258813156593444,0.0,0.0,0.0,1.0,0.05485785618712734,0.13390580327292884,0.0,0.0,0.0,0.0
1037,1786799485,600842219,1786799485.600842,-4.485026224619725,-1.3970806809398417,0.7273323937176353,0.0,0.0,0.0,1.0,0.04923280850202963,0.14838016944932653,0.0,0.0,0.0,0.0
1038,1786799485,934228721,1786799485.934229,-4.477731004624878,-1.351722016816499,0.7255692861804205,0.0,0.0,0.0,1.0,0.04323853479395552,0.14992869664832276,0.0,0.0,0.0,0.0
1039,1786799486,534268557,1786799486.534269,-4.464677847549866,-1.2596151020284174,0.7227077674833202,0.0,0.0,0.0,1.0,0.035602352270567905,0.15227163926962656,0.0,0.0,0.0,0.0
1040,1786799486,867626427,1786799486.867626,-4.462792926766061,-1.2047554102204003,0.7249603876604283,0.0,0.0,0.0,1.0,0.032049894996654164,0.14082713949111442,0.0,0.0,0.0,0.0
1041,1786799487,200905087,1786799487.200905,-4.464570376310484,-1.1481468919726026,0.7244983266575166,0.0,0.0,0.0,1.0,0.026466958216049535,0.13241294177431898,0.0,0.0,0.0,0.0
1042,1786799487,934297468,1786799487.934298,-4.4645831956451225,-1.0252085866231702,0.7222862308166106,0.0,0.0,0.0,1.0,0.016598718127753848,0.14438933157305453,0.0,0.0,0.0,0.0
1043,1786799488,167568721,1786799488.167569,-4.4661873386516096,-0.9875097891871119,0.7232016286425066,0.0,0.0,0.0,1.0,0.016726319254861288,0.13535334853987444,0.0,0.0,0.0,0.0
1044,1786799488,467660105,1786799488.467660,-4.470986282922483,-0.9639684675744602,0.725029404487439,0.0,0.0,0.0,1.0,0.018268324137522624,0.14013226058061634,0.0,0.0,0.0,0.0
1045,1786799489,67642960,1786799489.067643,-4.470986282922483,-0.9639684675744602,0.725029404487439,0.0,0.0,0.0,1.0,0.018268324137522624,0.14013226058061634,0.0,0.0,0.0,0.0
1046,1786799489,434345698,1786799489.434346,-4.447776497129708,-0.8568799123993893,0.7287752031369557,0.0,0.0,0.0,1.0,0.037937865937216445,0.16423803120876995,0.0,0.0,0.0,0.0
1047,1786799490,943200,1786799490.000943,-4.4362110439243665,-0.7776005833436521,0.7272261053910692,0.0,0.0,0.0,1.0,0.04031597932949621,0.1543616245151072,0.0,0.0,0.0,0.0
1048,1786799490,234301042,1786799490.234301,-4.430873227625914,-0.7533009658215919,0.7257846286614491,0.0,0.0,0.0,1.0,0.04043699198788726,0.13559128091819247,0.0,0.0,0.0,0.0
1049,1786799490,934358912,1786799490.934359,-4.404885055460862,-0.6575899114775003,0.7231733372275176,0.0,0.0,0.0,1.0,0.03692403965357158,0.12949736630842038,0.0,0.0,0.0,0.0
1050,1786799491,200988510,1786799491.200989,-4.393078385924252,-0.6205956933499583,0.7240587188724835,0.0,0.0,0.0,1.0,0.03888586539190417,0.12337426560780296,0.0,0.0,0.0,0.0
1051,1786799491,500976527,1786799491.500977,-4.378740712759591,-0.5776018172849191,0.723917762012001,0.0,0.0,0.0,1.0,0.03900068045484606,0.11743049093147583,0.0,0.0,0.0,0.0
1052,1786799491,867759652,1786799491.867760,-4.361983829796494,-0.533391694366429,0.7241519125837451,0.0,0.0,0.0,1.0,0.04613006136240107,0.11489237831187793,0.0,0.0,0.0,0.0
1053,1786799492,600992532,1786799492.600992,-4.326755153700472,-0.4464602141735612,0.7240286544877355,0.0,0.0,0.0,1.0,0.04432907577284033,0.11242845845993098,0.0,0.0,0.0,0.0
1054,1786799493,467717840,1786799493.467718,-4.295986337259056,-0.3392671578979478,0.7260265891352355,0.0,0.0,0.0,1.0,0.032862756239002394,0.1153591190591974,0.0,0.0,0.0,0.0
1055,1786799493,734378100,1786799493.734378,-4.286449001528576,-0.29885995568630785,0.7245658075012493,0.0,0.0,0.0,1.0,0.03477932333957118,0.12510888240400872,0.0,0.0,0.0,0.0
1056,1786799494,201111237,1786799494.201111,-4.271663478507823,-0.2710806814298934,0.7245652374945738,0.0,0.0,0.0,1.0,0.0362618916755045,0.11306059764424892,0.0,0.0,0.0,0.0
1057,1786799494,501060318,1786799494.501060,-4.2571190736278846,-0.2216684279965695,0.724791664372136,0.0,0.0,0.0,1.0,0.049944788196584676,0.1241963745853739,0.0,0.0,0.0,0.0
1058,1786799494,901158074,1786799494.901158,-4.245403640745691,-0.16962405011929937,0.7241709770894327,0.0,0.0,0.0,1.0,0.05374270197873034,0.12448888246379337,0.0,0.0,0.0,0.0
1059,1786799495,134390905,1786799495.134391,-4.206500459420882,-0.13073086991609584,0.726315591107469,0.0,0.0,0.0,1.0,0.06232581584318241,0.12474096043624291,0.0,0.0,0.0,0.0
1060,1786799495,334420160,1786799495.334420,-4.192795081797261,-0.11461398692957148,0.7242077466257106,0.0,0.0,0.0,1.0,0.07276169369109699,0.11038909356603419,0.0,0.0,0.0,0.0
1061,1786799495,634524351,1786799495.634524,-4.171792569849899,-0.07020497430225903,0.724340234041958,0.0,0.0,0.0,1.0,0.07320242008244969,0.09426795977505596,0.0,0.0,0.0,0.0
1062,1786799495,902332761,1786799495.902333,-4.1292404172329125,-0.04694193737524155,0.7261252673166816,0.0,0.0,0.0,1.0,0.08714151757152049,0.08080743397141081,0.0,0.0,0.0,0.0
1063,1786799496,201236366,1786799496.201236,-4.091514730835307,-0.029212536509574782,0.7267044797686742,0.0,0.0,0.0,1.0,0.09174400419319986,0.07202352674013984,0.0,0.0,0.0,0.0
1064,1786799496,534458662,1786799496.534459,-4.058883385618976,0.01230751857514134,0.7297525084999705,0.0,0.0,0.0,1.0,0.09350460672706658,0.07902024703713545,0.0,0.0,0.0,0.0
1065,1786799496,934494175,1786799496.934494,-4.008072587763079,0.03487113079016391,0.7304457391816231,0.0,0.0,0.0,1.0,0.08607667841110446,0.07195744812553595,0.0,0.0,0.0,0.0
1066,1786799497,401114040,1786799497.401114,-3.963811813744739,0.0850775324553461,0.7242930246554867,0.0,0.0,0.0,1.0,0.07677342853885104,0.08200609992597738,0.0,0.0,0.0,0.0
1067,1786799497,901238494,1786799497.901238,-3.907467254752979,0.14471030450629918,0.7231183303549293,0.0,0.0,0.0,1.0,0.08027164926445438,0.09146672247142948,0.0,0.0,0.0,0.0
1068,1786799498,134537779,1786799498.134538,-3.877142220256485,0.16689033879399862,0.724146251602061,0.0,0.0,0.0,1.0,0.08658812738162483,0.08705158550122505,0.0,0.0,0.0,0.0
1069,1786799498,501144848,1786799498.501145,-3.8292740505193725,0.19415395503598187,0.7247606171052268,0.0,0.0,0.0,1.0,0.0907910120951923,0.07936995799536953,0.0,0.0,0.0,0.0
1070,1786799498,801157484,1786799498.801157,-3.8292740505193725,0.19415395503598187,0.7247606171052268,0.0,0.0,0.0,1.0,0.0907910120951923,0.07936995799536953,0.0,0.0,0.0,0.0
1071,1786799499,34531344,1786799499.034531,-3.8292740505193725,0.19415395503598187,0.7247606171052268,0.0,0.0,0.0,1.0,0.0907910120951923,0.07936995799536953,0.0,0.0,0.0,0.0
1072,1786799499,301134664,1786799499.301135,-3.776076335991932,0.25870811015542605,0.7290440621425208,0.0,0.0,0.0,1.0,0.09788311439505264,0.09907959094361593,0.0,0.0,0.0,0.0
1073,1786799499,567779730,1786799499.567780,-3.756126819262578,0.2926426722282076,0.730485696700447,0.0,0.0,0.0,1.0,0.0890446626321374,0.107511165482162,0.0,0.0,0.0,0.0
1074,1786799499,934631484,1786799499.934632,-3.729825705711,0.335761062161569,0.7319215314099965,0.0,0.0,0.0,1.0,0.07923618177947266,0.10829222845539284,0.0,0.0,0.0,0.0
1075,1786799500,334509553,1786799500.334510,-3.6926701967610356,0.3804404820031375,0.7277378396706979,0.0,0.0,0.0,1.0,0.07907195999080376,0.10866405646299362,0.0,0.0,0.0,0.0
1076,1786799500,534512910,1786799500.534513,-3.6784875007217357,0.410502195081738,0.7269946013393584,0.0,0.0,0.0,1.0,0.07832176614902725,0.10983389013402745,0.0,0.0,0.0,0.0
1077,1786799501,1194131,1786799501.001194,-3.639073225586003,0.4611757997181658,0.7276842711248434,0.0,0.0,0.0,1.0,0.08528523550577624,0.1038864289493732,0.0,0.0,0.0,0.0
1078,1786799501,334633179,1786799501.334633,-3.606418735840287,0.49856680231129014,0.7265925360857378,0.0,0.0,0.0,1.0,0.08195679581924935,0.0997418468189629,0.0,0.0,0.0,0.0
1079,1786799501,567814237,1786799501.567814,-3.583405101658803,0.5238283802509929,0.7255343276819561,0.0,0.0,0.0,1.0,0.0844502713652394,0.09986648085085909,0.0,0.0,0.0,0.0
1080,1786799501,801233377,1786799501.801233,-3.563684939184151,0.5488593238231232,0.724134260387167,0.0,0.0,0.0,1.0,0.08395372130903135,0.09795052771583654,0.0,0.0,0.0,0.0
1081,1786799502,201204154,1786799502.201204,-3.5313355552391616,0.5938498032479904,0.723282089300402,0.0,0.0,0.0,1.0,0.08057601796211687,0.09741641580649638,0.0,0.0,0.0,0.0
1082,1786799502,567913848,1786799502.567914,-3.506748250252496,0.6333719518582841,0.7236465476031879,0.0,0.0,0.0,1.0,0.0722869426312267,0.09535645296284383,0.0,0.0,0.0,0.0
1083,1786799503,67909786,1786799503.067910,-3.4863648747332014,0.6466968455286137,0.7252968437409162,0.0,0.0,0.0,1.0,0.07727864711942344,0.09276573652343469,0.0,0.0,0.0,0.0
1084,1786799503,801235126,1786799503.801235,-3.420146771038297,0.7120819044611473,0.7277533425562087,0.0,0.0,0.0,1.0,0.08563846647401112,0.09291979496800097,0.0,0.0,0.0,0.0
1085,1786799504,68001713,1786799504.068002,-3.3957932086477474,0.7415764323997736,0.7267362851105467,0.0,0.0,0.0,1.0,0.08611863656017515,0.09413321047017233,0.0,0.0,0.0,0.0
1086,1786799504,401298120,1786799504.401298,-3.366565460502441,0.7747452129164598,0.7266118131720489,0.0,0.0,0.0,1.0,0.0883840065512838,0.0946568023969206,0.0,0.0,0.0,0.0
1087,1786799504,634579054,1786799504.634579,-3.348077031862765,0.8023991449856553,0.7265786378440946,0.0,0.0,0.0,1.0,0.08358208551330247,0.10273176922940533,0.0,0.0,0.0,0.0
1088,1786799504,834579876,1786799504.834580,-3.332377736950745,0.825779770044023,0.726657442459322,0.0,0.0,0.0,1.0,0.07908102017299445,0.10249562501644723,0.0,0.0,0.0,0.0
1089,1786799505,601335925,1786799505.601336,-3.2741000454701155,0.9118779100345447,0.7253542766736352,0.0,0.0,0.0,1.0,0.07727731027531977,0.10692345544287198,0.0,0.0,0.0,0.0
1090,1786799506,67936132,1786799506.067936,-3.2263914809400003,0.9547335512833026,0.7256834581130767,0.0,0.0,0.0,1.0,0.08212543719783635,0.09960379359262729,0.0,0.0,0.0,0.0
1091,1786799506,368004499,1786799506.368005,-3.2014863943307343,0.9830536762170321,0.7273393589347186,0.0,0.0,0.0,1.0,0.08624691046340184,0.09498174023059351,0.0,0.0,0.0,0.0
1092,1786799507,68036842,1786799507.068037,-3.147866825925693,1.0547857590247203,0.7276556429311682,0.0,0.0,0.0,1.0,0.08434547888579047,0.10020677848612917,0.0,0.0,0.0,0.0
1093,1786799507,567981243,1786799507.567981,-3.1147441145680137,1.1087981252384882,0.7250623825159167,0.0,0.0,0.0,1.0,0.07244074354339532,0.10611891071442642,0.0,0.0,0.0,0.0
1094,1786799508,101307000,1786799508.101307,-3.0681691823218493,1.170811211212202,0.7265363552233324,0.0,0.0,0.0,1.0,0.0772909238795382,0.10946691237139117,0.0,0.0,0.0,0.0
1095,1786799508,301401893,1786799508.301402,-3.0433539216705707,1.1923111493195124,0.7285895654153305,0.0,0.0,0.0,1.0,0.07942166394141652,0.11023595491537458,0.0,0.0,0.0,0.0
1096,1786799508,901369352,1786799508.901369,-2.9876108652329982,1.238415830241065,0.7267419929801262,0.0,0.0,0.0,1.0,0.09039021891775646,0.09642463892186312,0.0,0.0,0.0,0.0
1097,1786799509,134745783,1786799509.134746,-2.969674388350695,1.2636311661508102,0.7254964027014058,0.0,0.0,0.0,1.0,0.08721307165433749,0.09940952289449487,0.0,0.0,0.0,0.0
1098,1786799509,501336928,1786799509.501337,-2.9405469810621785,1.3041567844936948,0.7254593381295971,0.0,0.0,0.0,1.0,0.0820591632266591,0.10333496519907413,0.0,0.0,0.0,0.0
1099,1786799510,234902962,1786799510.234903,-2.885306074639848,1.3844391471812836,0.7259982844510282,0.0,0.0,0.0,1.0,0.07776933585733344,0.10828943502005592,0.0,0.0,0.0,0.0
1100,1786799510,468034896,1786799510.468035,-2.8644963384103708,1.407257724223828,0.7262500895711489,0.0,0.0,0.0,1.0,0.08465845349216483,0.10780024879521295,0.0,0.0,0.0,0.0
1101,1786799511,835473514,1786799511.835474,-2.8165566146099366,1.4939468427194607,0.7261266033884242,0.0,0.0,0.0,1.0,0.0746585914658446,0.1169962682256622,0.0,0.0,0.0,0.0
1102,1786799512,101445760,1786799512.101446,-2.8165566146099366,1.4939468427194607,0.7261266033884242,0.0,0.0,0.0,1.0,0.0746585914658446,0.1169962682256622,0.0,0.0,0.0,0.0
1103,1786799512,334804235,1786799512.334804,-2.7786379891829505,1.5486804616208274,0.7254948374381267,0.0,0.0,0.0,1.0,0.08064689414876419,0.12615927548468875,0.0,0.0,0.0,0.0
1104,1786799512,568091600,1786799512.568092,-2.76205579342761,1.5680096318558268,0.726091851294388,0.0,0.0,0.0,1.0,0.07552583286301204,0.109073499309738,0.0,0.0,0.0,0.0
1105,1786799513,1603081,1786799513.001603,-2.7250246016144626,1.6150735469951267,0.7271691510388235,0.0,0.0,0.0,1.0,0.07191669230474723,0.09951755977669728,0.0,0.0,0.0,0.0
1106,1786799513,401618711,1786799513.401619,-2.6952929054173342,1.654531242401165,0.7278083598172519,0.0,0.0,0.0,1.0,0.06814272209186115,0.09478400660642847,0.0,0.0,0.0,0.0
1107,1786799513,701465443,1786799513.701465,-2.6676362659801516,1.68440774440722,0.7276791177018077,0.0,0.0,0.0,1.0,0.07397089506715153,0.09536689898873678,0.0,0.0,0.0,0.0
1108,1786799513,968150549,1786799513.968151,-2.665988617465251,1.6845209705617852,0.728215883964082,0.0,0.0,0.0,1.0,0.07463401682223797,0.09690753429721637,0.0,0.0,0.0,0.0
1109,1786799514,401494310,1786799514.401494,-2.6326590825439364,1.733618644159395,0.726731118313787,0.0,0.0,0.0,1.0,0.07480030868618211,0.09866213719717835,0.0,0.0,0.0,0.0
1110,1786799514,901539198,1786799514.901539,-2.5962940720238787,1.7867274500307304,0.7227043508080238,0.0,0.0,0.0,1.0,0.07158735261007988,0.09770977718299699,0.0,0.0,0.0,0.0
1111,1786799515,134799383,1786799515.134799,-2.578094034467288,1.8150984266517796,0.7221880476327135,0.0,0.0,0.0,1.0,0.0758297230309211,0.10027438022357704,0.0,0.0,0.0,0.0
1112,1786799515,468270689,1786799515.468271,-2.550677733541331,1.8545367312807248,0.7209367261829196,0.0,0.0,0.0,1.0,0.07795062137913207,0.09835899625486741,0.0,0.0,0.0,0.0
1113,1786799515,734795270,1786799515.734795,-2.528665071581335,1.8841992599460644,0.7228946028787339,0.0,0.0,0.0,1.0,0.07725075994952121,0.10048660755887931,0.0,0.0,0.0,0.0
1114,1786799515,968213653,1786799515.968214,-2.5187170136735624,1.8975924029733235,0.7241129013728508,0.0,0.0,0.0,1.0,0.07941458945135087,0.10449730551982372,0.0,0.0,0.0,0.0
1115,1786799516,301641506,1786799516.301641,-2.4888233839135534,1.92463155763321,0.725463344801774,0.0,0.0,0.0,1.0,0.07135610631307032,0.08056877771917283,0.0,0.0,0.0,0.0
1116,1786799516,668490439,1786799516.668490,-2.4588570240795473,1.9611706236996551,0.7275386223942146,0.0,0.0,0.0,1.0,0.07575813526425315,0.08496996470329371,0.0,0.0,0.0,0.0
1117,1786799517,1609892,1786799517.001610,-2.433139358182963,1.9947730702830575,0.7257370895029843,0.0,0.0,0.0,1.0,0.08036472783687165,0.09072227612069485,0.0,0.0,0.0,0.0
1118,1786799517,368187936,1786799517.368188,-2.424849765428311,2.0052503619509707,0.7286937780953266,0.0,0.0,0.0,1.0,0.08042638687361926,0.09759606304418893,0.0,0.0,0.0,0.0
1119,1786799517,834857961,1786799517.834858,-2.387217675191133,2.0501706465547063,0.7251204059548411,0.0,0.0,0.0,1.0,0.08826744663403564,0.1068855706395712,0.0,0.0,0.0,0.0
1120,1786799518,201535830,1786799518.201536,-2.3547677627124433,2.0877379730378056,0.7239581190909374,0.0,0.0,0.0,1.0,0.08886948355218058,0.10950962215702484,0.0,0.0,0.0,0.0
1121,1786799518,468257539,1786799518.468257,-2.3255809515505277,2.113993890115105,0.72373932528978,0.0,0.0,0.0,1.0,0.09076771057557315,0.10772347184191675,0.0,0.0,0.0,0.0
1122,1786799518,868252193,1786799518.868252,-2.288885362630271,2.1567552979310713,0.7255593377251744,0.0,0.0,0.0,1.0,0.0917938227216528,0.11113158682371546,0.0,0.0,0.0,0.0
1123,1786799519,234905877,1786799519.234906,-2.2583173011515836,2.1967915046934143,0.727618319505731,0.0,0.0,0.0,1.0,0.09024463199068442,0.11124740848270533,0.0,0.0,0.0,0.0
1124,1786799520,68255621,1786799520.068256,-2.176120410725371,2.2943418368605712,0.7255078286204837,0.0,0.0,0.0,1.0,0.10209446891513624,0.11877429000020386,0.0,0.0,0.0,0.0
1125,1786799520,401670355,1786799520.401670,-2.1487218097281975,2.318226660471053,0.7249551411356937,0.0,0.0,0.0,1.0,0.09314571396757909,0.10240347247335976,0.0,0.0,0.0,0.0
1126,1786799520,668259256,1786799520.668259,-2.126786230201347,2.347276901846043,0.7253788665059074,0.0,0.0,0.0,1.0,0.08895695874300072,0.10437992978209018,0.0,0.0,0.0,0.0
1127,1786799520,901644473,1786799520.901644,-2.1092002227908235,2.3686670881142513,0.7249423716354778,0.0,0.0,0.0,1.0,0.09116907564274139,0.10016121437876685,0.0,0.0,0.0,0.0
1128,1786799521,468273772,1786799521.468274,-2.0575908497466138,2.4300372833677812,0.7255297807230966,0.0,0.0,0.0,1.0,0.09503029099286481,0.10078591583227832,0.0,0.0,0.0,0.0
1129,1786799521,668337742,1786799521.668338,-2.0415882664300327,2.452129267816428,0.7280315571031662,0.0,0.0,0.0,1.0,0.08889723392432793,0.09807317292781619,0.0,0.0,0.0,0.0
1130,1786799522,201649598,1786799522.201650,-1.994881375460805,2.5059389478475502,0.7247396458124068,0.0,0.0,0.0,1.0,0.0868538551504268,0.09407737009881731,0.0,0.0,0.0,0.0
1131,1786799522,401653010,1786799522.401653,-1.9752988423162776,2.5292098582935516,0.7259171491869026,0.0,0.0,0.0,1.0,0.08685431883076093,0.09419690622817321,0.0,0.0,0.0,0.0
1132,1786799522,601666117,1786799522.601666,-1.9550935463490244,2.5523771972621088,0.7243412312447707,0.0,0.0,0.0,1.0,0.0847890202933762,0.09809446953435473,0.0,0.0,0.0,0.0
1133,1786799523,201640880,1786799523.201641,-1.8985233721168946,2.605505180997958,0.725417907283306,0.0,0.0,0.0,1.0,0.08422602719867184,0.09063764525650915,0.0,0.0,0.0,0.0
1134,1786799523,501688591,1786799523.501688,-1.8716910822616253,2.63859328789332,0.7239110886683882,0.0,0.0,0.0,1.0,0.08277877744319882,0.09650820806408272,0.0,0.0,0.0,0.0
1135,1786799524,401777330,1786799524.401777,-1.802378422096183,2.730547905735583,0.7261829462863766,0.0,0.0,0.0,1.0,0.07285266027154734,0.10125374018712714,0.0,0.0,0.0,0.0
1136,1786799525,468360399,1786799525.468360,-1.72256051494516,2.8550872502726357,0.729575380901162,0.0,0.0,0.0,1.0,0.06884192471837967,0.11580157873352091,0.0,0.0,0.0,0.0
1137,1786799525,968412272,1786799525.968412,-1.6949326747276565,2.9074604475809798,0.7273263425260752,0.0,0.0,0.0,1.0,0.06865790417559424,0.09945432392947474,0.0,0.0,0.0,0.0
1138,1786799526,235074845,1786799526.235075,-1.6704941329002168,2.947841833519898,0.7264796927601427,0.0,0.0,0.0,1.0,0.07860083059357444,0.09963674899899627,0.0,0.0,0.0,0.0
1139,1786799526,501686303,1786799526.501686,-1.6185140111653418,2.979754280248711,0.7246690634714381,0.0,0.0,0.0,1.0,0.09198639436511591,0.09400393513912546,0.0,0.0,0.0,0.0
1140,1786799527,435063871,1786799527.435064,-1.5123774355561892,3.0692043956712167,0.723128336808317,0.0,0.0,0.0,1.0,0.09091190939860128,0.06299502704975926,0.0,0.0,0.0,0.0
1141,1786799528,168448834,1786799528.168449,-1.4668467828194753,3.084925481660804,0.7242877085173374,0.0,0.0,0.0,1.0,0.09870134782472051,0.047346684767407804,0.0,0.0,0.0,0.0
1142,1786799528,368483553,1786799528.368484,-1.4037227254449167,3.1098514513817026,0.7262000393413893,0.0,0.0,0.0,1.0,0.11232576831573125,0.03581359015863432,0.0,0.0,0.0,0.0
1143,1786799528,601834742,1786799528.601835,-1.3540329911499214,3.1379778305629014,0.7263390834447008,0.0,0.0,0.0,1.0,0.11778327500450013,0.031310966213840344,0.0,0.0,0.0,0.0
1144,1786799529,35113956,1786799529.035114,-1.295527165816468,3.1752222521438185,0.7260258799095238,0.0,0.0,0.0,1.0,0.10190037594954199,0.03678431085449483,0.0,0.0,0.0,0.0
1145,1786799529,435098594,1786799529.435099,-1.2393976774614188,3.210424007513626,0.7232004948409428,0.0,0.0,0.0,1.0,0.09557946190724018,0.040839394424972454,0.0,0.0,0.0,0.0
1146,1786799529,635103912,1786799529.635104,-1.208604276500429,3.2320926900569535,0.7240475901403153,0.0,0.0,0.0,1.0,0.09364881652918039,0.04230477881638341,0.0,0.0,0.0,0.0
1147,1786799529,868588670,1786799529.868589,-1.1923864265701187,3.2331973170526673,0.7268900305534769,0.0,0.0,0.0,1.0,0.09923738433992875,0.045152310443857584,0.0,0.0,0.0,0.0
1148,1786799530,135160438,1786799530.135160,-1.1507578012225288,3.2257508677308673,0.7264830087058385,0.0,0.0,0.0,1.0,0.11813060423330346,0.045155613572353245,0.0,0.0,0.0,0.0
1149,1786799530,501819155,1786799530.501819,-1.1075547154993473,3.2528143905191493,0.7263324078583889,0.0,0.0,0.0,1.0,0.11604824440054706,0.05045791838690258,0.0,0.0,0.0,0.0
1150,1786799530,736192857,1786799530.736193,-1.0635926434195362,3.2460846534830345,0.7252687202663023,0.0,0.0,0.0,1.0,0.11742928686725897,0.04821581017444201,0.0,0.0,0.0,0.0
1151,1786799530,968463534,1786799530.968463,-1.023618372001474,3.238298728540613,0.7252088833089805,0.0,0.0,0.0,1.0,0.11603817104424617,0.0470090312674357,0.0,0.0,0.0,0.0
1152,1786799531,168498283,1786799531.168498,-1.0011366138865956,3.255978652909209,0.7262127293597719,0.0,0.0,0.0,1.0,0.11152144510159956,0.050392612140213504,0.0,0.0,0.0,0.0
1153,1786799531,535173272,1786799531.535173,-0.9443862527992639,3.257686550135869,0.7230127080366777,0.0,0.0,0.0,1.0,0.1104037395574865,0.05298405025960454,0.0,0.0,0.0,0.0
1154,1786799531,768613606,1786799531.768614,-0.9061689663651773,3.257346079265294,0.7230821473387699,0.0,0.0,0.0,1.0,0.11311754726387638,0.05623879344386798,0.0,0.0,0.0,0.0
1155,1786799532,268657051,1786799532.268657,-0.8381222621085502,3.2671237468739154,0.7247880352560644,0.0,0.0,0.0,1.0,0.11762123413330823,0.06084333815858557,0.0,0.0,0.0,0.0
1156,1786799532,601848994,1786799532.601849,-0.8381222621085502,3.2671237468739154,0.7247880352560644,0.0,0.0,0.0,1.0,0.11762123413330823,0.06084333815858557,0.0,0.0,0.0,0.0
1157,1786799532,935224857,1786799532.935225,-0.8381222621085502,3.2671237468739154,0.7247880352560644,0.0,0.0,0.0,1.0,0.11762123413330823,0.06084333815858557,0.0,0.0,0.0,0.0
1158,1786799533,135719636,1786799533.135720,-0.8273129828687242,3.2616843937995217,0.7243571087053045,0.0,0.0,0.0,1.0,0.1145978804102981,0.053355503234852886,0.0,0.0,0.0,0.0
1159,1786799533,368538108,1786799533.368538,-0.8046439997647568,3.2840851344478006,0.7261775085818223,0.0,0.0,0.0,1.0,0.11724080279333127,0.06460175668421816,0.0,0.0,0.0,0.0
1160,1786799534,138111606,1786799534.138112,-0.7657881518437595,3.279921845822198,0.7269311251253373,0.0,0.0,0.0,1.0,0.12324728184988759,0.06528674318286909,0.0,0.0,0.0,0.0
1161,1786799534,435248164,1786799534.435248,-0.7357956797453085,3.3027200751509156,0.7257551764613437,0.0,0.0,0.0,1.0,0.12191817824799418,0.07379212372071697,0.0,0.0,0.0,0.0
1162,1786799535,468671275,1786799535.468671,-0.613813515008296,3.3915457647534044,0.7271595213053362,0.0,0.0,0.0,1.0,0.12158166037437969,0.09906722032035348,0.0,0.0,0.0,0.0
1163,1786799536,168715069,1786799536.168715,-0.536954202382832,3.43327607897049,0.7312623827356177,0.0,0.0,0.0,1.0,0.12013726926096621,0.08519278059755805,0.0,0.0,0.0,0.0
1164,1786799536,668531411,1786799536.668531,-0.48504880622784974,3.459161398953948,0.7291824151778377,0.0,0.0,0.0,1.0,0.11393543698607755,0.07363117584399317,0.0,0.0,0.0,0.0
1165,1786799537,168676046,1786799537.168676,-0.4255554033885094,3.491694211251758,0.7267237684624077,0.0,0.0,0.0,1.0,0.11229203856492749,0.06910547610369824,0.0,0.0,0.0,0.0
1166,1786799537,401976573,1786799537.401977,-0.4021962938374042,3.501710094532257,0.7258535991247004,0.0,0.0,0.0,1.0,0.10987721483610445,0.06524514312653079,0.0,0.0,0.0,0.0
1167,1786799537,602007354,1786799537.602007,-0.37798488931915664,3.5122870462771036,0.7268717130577542,0.0,0.0,0.0,1.0,0.11153956508427298,0.06396364913837839,0.0,0.0,0.0,0.0
1168,1786799538,268710164,1786799538.268710,-0.3021852163287573,3.5517133023042033,0.729682283700543,0.0,0.0,0.0,1.0,0.11432813566486837,0.06271722187851589,0.0,0.0,0.0,0.0
1169,1786799538,935311565,1786799538.935312,-0.24777723063226986,3.5609991210178773,0.7276567969811423,0.0,0.0,0.0,1.0,0.09578999439827396,0.029091040024211007,0.0,0.0,0.0,0.0
1170,1786799539,135324069,1786799539.135324,-0.20560466537086342,3.5760043667187498,0.7282481067033691,0.0,0.0,0.0,1.0,0.11063437272727188,0.028958574699268904,0.0,0.0,0.0,0.0
1171,1786799539,835356883,1786799539.835357,-0.14924036175404432,3.585724989150343,0.7252827757921908,0.0,0.0,0.0,1.0,0.09204284253815027,-0.0045820082101568505,0.0,0.0,0.0,0.0
1172,1786799540,68694673,1786799540.068695,-0.11118608757267978,3.5826805276855866,0.7262323145426881,0.0,0.0,0.0,1.0,0.12047612433808483,-0.010593037411564615,0.0,0.0,0.0,0.0
1173,1786799540,501940941,1786799540.501941,-0.04720308359138947,3.5596840363081137,0.7253113535836052,0.0,0.0,0.0,1.0,0.1356142026874748,-0.031156960213819893,0.0,0.0,0.0,0.0
1174,1786799540,801943105,1786799540.801943,-0.02278330919871685,3.5500272183564006,0.7256899003499316,0.0,0.0,0.0,1.0,0.14292580414550846,-0.03784905298034271,0.0,0.0,0.0,0.0
1175,1786799541,1994093,1786799541.001994,0.024555161907448664,3.5504366581494375,0.7249053065818959,0.0,0.0,0.0,1.0,0.14971177316710021,-0.041720645651626524,0.0,0.0,0.0,0.0
1176,1786799542,168829448,1786799542.168829,0.12454796873338658,3.4870203351066174,0.7253553840042806,0.0,0.0,0.0,1.0,0.1399767471658279,-0.08106811182792638,0.0,0.0,0.0,0.0
1177,1786799542,435427982,1786799542.435428,0.15712322430843173,3.477334745461711,0.7250840077670133,0.0,0.0,0.0,1.0,0.1210786707392323,-0.07661205660701943,0.0,0.0,0.0,0.0
1178,1786799542,802100964,1786799542.802101,0.19565861209629354,3.442336688086776,0.7238096325269264,0.0,0.0,0.0,1.0,0.10650346094364913,-0.06925708232142434,0.0,0.0,0.0,0.0
1179,1786799543,102149477,1786799543.102149,0.21835601171657792,3.4039964031095638,0.7248520622273797,0.0,0.0,0.0,1.0,0.10183421216553637,-0.06793485197755698,0.0,0.0,0.0,0.0
1180,1786799543,368813407,1786799543.368814,0.2360878739748209,3.3632164975951175,0.7234217693761532,0.0,0.0,0.0,1.0,0.09899717731579752,-0.07014716970286046,0.0,0.0,0.0,0.0
1181,1786799543,668803168,1786799543.668803,0.26148479472681885,3.331489487561573,0.7233056368465162,0.0,0.0,0.0,1.0,0.09987422071968377,-0.06823090014843042,0.0,0.0,0.0,0.0
1182,1786799544,802119100,1786799544.802119,0.372907391854282,3.2484340783692254,0.7266289025934458,0.0,0.0,0.0,1.0,0.10092688164181987,-0.06572668965437789,0.0,0.0,0.0,0.0
1183,1786799545,168837089,1786799545.168837,0.41308558643232196,3.2285470433893506,0.7269031014418402,0.0,0.0,0.0,1.0,0.10487269584855209,-0.05296217221101751,0.0,0.0,0.0,0.0
1184,1786799545,602137017,1786799545.602137,0.46868255350336163,3.202846754133346,0.7289617903850423,0.0,0.0,0.0,1.0,0.11521326120304475,-0.04189230389885743,0.0,0.0,0.0,0.0
1185,1786799546,68925278,1786799546.068925,0.5181716145091926,3.175833293895985,0.7279905433043631,0.0,0.0,0.0,1.0,0.12327604091941731,-0.03614088741807535,0.0,0.0,0.0,0.0
1186,1786799546,502206435,1786799546.502206,0.570431005359465,3.151437677490919,0.7272887654763006,0.0,0.0,0.0,1.0,0.12925500526278325,-0.03337206548100301,0.0,0.0,0.0,0.0
1187,1786799546,902252913,1786799546.902253,0.6161780285496494,3.1344556359351365,0.7247916760212094,0.0,0.0,0.0,1.0,0.12728414530664472,-0.03011781676944862,0.0,0.0,0.0,0.0
1188,1786799547,235603060,1786799547.235603,0.653380054818486,3.1200601365601193,0.7257534873189933,0.0,0.0,0.0,1.0,0.1282250301033001,-0.02334509777410298,0.0,0.0,0.0,0.0
1189,1786799547,468842126,1786799547.468842,0.6804648935777067,3.110761679280941,0.7256385134093685,0.0,0.0,0.0,1.0,0.1286584615248945,-0.023154092138507793,0.0,0.0,0.0,0.0
1190,1786799547,968913549,1786799547.968914,0.7407626911432956,3.094101256478057,0.7250047097191656,0.0,0.0,0.0,1.0,0.130893027452581,-0.024030838834165538,0.0,0.0,0.0,0.0
1191,1786799548,368772656,1786799548.368773,0.7848792977447374,3.0798283725200584,0.7246092148630275,0.0,0.0,0.0,1.0,0.12366899591182134,-0.02268593816180133,0.0,0.0,0.0,0.0
1192,1786799548,568806562,1786799548.568807,0.8452065997808376,3.0696253530723983,0.7264970499308696,0.0,0.0,0.0,1.0,0.12589993346451167,-0.023447052592485872,0.0,0.0,0.0,0.0
1193,1786799548,902235980,1786799548.902236,0.8835120509062371,3.0572308409131885,0.726089814241164,0.0,0.0,0.0,1.0,0.12702516170485545,-0.024666503412060455,0.0,0.0,0.0,0.0
1194,1786799549,136345054,1786799549.136345,0.9114203864700485,3.0484066844341378,0.7254767072033718,0.0,0.0,0.0,1.0,0.12953816035820345,-0.028007403142002528,0.0,0.0,0.0,0.0
1195,1786799549,535527624,1786799549.535528,0.9575676190492519,3.036740198601124,0.7254995664493753,0.0,0.0,0.0,1.0,0.12104188854482945,-0.030843931579626678,0.0,0.0,0.0,0.0
1196,1786799550,2280132,1786799550.002280,1.0136939192413124,3.0206727137305913,0.7275783931288566,0.0,0.0,0.0,1.0,0.12040920905905346,-0.03155183874627139,0.0,0.0,0.0,0.0
1197,1786799550,902200519,1786799550.902200,1.1244282142478959,2.990909108084236,0.7272856816824409,0.0,0.0,0.0,1.0,0.12198854950537638,-0.02980871129726249,0.0,0.0,0.0,0.0
1198,1786799551,102221711,1786799551.102222,1.1486185741771013,2.981005151674384,0.7279354726331349,0.0,0.0,0.0,1.0,0.12231277291006815,-0.03238833485589847,0.0,0.0,0.0,0.0
1199,1786799551,368867883,1786799551.368868,1.1839435995529843,2.9698400469637276,0.7264426085529307,0.0,0.0,0.0,1.0,0.12314782889670728,-0.03255221953168949,0.0,0.0,0.0,0.0
1200,1786799551,768990019,1786799551.768990,1.233502798840263,2.955305037845287,0.7266466130774473,0.0,0.0,0.0,1.0,0.12390401873341575,-0.03306151345146011,0.0,0.0,0.0,0.0
1201,1786799552,102303728,1786799552.102304,1.2735758036461053,2.944114611077061,0.7263290570548314,0.0,0.0,0.0,1.0,0.11652657007075465,-0.03527102865968845,0.0,0.0,0.0,0.0
1202,1786799552,602227917,1786799552.602228,1.3527613803558438,2.918861727038652,0.7287505160657032,0.0,0.0,0.0,1.0,0.11829224827428393,-0.03499075004166861,0.0,0.0,0.0,0.0
1203,1786799552,902279689,1786799552.902280,1.3929826110773735,2.907924797799337,0.7248368262834184,0.0,0.0,0.0,1.0,0.12468805023158436,-0.03667717535834887,0.0,0.0,0.0,0.0
1204,1786799554,535738564,1786799554.535738,1.6308681765603659,2.991130534521493,0.7254279320572911,0.0,0.0,0.0,1.0,0.1364869673818443,-0.005143561410988248,0.0,0.0,0.0,0.0
1205,1786799554,902217508,1786799554.902218,1.6948006236201074,3.049512747891203,0.7251848443726894,0.0,0.0,0.0,1.0,0.133457025659287,-0.015460824256091615,0.0,0.0,0.0,0.0
1206,1786799555,202376975,1786799555.202377,1.730602108895738,3.071337677410912,0.7281883577565881,0.0,0.0,0.0,1.0,0.13140728893013212,-0.019018399337072667,0.0,0.0,0.0,0.0
1207,1786799555,535657187,1786799555.535657,1.7690650177664065,3.079042982123524,0.7281869236759421,0.0,0.0,0.0,1.0,0.12190840055906219,-0.018681270049397954,0.0,0.0,0.0,0.0
1208,1786799556,535653205,1786799556.535653,1.8786436417377903,3.0687379640690446,0.7239226162196061,0.0,0.0,0.0,1.0,0.12297654081474407,-0.016640397227690205,0.0,0.0,0.0,0.0
1209,1786799557,402310977,1786799557.402311,1.9680875066127577,3.0535418548167117,0.727646200173993,0.0,0.0,0.0,1.0,0.11802296987563111,-0.01728372953064123,0.0,0.0,0.0,0.0
1210,1786799558,935741303,1786799558.935741,2.155448412296945,3.028103670356167,0.7277130824583167,0.0,0.0,0.0,1.0,0.12222862641963905,-0.007235586642507377,0.0,0.0,0.0,0.0
1211,1786799559,602349202,1786799559.602349,2.216379368001574,3.0025922888690983,0.7271613282884476,0.0,0.0,0.0,1.0,0.12067858451449825,-0.028010825361381934,0.0,0.0,0.0,0.0
1212,1786799560,135840166,1786799560.135840,2.290186447950072,2.987834047536139,0.7274117150740993,0.0,0.0,0.0,1.0,0.1327617877312517,-0.030611771296192088,0.0,0.0,0.0,0.0
1213,1786799560,469184661,1786799560.469185,2.334444679637505,2.9817196214416786,0.727192751834917,0.0,0.0,0.0,1.0,0.1325265147351925,-0.02680245270226883,0.0,0.0,0.0,0.0
1214,1786799560,702344537,1786799560.702345,2.367965976331881,2.975368831988238,0.726241266141064,0.0,0.0,0.0,1.0,0.1354490261077604,-0.026161729973850602,0.0,0.0,0.0,0.0
1215,1786799561,35765643,1786799561.035766,2.4178947469417746,2.9621970981147046,0.7262649307852592,0.0,0.0,0.0,1.0,0.13541177474938199,-0.031213252417164956,0.0,0.0,0.0,0.0
1216,1786799561,235766812,1786799561.235767,2.4413769915414765,2.953221664910706,0.7264338102796145,0.0,0.0,0.0,1.0,0.12897950327016056,-0.03144771626605117,0.0,0.0,0.0,0.0
1217,1786799561,435894845,1786799561.435895,2.4617748138628013,2.9432698321059707,0.7270714190915957,0.0,0.0,0.0,1.0,0.12309082032618429,-0.033098980070813,0.0,0.0,0.0,0.0
1218,1786799562,435837560,1786799562.435838,2.5794814294790775,2.909643472840801,0.7262321059835374,0.0,0.0,0.0,1.0,0.11182856637852327,-0.028976922156840366,0.0,0.0,0.0,0.0
1219,1786799562,635916013,1786799562.635916,2.6058324958091053,2.904499139677152,0.7260149242778313,0.0,0.0,0.0,1.0,0.11863374860101193,-0.0235493346902967,0.0,0.0,0.0,0.0
1220,1786799562,969094537,1786799562.969095,2.6476017514122177,2.897380885392594,0.7280359311635667,0.0,0.0,0.0,1.0,0.12254215367636216,-0.020792139254863933,0.0,0.0,0.0,0.0
1221,1786799563,202487200,1786799563.202487,2.6811412842102857,2.8904375220823466,0.7275236609060948,0.0,0.0,0.0,1.0,0.12774643066840932,-0.01970822630204758,0.0,0.0,0.0,0.0
1222,1786799563,635749080,1786799563.635749,2.7372209670187324,2.873482691143934,0.7263118612604814,0.0,0.0,0.0,1.0,0.13064505208266408,-0.026751409601504877,0.0,0.0,0.0,0.0
1223,1786799563,902522155,1786799563.902522,2.7677065487959602,2.862037255314906,0.7265818564080635,0.0,0.0,0.0,1.0,0.12764174848382426,-0.0320901232427215,0.0,0.0,0.0,0.0
1224,1786799564,502488591,1786799564.502489,2.8362544545378245,2.8409384595384504,0.724382726012354,0.0,0.0,0.0,1.0,0.1262441734000486,-0.03272949917166703,0.0,0.0,0.0,0.0
1225,1786799565,102450674,1786799565.102451,2.9181878846130527,2.825507325002553,0.7275882403617652,0.0,0.0,0.0,1.0,0.13355065112071357,-0.029046628303595404,0.0,0.0,0.0,0.0
1226,1786799565,802614122,1786799565.802614,3.0066171058720936,2.8090283618131036,0.7279404329095922,0.0,0.0,0.0,1.0,0.13585508885871198,-0.020561414248382537,0.0,0.0,0.0,0.0
1227,1786799566,69278943,1786799566.069279,3.0308778655423882,2.7983856892673877,0.7268457007305752,0.0,0.0,0.0,1.0,0.1288661918685952,-0.027320942086703586,0.0,0.0,0.0,0.0
1228,1786799566,402502098,1786799566.402502,3.0687288211087687,2.782207139543168,0.7282983549684019,0.0,0.0,0.0,1.0,0.12454939125946583,-0.03241869363467578,0.0,0.0,0.0,0.0
1229,1786799567,102462172,1786799567.102462,3.149223955628951,2.7592589490045007,0.7282553321685443,0.0,0.0,0.0,1.0,0.12252790399873914,-0.03546568909043006,0.0,0.0,0.0,0.0
1230,1786799567,602654748,1786799567.602655,3.211135842590094,2.7489540820070975,0.7289217035476224,0.0,0.0,0.0,1.0,0.12655245509166274,-0.02652254209682916,0.0,0.0,0.0,0.0
1231,1786799567,935934661,1786799567.935935,3.2538855438151373,2.7448504588872122,0.7295418396786151,0.0,0.0,0.0,1.0,0.13493797558308313,-0.020798828995032267,0.0,0.0,0.0,0.0
1232,1786799568,169179700,1786799568.169180,3.2835364776400446,2.737414414849768,0.7271033560128092,0.0,0.0,0.0,1.0,0.1339096625323718,-0.02196667276334934,0.0,0.0,0.0,0.0
1233,1786799568,369220393,1786799568.369220,3.3083972394008825,2.7273889197185994,0.7251230355453449,0.0,0.0,0.0,1.0,0.131969808205436,-0.026128928898331946,0.0,0.0,0.0,0.0
1234,1786799568,835873539,1786799568.835874,3.3699621057577467,2.717941835118153,0.7254209198260979,0.0,0.0,0.0,1.0,0.13652638239780096,-0.014661721245437392,0.0,0.0,0.0,0.0
1235,1786799569,435944099,1786799569.435944,3.4194611786177145,2.69421635797913,0.7247624776617952,0.0,0.0,0.0,1.0,0.11524912664101541,-0.02699382596290682,0.0,0.0,0.0,0.0
1236,1786799569,802603203,1786799569.802603,3.472124795191812,2.680658982495613,0.7264652576861842,0.0,0.0,0.0,1.0,0.11735907155643135,-0.040210061409020816,0.0,0.0,0.0,0.0
1237,1786799570,335889378,1786799570.335889,3.5367239148742833,2.6496139909283434,0.7263049051194244,0.0,0.0,0.0,1.0,0.10968915101433004,-0.06335964367617761,0.0,0.0,0.0,0.0
1238,1786799570,569238222,1786799570.569238,3.5713079243109878,2.642107253397751,0.7257392826934302,0.0,0.0,0.0,1.0,0.11648742564271576,-0.06833167342394336,0.0,0.0,0.0,0.0
1239,1786799571,335962597,1786799571.335963,3.638991730248682,2.636767081363608,0.7257064565804037,0.0,0.0,0.0,1.0,0.11885425948606576,-0.049371750211179816,0.0,0.0,0.0,0.0
1240,1786799571,635922241,1786799571.635922,3.6638778420926723,2.6394285879202606,0.7255679059050498,0.0,0.0,0.0,1.0,0.11616269204890305,-0.04311100891688448,0.0,0.0,0.0,0.0
1241,1786799571,869259785,1786799571.869260,3.69567183705923,2.6394933332807033,0.7263115473871716,0.0,0.0,0.0,1.0,0.12324939827919942,-0.03836916987406401,0.0,0.0,0.0,0.0
1242,1786799572,169291993,1786799572.169292,3.738946996929112,2.6344769565453268,0.7256375843621962,0.0,0.0,0.0,1.0,0.1299487033844594,-0.0379290152054043,0.0,0.0,0.0,0.0
1243,1786799572,635968920,1786799572.635969,3.79874728272277,2.5986193358750134,0.7249308163841948,0.0,0.0,0.0,1.0,0.1276379234630949,-0.052601930790430365,0.0,0.0,0.0,0.0
1244,1786799573,102773787,1786799573.102774,3.8579767117072503,2.552250044693694,0.7247123277560721,0.0,0.0,0.0,1.0,0.12169325116000755,-0.06575066666526536,0.0,0.0,0.0,0.0
1245,1786799573,769352585,1786799573.769353,3.934781578006586,2.5062554584187886,0.7270036156881258,0.0,0.0,0.0,1.0,0.11616651447134721,-0.06177812940489458,0.0,0.0,0.0,0.0
1246,1786799574,102644001,1786799574.102644,3.9747548998421127,2.493790389783207,0.7264943206538222,0.0,0.0,0.0,1.0,0.11836902425418884,-0.045510412028420835,0.0,0.0,0.0,0.0
1247,1786799574,336063100,1786799574.336063,4.0063292631558,2.4870500650352643,0.7255544687594633,0.0,0.0,0.0,1.0,0.11913278595291804,-0.03952409721196386,0.0,0.0,0.0,0.0
1248,1786799574,702740692,1786799574.702741,4.053723283013973,2.4742455709371445,0.7233048568757671,0.0,0.0,0.0,1.0,0.12247932564514212,-0.03530617160453151,0.0,0.0,0.0,0.0
1249,1786799574,969399634,1786799574.969400,4.0949501225682265,2.464484771720975,0.7245485579994873,0.0,0.0,0.0,1.0,0.1273898523755864,-0.03679671537669495,0.0,0.0,0.0,0.0
1250,1786799575,202820306,1786799575.202820,4.1116441228315015,2.4523068362574403,0.7228918100828062,0.0,0.0,0.0,1.0,0.1299145128660464,-0.0417766411269891,0.0,0.0,0.0,0.0
1251,1786799575,469435745,1786799575.469436,4.1116441228315015,2.4523068362574403,0.7228918100828062,0.0,0.0,0.0,1.0,0.1299145128660464,-0.0417766411269891,0.0,0.0,0.0,0.0
1252,1786799575,936123066,1786799575.936123,4.1116441228315015,2.4523068362574403,0.7228918100828062,0.0,0.0,0.0,1.0,0.1299145128660464,-0.0417766411269891,0.0,0.0,0.0,0.0
1253,1786799576,169336993,1786799576.169337,4.1276499244811795,2.4421583263165543,0.7244384376778448,0.0,0.0,0.0,1.0,0.13932346981869334,-0.04353774613027914,0.0,0.0,0.0,0.0
1254,1786799576,769449259,1786799576.769449,4.208780479699886,2.4152391951286463,0.7238342743291498,0.0,0.0,0.0,1.0,0.1403180534866362,-0.03786907850818037,0.0,0.0,0.0,0.0
1255,1786799577,102794970,1786799577.102795,4.252528300025036,2.4005796130027877,0.7262539518581896,0.0,0.0,0.0,1.0,0.13723221675142588,-0.03746232405981263,0.0,0.0,0.0,0.0
1256,1786799577,469453863,1786799577.469454,4.303665157627895,2.3874573770526517,0.7245623779166794,0.0,0.0,0.0,1.0,0.13412002837987574,-0.03894308396538871,0.0,0.0,0.0,0.0
1257,1786799578,69491088,1786799578.069491,4.385847722341696,2.3561866824662863,0.7244903827132964,0.0,0.0,0.0,1.0,0.12603953071440782,-0.043602564631628676,0.0,0.0,0.0,0.0
1258,1786799579,36061902,1786799579.036062,4.5247672444785145,2.322323790005668,0.7224367892460726,0.0,0.0,0.0,1.0,0.13713921456006586,-0.035839828957646855,0.0,0.0,0.0,0.0
1259,1786799579,236113551,1786799579.236114,4.554255600248329,2.313966655085588,0.7260893090033164,0.0,0.0,0.0,1.0,0.13191410206573095,-0.03332123265468374,0.0,0.0,0.0,0.0
1260,1786799579,469506399,1786799579.469507,4.588822436291888,2.3019163737736514,0.7258623911050904,0.0,0.0,0.0,1.0,0.12759677013929382,-0.03433771772195249,0.0,0.0,0.0,0.0
1261,1786799579,769632315,1786799579.769632,4.637457589892222,2.275609025371713,0.7265220675972546,0.0,0.0,0.0,1.0,0.12658005215114224,-0.03965935554437405,0.0,0.0,0.0,0.0
1262,1786799580,69448832,1786799580.069449,4.683271566524056,2.252488324289378,0.7289746060279299,0.0,0.0,0.0,1.0,0.12500471155374995,-0.041952140316917685,0.0,0.0,0.0,0.0
1263,1786799580,736112205,1786799580.736112,4.766589299195186,2.2129849132039094,0.7266813799566103,0.0,0.0,0.0,1.0,0.12464223222598382,-0.047291360126789944,0.0,0.0,0.0,0.0
1264,1786799580,938503178,1786799580.938503,4.793325736677684,2.2021342894621023,0.7274685572915535,0.0,0.0,0.0,1.0,0.12356151487251917,-0.04394881304636104,0.0,0.0,0.0,0.0
1265,1786799581,169502591,1786799581.169502,4.827305129890455,2.1819261243223504,0.7275162981686448,0.0,0.0,0.0,1.0,0.1263878722656539,-0.0514511793121702,0.0,0.0,0.0,0.0
1266,1786799581,469490022,1786799581.469490,4.86722811259181,2.1637124337957134,0.7270632579650388,0.0,0.0,0.0,1.0,0.12156287141125892,-0.048320127333023745,0.0,0.0,0.0,0.0
1267,1786799581,936165886,1786799581.936166,4.9248140193128975,2.1382492960736323,0.7261226882795954,0.0,0.0,0.0,1.0,0.1135039151019949,-0.04625125085270928,0.0,0.0,0.0,0.0
1268,1786799582,202865159,1786799582.202865,4.961507944066074,2.1195705576664725,0.7236175358367006,0.0,0.0,0.0,1.0,0.11491015958738293,-0.04675007170728021,0.0,0.0,0.0,0.0
1269,1786799582,402887042,1786799582.402887,4.988599436687288,2.1058256623701235,0.723346330040786,0.0,0.0,0.0,1.0,0.11719870999392817,-0.04846331955060343,0.0,0.0,0.0,0.0
1270,1786799582,902846738,1786799582.902847,5.019736971389033,2.0900143960682884,0.7244704233317708,0.0,0.0,0.0,1.0,0.12182647267122607,-0.050281289653035674,0.0,0.0,0.0,0.0
1271,1786799583,302831734,1786799583.302832,5.085578892406943,2.0572843908777427,0.7267686795735941,0.0,0.0,0.0,1.0,0.10018886798679964,-0.04483956256539423,0.0,0.0,0.0,0.0
1272,1786799583,536215164,1786799583.536215,5.120747280748809,2.0429726014101792,0.7293965523827382,0.0,0.0,0.0,1.0,0.11300574292924004,-0.044451314460079994,0.0,0.0,0.0,0.0
1273,1786799583,902882232,1786799583.902882,5.164737738604256,2.0297353124212094,0.7289251683416491,0.0,0.0,0.0,1.0,0.1135261086802744,-0.036921549951787674,0.0,0.0,0.0,0.0
1274,1786799584,202855199,1786799584.202855,5.202517152908449,2.018382562722749,0.7297064136737851,0.0,0.0,0.0,1.0,0.12048897732678643,-0.03748294868518521,0.0,0.0,0.0,0.0
1275,1786799584,502859940,1786799584.502860,5.238693215081941,2.002585231670791,0.7282373932933579,0.0,0.0,0.0,1.0,0.12382974739305906,-0.042074923057055215,0.0,0.0,0.0,0.0
1276,1786799584,702886523,1786799584.702887,5.264261891926132,1.9923810149542098,0.7286116444668804,0.0,0.0,0.0,1.0,0.12358999296187584,-0.04244545671799622,0.0,0.0,0.0,0.0
1277,1786799585,2926941,1786799585.002927,5.296250840466964,1.9747485015168618,0.7298002245411356,0.0,0.0,0.0,1.0,0.12147044636392276,-0.0500362394825481,0.0,0.0,0.0,0.0
1278,1786799585,436242694,1786799585.436243,5.338848827768256,1.9455267956701428,0.7278317719680525,0.0,0.0,0.0,1.0,0.11156078978014523,-0.056850505547655805,0.0,0.0,0.0,0.0
1279,1786799585,769641787,1786799585.769642,5.375216061593864,1.9263820772548401,0.7277133830740082,0.0,0.0,0.0,1.0,0.11204975692908124,-0.05408498497173633,0.0,0.0,0.0,0.0
1280,1786799586,36300225,1786799586.036300,5.409218374011228,1.9156674271882812,0.7274670854930431,0.0,0.0,0.0,1.0,0.11898714422272066,-0.04868729544853693,0.0,0.0,0.0,0.0
1281,1786799586,438407779,1786799586.438408,5.458842206799442,1.9010347889121824,0.7261808219994579,0.0,0.0,0.0,1.0,0.11732062564353184,-0.046688728781436026,0.0,0.0,0.0,0.0
1282,1786799586,936298355,1786799586.936298,5.520931847603244,1.8830310536040207,0.7276429798412862,0.0,0.0,0.0,1.0,0.12443555228366168,-0.044137395260341994,0.0,0.0,0.0,0.0
1283,1786799587,369721916,1786799587.369722,5.570662973207227,1.859376493527336,0.7243269968275058,0.0,0.0,0.0,1.0,0.11911217210711937,-0.05152315015024986,0.0,0.0,0.0,0.0
1284,1786799587,969577729,1786799587.969578,5.636919430627007,1.8267739964794352,0.7276047641084821,0.0,0.0,0.0,1.0,0.11213241704061429,-0.053357843893472916,0.0,0.0,0.0,0.0
1285,1786799588,236314610,1786799588.236315,5.67295343667724,1.814324149939584,0.7258182477065448,0.0,0.0,0.0,1.0,0.12026151658266582,-0.05208967142353092,0.0,0.0,0.0,0.0
1286,1786799588,469607071,1786799588.469607,5.704965654166557,1.806651521118709,0.726519445910459,0.0,0.0,0.0,1.0,0.12570681714227305,-0.04542782493444269,0.0,0.0,0.0,0.0
1287,1786799588,836299466,1786799588.836299,5.750056012099396,1.7943041970195348,0.7264942520044513,0.0,0.0,0.0,1.0,0.12301397590908973,-0.03981351343412876,0.0,0.0,0.0,0.0
1288,1786799589,202984559,1786799589.202985,5.794053906799633,1.7819816672588584,0.7279145537696595,0.0,0.0,0.0,1.0,0.12427582793700898,-0.03995994777440163,0.0,0.0,0.0,0.0
1289,1786799589,403018332,1786799589.403018,5.817095102711036,1.7713383780350718,0.7274402093976011,0.0,0.0,0.0,1.0,0.12120358457738306,-0.042625424359309744,0.0,0.0,0.0,0.0
1290,1786799589,703011942,1786799589.703012,5.85473307383878,1.7580753169576386,0.7261487293971814,0.0,0.0,0.0,1.0,0.12008946972612317,-0.043148371955067766,0.0,0.0,0.0,0.0
1291,1786799589,903086454,1786799589.903086,5.872934805066883,1.74438644087176,0.7246906628703228,0.0,0.0,0.0,1.0,0.11571875568522995,-0.04872684343754009,0.0,0.0,0.0,0.0
1292,1786799590,136364083,1786799590.136364,5.901596694316957,1.7336408843619164,0.7255501538170579,0.0,0.0,0.0,1.0,0.12228809651328189,-0.04841007987161804,0.0,0.0,0.0,0.0
1293,1786799590,436308176,1786799590.436308,5.935090437797708,1.7188891392650474,0.7263051151395233,0.0,0.0,0.0,1.0,0.11792739481089468,-0.04941370984400693,0.0,0.0,0.0,0.0
1294,1786799591,203017134,1786799591.203017,6.030503028061556,1.6917964002268397,0.727769330712639,0.0,0.0,0.0,1.0,0.12729906822549306,-0.03575085340208853,0.0,0.0,0.0,0.0
1295,1786799591,536344532,1786799591.536345,6.07748921988734,1.6826577409073407,0.7289340648016728,0.0,0.0,0.0,1.0,0.13847439071296178,-0.03619549250836246,0.0,0.0,0.0,0.0
1296,1786799592,69778953,1786799592.069779,6.155670446835593,1.6832427938232777,0.7285438747881627,0.0,0.0,0.0,1.0,0.14524102803622585,-0.020701036852071815,0.0,0.0,0.0,0.0
1297,1786799592,303002972,1786799592.303003,6.19450837291344,1.684470414643211,0.72754316938288,0.0,0.0,0.0,1.0,0.14645456983278243,-0.02792228414919644,0.0,0.0,0.0,0.0
1298,1786799592,536422399,1786799592.536422,6.218750051129,1.682703786098155,0.7285060955818146,0.0,0.0,0.0,1.0,0.14143908056442647,-0.03869580297883246,0.0,0.0,0.0,0.0
1299,1786799592,903062461,1786799592.903062,6.2599024746442,1.6700605879301418,0.7275747548999051,0.0,0.0,0.0,1.0,0.1252043375765427,-0.050168745848682555,0.0,0.0,0.0,0.0
1300,1786799593,269734394,1786799593.269734,6.292332638556022,1.6408489108655622,0.7244640083050796,0.0,0.0,0.0,1.0,0.11260131414646578,-0.07177704291035833,0.0,0.0,0.0,0.0
1301,1786799593,503087329,1786799593.503087,6.312347999883681,1.6148423045755855,0.7258134759733991,0.0,0.0,0.0,1.0,0.10782118198754707,-0.0872549567571635,0.0,0.0,0.0,0.0
1302,1786799594,303090299,1786799594.303090,6.383730386228329,1.50414259353344,0.7232727981915367,0.0,0.0,0.0,1.0,0.08046936625587482,-0.11168352886775057,0.0,0.0,0.0,0.0
1303,1786799594,603108865,1786799594.603109,6.4199752206811525,1.4852802288833145,0.72378962831473,0.0,0.0,0.0,1.0,0.09312907088178039,-0.09441700706789052,0.0,0.0,0.0,0.0
1304,1786799594,803108825,1786799594.803109,6.437695861376572,1.4641152706106308,0.7251788204988014,0.0,0.0,0.0,1.0,0.09946991187389405,-0.0979033312202237,0.0,0.0,0.0,0.0
1305,1786799595,36409802,1786799595.036410,6.468172303590219,1.4556180764305569,0.7264125448734008,0.0,0.0,0.0,1.0,0.10587848440601344,-0.08956664357063233,0.0,0.0,0.0,0.0
1306,1786799595,269702645,1786799595.269703,6.460013229741282,1.440143330339625,0.7275696746979194,0.0,0.0,0.0,1.0,0.10148530814819147,-0.08789232363730755,0.0,0.0,0.0,0.0
1307,1786799595,472190533,1786799595.472191,6.477866350865284,1.426328028693391,0.726617938657418,0.0,0.0,0.0,1.0,0.10422198644644218,-0.08761142792870337,0.0,0.0,0.0,0.0
1308,1786799595,903121944,1786799595.903122,6.51043863002673,1.3848728785724291,0.7256938366506972,0.0,0.0,0.0,1.0,0.10052369876348399,-0.09236519839756537,0.0,0.0,0.0,0.0
1309,1786799597,136483881,1786799597.136484,6.638429966310444,1.2853246754857235,0.7291319571065906,0.0,0.0,0.0,1.0,0.10635322791512393,-0.08727427968062994,0.0,0.0,0.0,0.0
1310,1786799597,569814569,1786799597.569815,6.694332515975905,1.262257626771608,0.7280208623857561,0.0,0.0,0.0,1.0,0.10783784039706142,-0.07145219978982299,0.0,0.0,0.0,0.0
1311,1786799598,436617799,1786799598.436618,6.679088707591493,1.2398940924132997,0.7275657616877953,0.0,0.0,0.0,1.0,0.09784640194550762,-0.07832797875566902,0.0,0.0,0.0,0.0
1312,1786799599,136493103,1786799599.136493,6.7551941821435655,1.1818482661988217,0.7270347809432596,0.0,0.0,0.0,1.0,0.06068591137292917,-0.047939253800642595,0.0,0.0,0.0,0.0
1313,1786799599,436629319,1786799599.436629,6.792562830087721,1.1615676204994827,0.7266444655744102,0.0,0.0,0.0,1.0,0.07327177872479826,-0.05182123052322134,0.0,0.0,0.0,0.0
1314,1786799600,3279542,1786799600.003279,6.8484677123210105,1.1338184312388755,0.728671891794072,0.0,0.0,0.0,1.0,0.0737540601558494,-0.048714931420732424,0.0,0.0,0.0,0.0
1315,1786799600,236514285,1786799600.236514,6.8871942052690045,1.1173669916930882,0.7273582782615109,0.0,0.0,0.0,1.0,0.09350936481573245,-0.06013979618626399,0.0,0.0,0.0,0.0
1316,1786799600,436633133,1786799600.436633,6.9116175021061785,1.1038745632169467,0.7265476035134935,0.0,0.0,0.0,1.0,0.1021847856242459,-0.06381524203937039,0.0,0.0,0.0,0.0
1317,1786799601,136568797,1786799601.136569,6.994388069684092,1.07288414486373,0.7259078217958289,0.0,0.0,0.0,1.0,0.11866622352803052,-0.05523860393618283,0.0,0.0,0.0,0.0
1318,1786799601,336616978,1786799601.336617,7.027764503014588,1.0647984939002058,0.7233582999286119,0.0,0.0,0.0,1.0,0.1291227288080873,-0.06463445318134038,0.0,0.0,0.0,0.0
1319,1786799601,703261941,1786799601.703262,7.0763960369303796,1.0338351549469276,0.7262952445012826,0.0,0.0,0.0,1.0,0.13234998992591523,-0.07545820899592746,0.0,0.0,0.0,0.0
1320,1786799602,36623388,1786799602.036623,7.127045516361278,1.0180597173299613,0.7296549888154339,0.0,0.0,0.0,1.0,0.13488305777563397,-0.0787695353565593,0.0,0.0,0.0,0.0
1321,1786799602,269863983,1786799602.269864,7.162994653402745,1.0066171035739369,0.7290870547265799,0.0,0.0,0.0,1.0,0.13051275853070687,-0.08411789130861981,0.0,0.0,0.0,0.0
1322,1786799602,503265010,1786799602.503265,7.196950882489769,0.9956789175569498,0.7263405887924667,0.0,0.0,0.0,1.0,0.12460285478456702,-0.08936271586142587,0.0,0.0,0.0,0.0
1323,1786799602,769929821,1786799602.769930,7.2256981490393954,0.9760672557882915,0.7259130233081067,0.0,0.0,0.0,1.0,0.1177427843802602,-0.09937338326063445,0.0,0.0,0.0,0.0
1324,1786799603,69885113,1786799603.069885,7.263579654841834,0.9406890646167554,0.7251635746171204,0.0,0.0,0.0,1.0,0.10290961600447501,-0.1116523524828479,0.0,0.0,0.0,0.0
1325,1786799603,270000594,1786799603.270001,7.279330288593059,0.8844004289940921,0.7241244862920098,0.0,0.0,0.0,1.0,0.09360500868541378,-0.12795364159083217,0.0,0.0,0.0,0.0
1326,1786799603,903354746,1786799603.903355,7.339888256765196,0.8071015314790548,0.7294192880821867,0.0,0.0,0.0,1.0,0.07940450707613554,-0.13824530315997285,0.0,0.0,0.0,0.0
1327,1786799604,470976571,1786799604.470977,7.380446467733478,0.7357553885251624,0.7268981326890915,0.0,0.0,0.0,1.0,0.0553054836983722,-0.1390423990438823,0.0,0.0,0.0,0.0
1328,1786799605,536717514,1786799605.536717,7.416157210091313,0.5773579306271004,0.7254290709660655,0.0,0.0,0.0,1.0,0.00861811494734596,-0.14543141433806972,0.0,0.0,0.0,0.0
1329,1786799606,169957199,1786799606.169957,7.388940524037885,0.45797545928761574,0.7249719056923298,0.0,0.0,0.0,1.0,-0.03718945938398789,-0.16086507689634286,0.0,0.0,0.0,0.0
1330,1786799606,536652282,1786799606.536652,7.3793493229111675,0.44424404835040177,0.723904852557777,0.0,0.0,0.0,1.0,-0.05120364029081528,-0.12556480462508043,0.0,0.0,0.0,0.0
1331,1786799606,836821633,1786799606.836822,7.368293808397599,0.4177538822899671,0.7241510592961926,0.0,0.0,0.0,1.0,-0.059364224633896484,-0.10421409336898192,0.0,0.0,0.0,0.0
1332,1786799607,103428038,1786799607.103428,7.3412835366730995,0.3572872286120736,0.7227322057852434,0.0,0.0,0.0,1.0,-0.08165231344934645,-0.11875715144492466,0.0,0.0,0.0,0.0
1333,1786799607,570071897,1786799607.570072,7.299750182570506,0.29653617395163767,0.7216489365097767,0.0,0.0,0.0,1.0,-0.1004730090350961,-0.11185576606208525,0.0,0.0,0.0,0.0
1334,1786799608,403371439,1786799608.403371,7.257403815564199,0.16628478835462568,0.7237007041848602,0.0,0.0,0.0,1.0,-0.13191101481302459,-0.10346483324529178,0.0,0.0,0.0,0.0
1335,1786799608,903433052,1786799608.903433,7.261785903576762,0.11499624757900717,0.7261141272810304,0.0,0.0,0.0,1.0,-0.11870298333552816,-0.06570900394770646,0.0,0.0,0.0,0.0
1336,1786799609,236778306,1786799609.236778,7.244101089321671,0.12317115556170677,0.7269779690500954,0.0,0.0,0.0,1.0,-0.12105256012154415,-0.03425926498234064,0.0,0.0,0.0,0.0
1337,1786799609,503361624,1786799609.503362,7.216727870192248,0.11247305261252505,0.7271005857591641,0.0,0.0,0.0,1.0,-0.11726562630507913,-0.00912345871959978,0.0,0.0,0.0,0.0
1338,1786799610,3512859,1786799610.003513,7.135098971711955,0.08097178184822695,0.720720952815883,0.0,0.0,0.0,1.0,-0.12462418041331566,0.001284672890552823,0.0,0.0,0.0,0.0
1339,1786799610,270094729,1786799610.270095,7.088635079598411,0.05805758072328793,0.7208651814919901,0.0,0.0,0.0,1.0,-0.13886897912912724,-0.0162392184723705,0.0,0.0,0.0,0.0
1340,1786799610,503340695,1786799610.503341,7.0437800642038795,0.03008945618532577,0.722447684244285,0.0,0.0,0.0,1.0,-0.13627506444982146,-0.02466115591527016,0.0,0.0,0.0,0.0
1341,1786799610,770073903,1786799610.770074,7.005357379846238,0.01369531945585134,0.7231413742261307,0.0,0.0,0.0,1.0,-0.12611918488599794,-0.03043836800344218,0.0,0.0,0.0,0.0
1342,1786799610,970089784,1786799610.970090,6.964537002951484,0.02794264617963993,0.7237675511973979,0.0,0.0,0.0,1.0,-0.11958682736464377,-0.029057675104677078,0.0,0.0,0.0,0.0
1343,1786799611,436887280,1786799611.436887,6.919086781999397,-0.00020244536294855564,0.726522377763885,0.0,0.0,0.0,1.0,-0.10688751294950463,-0.04661989057403898,0.0,0.0,0.0,0.0
1344,1786799611,803445526,1786799611.803446,6.89622891778297,-0.0047170118495074576,0.7276915386991893,0.0,0.0,0.0,1.0,-0.09898511015457125,-0.04444124818116623,0.0,0.0,0.0,0.0
1345,1786799612,36856234,1786799612.036856,6.891224195579497,-0.009801478389970697,0.7283040621524872,0.0,0.0,0.0,1.0,-0.09958346734238074,-0.04219835665771322,0.0,0.0,0.0,0.0
1346,1786799612,503536331,1786799612.503536,6.860866990038186,-0.027294670823658995,0.7255119780048753,0.0,0.0,0.0,1.0,-0.10464992043146606,-0.0446024421160008,0.0,0.0,0.0,0.0
1347,1786799613,103492745,1786799613.103493,6.783114884058957,-0.03904426093930069,0.7266384458757192,0.0,0.0,0.0,1.0,-0.10885099422697807,-0.04311138982571296,0.0,0.0,0.0,0.0
1348,1786799613,470130810,1786799613.470131,6.754925389249831,-0.06074184969451735,0.727725974517323,0.0,0.0,0.0,1.0,-0.10503939917123352,-0.05227803781831765,0.0,0.0,0.0,0.0
1349,1786799613,903583389,1786799613.903583,6.722125147436067,-0.09798739866012274,0.7274751696207189,0.0,0.0,0.0,1.0,-0.09881918830456381,-0.06514536268163333,0.0,0.0,0.0,0.0
1350,1786799614,136783883,1786799614.136784,6.7100608328873825,-0.11999720405601866,0.7288664690382326,0.0,0.0,0.0,1.0,-0.09850304535555378,-0.07063113557674891,0.0,0.0,0.0,0.0
1351,1786799614,436835153,1786799614.436835,6.6930985877024405,-0.14262454738913832,0.726984621557615,0.0,0.0,0.0,1.0,-0.09704976276114514,-0.07939615276606067,0.0,0.0,0.0,0.0
1352,1786799614,670189316,1786799614.670189,6.680540111318514,-0.1622031678746696,0.726691466113138,0.0,0.0,0.0,1.0,-0.09674406376246918,-0.07971576191073565,0.0,0.0,0.0,0.0
1353,1786799614,870216907,1786799614.870217,6.670377054401978,-0.17809896603537223,0.7254211043976079,0.0,0.0,0.0,1.0,-0.0984582071994657,-0.07863363881732366,0.0,0.0,0.0,0.0
1354,1786799615,103486994,1786799615.103487,6.658419484831512,-0.188770275978968,0.7248990812900774,0.0,0.0,0.0,1.0,-0.09522058161329454,-0.06939219108591187,0.0,0.0,0.0,0.0
1355,1786799615,337246495,1786799615.337246,6.640746485029702,-0.20791431783695002,0.7263557423028251,0.0,0.0,0.0,1.0,-0.09429813916382346,-0.07001680918466839,0.0,0.0,0.0,0.0
1356,1786799616,136789534,1786799616.136790,6.57232825020456,-0.2737691327947178,0.7262074742941479,0.0,0.0,0.0,1.0,-0.09675559247465956,-0.08084912723320849,0.0,0.0,0.0,0.0
1357,1786799616,470203728,1786799616.470204,6.549085546423473,-0.3076825218083781,0.7280225418578891,0.0,0.0,0.0,1.0,-0.091283430794776,-0.0846248454365246,0.0,0.0,0.0,0.0
1358,1786799617,3614912,1786799617.003615,6.505328564228957,-0.35802036982184315,0.7249826191912233,0.0,0.0,0.0,1.0,-0.08809990890180242,-0.08240143167058428,0.0,0.0,0.0,0.0
1359,1786799617,303672983,1786799617.303673,6.479663908225046,-0.38658137116023616,0.7255728592338366,0.0,0.0,0.0,1.0,-0.09312228416811492,-0.08047014138081549,0.0,0.0,0.0,0.0
1360,1786799617,603550941,1786799617.603551,6.449049111369366,-0.4093687529236518,0.7270027824916281,0.0,0.0,0.0,1.0,-0.09820414551032934,-0.07444033926766666,0.0,0.0,0.0,0.0
1361,1786799618,103554502,1786799618.103554,6.3984099474415075,-0.45041510905639837,0.7270814892106363,0.0,0.0,0.0,1.0,-0.10457522391321945,-0.07072246943473343,0.0,0.0,0.0,0.0
1362,1786799618,336844171,1786799618.336844,6.373392013235694,-0.4676246376639692,0.7279149731428328,0.0,0.0,0.0,1.0,-0.10616363504615851,-0.07078106331723558,0.0,0.0,0.0,0.0
1363,1786799618,603555547,1786799618.603555,6.344980944270379,-0.4913495586214025,0.7266228189889503,0.0,0.0,0.0,1.0,-0.11005616378150092,-0.0730920348374755,0.0,0.0,0.0,0.0
1364,1786799618,903656077,1786799618.903656,6.312085240887271,-0.5184697956331472,0.7272523335847045,0.0,0.0,0.0,1.0,-0.1060712986339849,-0.07704200888283896,0.0,0.0,0.0,0.0
1365,1786799619,903556563,1786799619.903557,6.274298026803471,-0.5469834784201317,0.7299296812805296,0.0,0.0,0.0,1.0,-0.11318718607604361,-0.0829869239804146,0.0,0.0,0.0,0.0
1366,1786799620,403606884,1786799620.403607,6.210375210912066,-0.588894127309874,0.7299633244406843,0.0,0.0,0.0,1.0,-0.10305363168178214,-0.07020287158708072,0.0,0.0,0.0,0.0
1367,1786799620,636926352,1786799620.636926,6.179851706155045,-0.6104965151006492,0.7280115254951135,0.0,0.0,0.0,1.0,-0.10702552143665787,-0.07132001234696786,0.0,0.0,0.0,0.0
1368,1786799621,70306292,1786799621.070306,6.128276044821078,-0.6480276480443341,0.7260076749070583,0.0,0.0,0.0,1.0,-0.11162801468900192,-0.07444000393707376,0.0,0.0,0.0,0.0
1369,1786799621,336970546,1786799621.336971,6.100779715288141,-0.6721383357053006,0.7253449032265529,0.0,0.0,0.0,1.0,-0.10883898166230983,-0.07294789883875791,0.0,0.0,0.0,0.0
1370,1786799621,537000602,1786799621.537001,6.08099969507165,-0.6904412879551249,0.7248011524018259,0.0,0.0,0.0,1.0,-0.1082863315507208,-0.06982760114287251,0.0,0.0,0.0,0.0
1371,1786799621,970378031,1786799621.970378,6.034449399040778,-0.7251347798790866,0.723111744192558,0.0,0.0,0.0,1.0,-0.11320478206605125,-0.06927508917924337,0.0,0.0,0.0,0.0
1372,1786799622,670419834,1786799622.670420,5.951600095545892,-0.7802202719805873,0.7270485145744311,0.0,0.0,0.0,1.0,-0.12108121691157964,-0.0685100402380026,0.0,0.0,0.0,0.0
1373,1786799622,903609960,1786799622.903610,5.928988943939533,-0.798065698020745,0.7282540836829793,0.0,0.0,0.0,1.0,-0.11635130597868983,-0.06936759598302877,0.0,0.0,0.0,0.0
1374,1786799623,270328264,1786799623.270328,5.889457771661192,-0.8310216792066725,0.7267930550292678,0.0,0.0,0.0,1.0,-0.12096624854422869,-0.0743501902766943,0.0,0.0,0.0,0.0
1375,1786799623,870382262,1786799623.870382,5.817900157697903,-0.8860230284838815,0.7265519109981099,0.0,0.0,0.0,1.0,-0.12343945148636276,-0.07781510808119141,0.0,0.0,0.0,0.0
1376,1786799624,170330804,1786799624.170331,5.786481285015288,-0.9113720757418686,0.7266477087484677,0.0,0.0,0.0,1.0,-0.11613230095413765,-0.07305339706284862,0.0,0.0,0.0,0.0
1377,1786799624,403685607,1786799624.403686,5.7567950845669955,-0.9317885516191271,0.7255305370712667,0.0,0.0,0.0,1.0,-0.11883796974931261,-0.07313418286349811,0.0,0.0,0.0,0.0
1378,1786799624,970345554,1786799624.970345,5.682804391616919,-0.9566194521919047,0.7277325046225868,0.0,0.0,0.0,1.0,-0.11816753408523602,-0.05957256648593158,0.0,0.0,0.0,0.0
1379,1786799625,370369330,1786799625.370369,5.6398092531288775,-0.9804539862934432,0.7287419689706538,0.0,0.0,0.0,1.0,-0.11422390924474869,-0.06335666547840639,0.0,0.0,0.0,0.0
1380,1786799625,970454871,1786799625.970455,5.615075354432552,-0.995999225439739,0.7280634055605261,0.0,0.0,0.0,1.0,-0.11559065680443062,-0.06416083495156666,0.0,0.0,0.0,0.0
1381,1786799626,236986212,1786799626.236986,5.6048962993130935,-1.021356746233356,0.7261331900204113,0.0,0.0,0.0,1.0,-0.06346078895855975,-0.04131308174700396,0.0,0.0,0.0,0.0
1382,1786799626,537151560,1786799626.537152,5.583935480679401,-1.0350237375039546,0.7248443283674928,0.0,0.0,0.0,1.0,-0.08439421790877412,-0.04294222820391728,0.0,0.0,0.0,0.0
1383,1786799627,3812388,1786799627.003812,5.546386348414,-1.0705463588071242,0.723824675910099,0.0,0.0,0.0,1.0,-0.08503225467747727,-0.03829176209991533,0.0,0.0,0.0,0.0
1384,1786799627,403779891,1786799627.403780,5.496375242251464,-1.0829936099672866,0.7228163246006487,0.0,0.0,0.0,1.0,-0.09779277047035789,-0.02442972038395264,0.0,0.0,0.0,0.0
1385,1786799627,903738842,1786799627.903739,5.450417568982019,-1.0621060665537705,0.7234840364442805,0.0,0.0,0.0,1.0,-0.10756308512513087,-0.012591304916070252,0.0,0.0,0.0,0.0
1386,1786799628,137055038,1786799628.137055,5.414363772903737,-1.0676688314211065,0.7240081153370417,0.0,0.0,0.0,1.0,-0.08734056998018695,-0.012882896217767979,0.0,0.0,0.0,0.0
1387,1786799628,670486778,1786799628.670487,5.362256126646976,-1.079141491688706,0.7244686589186256,0.0,0.0,0.0,1.0,-0.07947946598130162,-0.021405000019852745,0.0,0.0,0.0,0.0
1388,1786799628,903773113,1786799628.903773,5.331078942534742,-1.0834677145881464,0.7263762712145702,0.0,0.0,0.0,1.0,-0.08831047253514272,-0.02593655136728504,0.0,0.0,0.0,0.0
1389,1786799629,370460723,1786799629.370461,5.296669643957994,-1.0954483979075633,0.7303518451307597,0.0,0.0,0.0,1.0,-0.09318920077102011,-0.0290229674864354,0.0,0.0,0.0,0.0
1390,1786799630,570497497,1786799630.570498,5.148764360125867,-1.0515473273608966,0.727767305907828,0.0,0.0,0.0,1.0,-0.11692432283355783,0.012314939487235284,0.0,0.0,0.0,0.0
1391,1786799631,170511146,1786799631.170511,5.082502598554274,-1.0631781255581374,0.7269774988003247,0.0,0.0,0.0,1.0,-0.13492969958130457,-0.008813907142450443,0.0,0.0,0.0,0.0
1392,1786799631,770569215,1786799631.770569,5.016558534743609,-1.055794822517167,0.7246513607681935,0.0,0.0,0.0,1.0,-0.11963477266266494,-0.01540506025353122,0.0,0.0,0.0,0.0
1393,1786799632,3805692,1786799632.003806,4.984940813064881,-1.0604388098355924,0.72614610379212,0.0,0.0,0.0,1.0,-0.12239619692695174,-0.027450882925344415,0.0,0.0,0.0,0.0
1394,1786799632,537146976,1786799632.537147,4.938256715071908,-1.0731508834602925,0.7271125265684465,0.0,0.0,0.0,1.0,-0.11590283828872518,-0.03840364467319499,0.0,0.0,0.0,0.0
1395,1786799633,170583421,1786799633.170583,4.865573478841156,-1.0972227871057059,0.7246907715564808,0.0,0.0,0.0,1.0,-0.11185106939697166,-0.04544051888043656,0.0,0.0,0.0,0.0
1396,1786799633,570506054,1786799633.570506,4.816878027050986,-1.1102686680064524,0.726669698145189,0.0,0.0,0.0,1.0,-0.11866831098874653,-0.045702337557646855,0.0,0.0,0.0,0.0
1397,1786799633,970652604,1786799633.970653,4.772023756453013,-1.1245593975101935,0.7275875347110353,0.0,0.0,0.0,1.0,-0.11308083168097523,-0.041582402798959826,0.0,0.0,0.0,0.0
1398,1786799634,670696014,1786799634.670696,4.741932613445041,-1.1351293277251808,0.7272329451481029,0.0,0.0,0.0,1.0,-0.11360893633838519,-0.03898215501776896,0.0,0.0,0.0,0.0
1399,1786799634,903887404,1786799634.903888,4.741932613445041,-1.1351293277251808,0.7272329451481029,0.0,0.0,0.0,1.0,-0.11360893633838519,-0.03898215501776896,0.0,0.0,0.0,0.0
1400,1786799635,137214314,1786799635.137214,4.6741052725602685,-1.1488034034197219,0.7283361264434207,0.0,0.0,0.0,1.0,-0.10946374012461116,-0.036323476618955776,0.0,0.0,0.0,0.0
1401,1786799635,604007926,1786799635.604008,4.649342924316457,-1.1574250013448943,0.7263434004555603,0.0,0.0,0.0,1.0,-0.11644758900352654,-0.03825952068921641,0.0,0.0,0.0,0.0
1402,1786799636,103994910,1786799636.103995,4.649342924316457,-1.1574250013448943,0.7263434004555603,0.0,0.0,0.0,1.0,-0.11644758900352654,-0.03825952068921641,0.0,0.0,0.0,0.0
1403,1786799636,437670911,1786799636.437671,4.602314528996853,-1.1717683635468124,0.7266234939524202,0.0,0.0,0.0,1.0,-0.1334912518781312,-0.043885778230513595,0.0,0.0,0.0,0.0
1404,1786799636,670663471,1786799636.670663,4.575488744893249,-1.1798702975460895,0.7255035824764549,0.0,0.0,0.0,1.0,-0.12848234936563604,-0.039467554165085135,0.0,0.0,0.0,0.0
1405,1786799637,137324787,1786799637.137325,4.519005577609892,-1.1961726172645541,0.7248825346407876,0.0,0.0,0.0,1.0,-0.13504587718177727,-0.03872692771642932,0.0,0.0,0.0,0.0
1406,1786799637,770668787,1786799637.770669,4.437064935778103,-1.2190767270542078,0.7244619553595432,0.0,0.0,0.0,1.0,-0.13355696028040182,-0.03312640266591219,0.0,0.0,0.0,0.0
1407,1786799638,3931764,1786799638.003932,4.413018606212926,-1.2273748571918164,0.724787473442697,0.0,0.0,0.0,1.0,-0.1291059591307845,-0.032521578608830086,0.0,0.0,0.0,0.0
1408,1786799638,603986766,1786799638.603987,4.384228949733057,-1.2347092167906049,0.7256212503789955,0.0,0.0,0.0,1.0,-0.13145494761214457,-0.03280105894066727,0.0,0.0,0.0,0.0
1409,1786799638,870757723,1786799638.870758,4.384228949733057,-1.2347092167906049,0.7256212503789955,0.0,0.0,0.0,1.0,-0.13145494761214457,-0.03280105894066727,0.0,0.0,0.0,0.0
1410,1786799639,304076214,1786799639.304076,4.300609977525257,-1.257164774530069,0.7247050577063586,0.0,0.0,0.0,1.0,-0.10106107995706909,-0.029524941635973023,0.0,0.0,0.0,0.0
1411,1786799639,637415342,1786799639.637415,4.260044232403718,-1.26898758261321,0.7265405142696505,0.0,0.0,0.0,1.0,-0.10322929799314058,-0.031015914062973438,0.0,0.0,0.0,0.0
1412,1786799639,870721704,1786799639.870722,4.23069163562835,-1.2771305727303945,0.727461266603787,0.0,0.0,0.0,1.0,-0.1072854184576017,-0.03087606448939715,0.0,0.0,0.0,0.0
1413,1786799640,137305905,1786799640.137306,4.199328909249507,-1.285801019502904,0.726477984007833,0.0,0.0,0.0,1.0,-0.10940755063437016,-0.030300553482127655,0.0,0.0,0.0,0.0
1414,1786799640,903943964,1786799640.903944,4.17679945818792,-1.2915166970733423,0.7258028400271097,0.0,0.0,0.0,1.0,-0.10845593114693673,-0.029665128329212493,0.0,0.0,0.0,0.0
1415,1786799641,137321916,1786799641.137322,4.17679945818792,-1.2915166970733423,0.7258028400271097,0.0,0.0,0.0,1.0,-0.10845593114693673,-0.029665128329212493,0.0,0.0,0.0,0.0
1416,1786799641,537422661,1786799641.537423,4.104738725024559,-1.3119559444918454,0.7269832431549295,0.0,0.0,0.0,1.0,-0.0973916271608766,-0.03029892009086636,0.0,0.0,0.0,0.0
1417,1786799642,104005647,1786799642.104006,4.039910383954233,-1.3303772207617004,0.7294961061692402,0.0,0.0,0.0,1.0,-0.11091076231497347,-0.03077569343559227,0.0,0.0,0.0,0.0
1418,1786799642,404069599,1786799642.404070,4.005608932645217,-1.340598053477775,0.7289138889117022,0.0,0.0,0.0,1.0,-0.11362302533353694,-0.03450563573918269,0.0,0.0,0.0,0.0
1419,1786799642,870764419,1786799642.870764,3.9508113915708574,-1.3569338066801757,0.7270160173014933,0.0,0.0,0.0,1.0,-0.1170868579849787,-0.034090981585091544,0.0,0.0,0.0,0.0
1420,1786799643,104058693,1786799643.104059,3.922109187161542,-1.364232246766743,0.7258759631874518,0.0,0.0,0.0,1.0,-0.11965085004040565,-0.036364950961524235,0.0,0.0,0.0,0.0
1421,1786799643,370903711,1786799643.370904,3.8884320132070194,-1.374837580267263,0.7241413928540097,0.0,0.0,0.0,1.0,-0.12073252016225075,-0.03546224195870177,0.0,0.0,0.0,0.0
1422,1786799643,604024743,1786799643.604025,3.8620563969007566,-1.3826928388691666,0.7234015342405608,0.0,0.0,0.0,1.0,-0.09830919162674562,-0.032438102933240384,0.0,0.0,0.0,0.0
1423,1786799643,804057822,1786799643.804058,3.8429203644592036,-1.3894756692829526,0.7220411654909549,0.0,0.0,0.0,1.0,-0.07924597759835175,-0.026841877086589975,0.0,0.0,0.0,0.0
1424,1786799644,70742056,1786799644.070742,3.8226869475976333,-1.3950435879151093,0.7221832052721422,0.0,0.0,0.0,1.0,-0.06367164675968312,-0.023442608358080992,0.0,0.0,0.0,0.0
1425,1786799644,937371954,1786799644.937372,3.722414435729915,-1.3514522115978713,0.7239557241270906,0.0,0.0,0.0,1.0,-0.02798186412731553,-0.009964263474803399,0.0,0.0,0.0,0.0
1426,1786799645,270781153,1786799645.270781,3.6533625189434122,-1.3538419182688992,0.7258737674488063,0.0,0.0,0.0,1.0,-0.015583870360079636,-0.0038179686167347368,0.0,0.0,0.0,0.0
1427,1786799645,570737311,1786799645.570737,3.6225964082907165,-1.3422143278821843,0.7277586578489472,0.0,0.0,0.0,1.0,-0.009210788424303226,-0.0030746042650250157,0.0,0.0,0.0,0.0
